{"id": "chunk_4_26", "ix": 4, "iy": 26, "tile_proj_bounds": [384147.2182111981, 6115438.107330536, 385647.2182111981, 6116938.107330536], "roads": [], "buildings": [{"min_proj": [385624.06534163235, 6115715.518879422], "max_proj": [385666.21529010154, 6115750.76892486], "height_m": 3.0}]}