{"id": "chunk_8_40", "ix": 8, "iy": 40, "tile_proj_bounds": [390147.2182111981, 6136438.107330536, 391647.2182111981, 6137938.107330536], "roads": [], "buildings": [{"min_proj": [390108.83593369124, 6137722.074751228], "max_proj": [390155.29685044545, 6137789.988397676], "height_m": 3.0}, {"min_proj": [390120.51183823776, 6137833.728960319], "max_proj": [390174.41491343745, 6137899.049611744], "height_m": 3.0}]}