{"id": "chunk_3_20", "ix": 3, "iy": 20, "tile_proj_bounds": [382647.2182111981, 6106438.107330536, 384147.2182111981, 6107938.107330536], "roads": [{"pts_proj": [[387821.531167545, 6108140.97543854], [387762.1987681476, 6108285.199448086], [387599.32446503796, 6108674.320390661], [387567.5995593702, 6108661.182106987], [387547.7810655176, 6108652.753448343], [384684.4834141463, 6107442.010138237], [384615.04338056745, 6107413.14569751], [384572.6195519359, 6107397.566251382], [384547.89177247015, 6107390.836394221], [384516.71197920386, 6107385.186837129], [384481.06795645546, 6107381.445741116], [384438.8811414428, 6107381.192428659], [384394.84308892477, 6107384.884320968], [384348.5497228573, 6107394.658493716], [384302.85742096463, 6107410.117983903], [384071.45812413975, 6107495.793671462], [383882.1583289096, 6107566.8458044985], [383840.39446150203, 6107582.519535331], [383811.6985022734, 6107591.083589548], [383786.57431687135, 6107598.051620901], [383761.55223031534, 6107603.057598848], [383725.80696119455, 6107607.152226332], [383707.31695346185, 6107608.536604532], [383689.4109506259, 6107609.304593831], [383614.83329716243, 6107608.546481643], [383598.76222843735, 6107608.198067791]], "width_m": 10.0, "highway": "tertiary"}, {"pts_proj": [[383598.76222843735, 6107608.198067791], [383614.83329716243, 6107608.546481643], [383689.4109506259, 6107609.304593831], [383707.31695346185, 6107608.536604532], [383725.80696119455, 6107607.152226332], [383761.55223031534, 6107603.057598848], [383786.57431687135, 6107598.051620901], [383811.6985022734, 6107591.083589548], [383840.39446150203, 6107582.519535331], [383882.1583289096, 6107566.8458044985], [384071.45812413975, 6107495.793671462], [384302.85742096463, 6107410.117983903], [384348.5497228573, 6107394.658493716], [384394.84308892477, 6107384.884320968], [384438.8811414428, 6107381.192428659], [384481.06795645546, 6107381.445741116], [384516.71197920386, 6107385.186837129], [384547.89177247015, 6107390.836394221], [384572.6195519359, 6107397.566251382], [384615.04338056745, 6107413.14569751], [384684.4834141463, 6107442.010138237], [387547.7810655176, 6108652.753448343], [387567.5995593702, 6108661.182106987], [387599.32446503796, 6108674.320390661], [387762.1987681476, 6108285.199448086], [387821.531167545, 6108140.97543854]], "width_m": 10.0, "highway": "tertiary"}, {"pts_proj": [[383360.46707970486, 6104456.258793386], [383370.64468416065, 6104493.914031417], [383379.69193937775, 6104519.129102265], [383381.3933159586, 6104533.135343237], [383373.23935217096, 6104578.484557094], [383371.2074550328, 6104594.592482065], [383369.9982707192, 6104628.23673996], [383372.3911482387, 6104671.862807169], [383380.9468746127, 6104765.997201234], [383389.5628156541, 6104844.364716069], [383479.196745498, 6105662.219464474], [383512.3802692273, 6105958.644658295], [383579.8344843111, 6106566.586916017], [383648.34895871836, 6107173.333391044], [383656.85490123683, 6107254.832830973], [383663.62887052505, 6107297.877089872], [383664.49071540684, 6107317.683749616], [383662.6297034887, 6107336.147513052], [383652.92706192844, 6107358.456742608], [383638.413197814, 6107374.745815013], [383619.1092302301, 6107389.734925734], [383601.3263834375, 6107399.162060472]], "width_m": 10.0, "highway": "tertiary"}, {"pts_proj": [[383601.3263834375, 6107399.162060472], [383619.1092302301, 6107389.734925734], [383638.413197814, 6107374.745815013], [383652.92706192844, 6107358.456742608], [383662.6297034887, 6107336.147513052], [383664.49071540684, 6107317.683749616], [383663.62887052505, 6107297.877089872], [383656.85490123683, 6107254.832830973], [383648.34895871836, 6107173.333391044], [383579.8344843111, 6106566.586916017], [383512.3802692273, 6105958.644658295], [383479.196745498, 6105662.219464474], [383389.5628156541, 6104844.364716069], [383380.9468746127, 6104765.997201234], [383372.3911482387, 6104671.862807169], [383369.9982707192, 6104628.23673996], [383371.2074550328, 6104594.592482065], [383373.23935217096, 6104578.484557094], [383379.9577033095, 6104545.175004665], [383379.69193937775, 6104519.129102265], [383370.64468416065, 6104493.914031417], [383360.46707970486, 6104456.258793386]], "width_m": 10.0, "highway": "tertiary"}, {"pts_proj": [[383601.3263834375, 6107399.162060472], [383584.70181410626, 6107403.315020571], [383564.68993736693, 6107404.39457254], [383137.13224774925, 6107412.002107937], [383096.6832724002, 6107412.7958956435], [382875.28195189143, 6107417.117952088], [382845.4335660019, 6107417.045307843], [382817.8263305133, 6107414.79850238], [382787.91393365164, 6107409.138753329], [382759.5215794589, 6107397.438083728], [382739.5378697335, 6107386.974837646], [382654.6654225679, 6107326.881931766], [382567.6401219317, 6107269.252196765], [382484.47981143615, 6107210.586910885], [382443.81389629724, 6107182.422022759], [382405.75745973934, 6107155.658294442], [382294.80904105236, 6107077.276845187], [382267.9754134492, 6107061.874970653], [382243.713527274, 6107052.228302632], [382220.23785742966, 6107046.001346064], [382191.9298085704, 6107042.229227607], [382167.2997807107, 6107041.611125341], [382114.9591849352, 6107042.917398238], [382001.64480582345, 6107043.8119377], [381922.3621862461, 6107046.167929019], [381868.64077941154, 6107047.413476345], [381844.66783642094, 6107048.705900487]], "width_m": 10.0, "highway": "tertiary"}, {"pts_proj": [[381844.66783642094, 6107048.705900487], [381868.64077941154, 6107047.413476345], [381922.3621862461, 6107046.167929019], [382001.64480582345, 6107043.8119377], [382114.9591849352, 6107042.917398238], [382167.2997807107, 6107041.611125341], [382191.9298085704, 6107042.229227607], [382220.23785742966, 6107046.001346064], [382243.713527274, 6107052.228302632], [382267.9754134492, 6107061.874970653], [382294.80904105236, 6107077.276845187], [382405.75745973934, 6107155.658294442], [382443.81389629724, 6107182.422022759], [382484.47981143615, 6107210.586910885], [382567.6401219317, 6107269.252196765], [382654.6654225679, 6107326.881931766], [382730.8592937015, 6107380.823547029], [382759.5215794589, 6107397.438083728], [382787.91393365164, 6107409.138753329], [382817.8263305133, 6107414.79850238], [382845.4335660019, 6107417.045307843], [382875.28195189143, 6107417.117952088], [383096.6832724002, 6107412.7958956435], [383137.13224774925, 6107412.002107937], [383564.68993736693, 6107404.39457254], [383584.70181410626, 6107403.315020571], [383601.3263834375, 6107399.162060472]], "width_m": 10.0, "highway": "tertiary"}, {"pts_proj": [[383601.3263834375, 6107399.162060472], [383600.65394847293, 6107479.977112679]], "width_m": 10.0, "highway": "tertiary"}, {"pts_proj": [[383600.65394847293, 6107479.977112679], [383601.3263834375, 6107399.162060472]], "width_m": 10.0, "highway": "tertiary"}, {"pts_proj": [[383600.65394847293, 6107479.977112679], [383600.368916088, 6107500.103212455], [383598.76222843735, 6107608.198067791]], "width_m": 10.0, "highway": "tertiary"}, {"pts_proj": [[383598.76222843735, 6107608.198067791], [383600.30106353835, 6107505.081763335], [383600.65394847293, 6107479.977112679]], "width_m": 10.0, "highway": "tertiary"}, {"pts_proj": [[383600.65394847293, 6107479.977112679], [383556.4450853164, 6107497.610111999], [383516.826832516, 6107512.317852066], [383471.6875058288, 6107527.303942747], [383341.32320167014, 6107568.447437692], [383216.5428088722, 6107606.019279305], [383108.0965903297, 6107638.078006943], [383085.1626315794, 6107644.7810408715], [383059.7449006909, 6107652.195142177], [382927.0548943258, 6107692.521377384], [382743.26308226923, 6107748.8037903635], [382684.38050001324, 6107766.809606845], [382667.1525369992, 6107772.941516728], [382649.0020528968, 6107791.066660302]], "width_m": 8.0,