{"id": "chunk_15_3", "ix": 15, "iy": 3, "tile_proj_bounds": [400647.2182111981, 6080938.107330536, 402147.2182111981, 6082438.107330536], "roads": [{"pts_proj": [[402160.51384980604, 6082080.86907207], [402154.32810815435, 6082066.22097035], [402144.5271554262, 6082041.488433743], [402143.89065047295, 6082026.407821237], [402157.6466824142, 6082006.082510387], [402192.87780586135, 6081979.434560341], [402226.84407741646, 6081951.278258424], [402241.06928796123, 6081938.033851064], [402250.8361300245, 6081918.719556499], [402260.5361866747, 6081882.163882197], [402267.4310826868, 6081858.292479472], [402321.6766141601, 6081768.69480829], [402359.8146114963, 6081707.889015335]], "width_m": 8.0, "highway": "unclassified"}, {"pts_proj": [[402359.8146114963, 6081707.889015335], [402321.6766141601, 6081768.69480829], [402267.4310826868, 6081858.292479472], [402260.5361866747, 6081882.163882197], [402250.8361300245, 6081918.719556499], [402241.06928796123, 6081938.033851064], [402226.84407741646, 6081951.278258424], [402192.87780586135, 6081979.434560341], [402157.6466824142, 6082006.082510387], [402143.89065047295, 6082026.407821237], [402144.5271554262, 6082041.488433743], [402154.32810815435, 6082066.22097035], [402160.51384980604, 6082080.86907207]], "width_m": 8.0, "highway": "unclassified"}], "buildings": [{"min_proj": [401450.9969847651, 6082280.514310763], "max_proj": [401467.6393830492, 6082294.6190270865], "height_m": 3.0}, {"min_proj": [401568.4492794529, 6082405.853319548], "max_proj": [401620.6032257888, 6082429.474781231], "height_m": 3.0}]}