{"id": "chunk_3_15", "ix": 3, "iy": 15, "tile_proj_bounds": [382647.2182111981, 6098938.107330536, 384147.2182111981, 6100438.107330536], "roads": [], "buildings": [{"min_proj": [383879.9273798783, 6098915.688361027], "max_proj": [383911.389496817, 6098954.872610534], "height_m": 3.0}, {"min_proj": [383801.34680607566, 6098923.06916422], "max_proj": [383834.3612779531, 6098953.975235809], "height_m": 3.0}, {"min_proj": [383819.0611660433, 6098932.427004957], "max_proj": [383864.7733126849, 6098973.19322484], "height_m": 3.0}]}