{"id": "chunk_6_21", "ix": 6, "iy": 21, "tile_proj_bounds": [387147.2182111981, 6107938.107330536, 388647.2182111981, 6109438.107330536], "roads": [{"pts_proj": [[387821.531167545, 6108140.97543854], [387762.1987681476, 6108285.199448086], [387599.32446503796, 6108674.320390661], [387567.5995593702, 6108661.182106987], [387547.7810655176, 6108652.753448343], [384684.4834141463, 6107442.010138237], [384615.04338056745, 6107413.14569751], [384572.6195519359, 6107397.566251382], [384547.89177247015, 6107390.836394221], [384516.71197920386, 6107385.186837129], [384481.06795645546, 6107381.445741116], [384438.8811414428, 6107381.192428659], [384394.84308892477, 6107384.884320968], [384348.5497228573, 6107394.658493716], [384302.85742096463, 6107410.117983903], [384071.45812413975, 6107495.793671462], [383882.1583289096, 6107566.8458044985], [383840.39446150203, 6107582.519535331], [383811.6985022734, 6107591.083589548], [383786.57431687135, 6107598.051620901], [383761.55223031534, 6107603.057598848], [383725.80696119455, 6107607.152226332], [383707.31695346185, 6107608.536604532], [383689.4109506259, 6107609.304593831], [383614.83329716243, 6107608.546481643], [383598.76222843735, 6107608.198067791]], "width_m": 10.0, "highway": "tertiary"}, {"pts_proj": [[383598.76222843735, 6107608.198067791], [383614.83329716243, 6107608.546481643], [383689.4109506259, 6107609.304593831], [383707.31695346185, 6107608.536604532], [383725.80696119455, 6107607.152226332], [383761.55223031534, 6107603.057598848], [383786.57431687135, 6107598.051620901], [383811.6985022734, 6107591.083589548], [383840.39446150203, 6107582.519535331], [383882.1583289096, 6107566.8458044985], [384071.45812413975, 6107495.793671462], [384302.85742096463, 6107410.117983903], [384348.5497228573, 6107394.658493716], [384394.84308892477, 6107384.884320968], [384438.8811414428, 6107381.192428659], [384481.06795645546, 6107381.445741116], [384516.71197920386, 6107385.186837129], [384547.89177247015, 6107390.836394221], [384572.6195519359, 6107397.566251382], [384615.04338056745, 6107413.14569751], [384684.4834141463, 6107442.010138237], [387547.7810655176, 6108652.753448343], [387567.5995593702, 6108661.182106987], [387599.32446503796, 6108674.320390661], [387762.1987681476, 6108285.199448086], [387821.531167545, 6108140.97543854]], "width_m": 10.0, "highway": "tertiary"}, {"pts_proj": [[388163.42969283595, 6107653.736029856], [388128.6615195649, 6107639.0890272865], [388070.65431287314, 6107614.672031833], [388048.71338282037, 6107611.337732513], [388033.9938113784, 6107633.217159478], [387955.78642694, 6107820.675439091], [387907.7716934486, 6107937.12429598], [387897.66496844485, 6107961.638126335], [387835.5284862347, 6108107.000298578], [387821.531167545, 6108140.97543854]], "width_m": 10.0, "highway": "tertiary"}, {"pts_proj": [[387821.531167545, 6108140.97543854], [387835.5284862347, 6108107.000298578], [387897.66496844485, 6107961.638126335], [387907.7716934486, 6107937.12429598], [387955.78642694, 6107820.675439091], [388033.9938113784, 6107633.217159478], [388042.24996213295, 6107616.287459756], [388057.68206154753, 6107610.822931491], [388128.6615195649, 6107639.0890272865], [388163.42969283595, 6107653.736029856]], "width_m": 10.0, "highway": "tertiary"}, {"pts_proj": [[388050.32261137525, 6108465.078278788], [388034.23778596765, 6108457.911894382], [387943.58092240524, 6108420.011350916], [387784.39837631164, 6108352.887611835], [387792.4158209396, 6108334.939089066], [387839.4984652582, 6108221.328843614], [387856.34450637625, 6108182.116166885], [387862.1583828742, 6108163.321468329], [387821.531167545, 6108140.97543854]], "width_m": 8.0, "highway": "unclassified"}, {"pts_proj": [[387821.531167545, 6108140.97543854], [387862.0114077012, 6108157.736230977], [387859.9144195844, 6108173.320027845], [387839.4984652582, 6108221.328843614], [387792.4158209396, 6108334.939089066], [387784.39837631164, 6108352.887611835], [387943.58092240524, 6108420.011350916], [388034.23778596765, 6108457.911894382], [388050.32261137525, 6108465.078278788]], "width_m": 8.0, "highway": "unclassified"}, {"pts_proj": [[388634.9611757729, 6107914.233881543], [388335.91103454237, 6107787.229018943], [388252.9097634943, 6107985.478759851], [388246.03248334455, 6108001.905888518], [388233.31311138236, 6108029.457027996], [388199.3941799297, 6108109.822189619]], "width_m": 8.0, "highway": "unclassified"}, {"pts_proj": [[388199.3941799297, 6108109.822189619], [388233.31311138236, 6108029.457027996], [388246.03248334455, 6108001.905888518], [388252.9097634943, 6107985.478759851], [388335.91103454237, 6107787.229018943], [388634.9611757729, 6107914.233881543]], "width_m": 8.0, "highway": "unclassified"}, {"pts_proj": [[388499.3527395916, 6108234.768314745], [388533.06906923954, 6108155.067515561], [388552.2027886034, 6108109.844165291], [388589.4710016954, 6108021.760739594], [388634.9611757729, 6107914.233881543]], "width_m": 8.0, "highway": "unclassified"}, {"pts_proj": [[388634.9611757729, 6107914.233881543], [388589.4710016954, 6108021.760739594], [388552.2027886034, 6108109.844165291], [388533.06906923954, 6108155.067515561], [388499.3527395916, 6108234.768314745]], "width_m": 8.0, "highway": "unclassified"}, {"pts_proj": [[388499.3527395916, 6108234.768314745], [388199.3941799297, 6108109.822189619]], "width_m": 8.0, "highway": "unclassified"}, {"pts_proj": [[388199.3941799297, 6108109.822189619], [388499.3527395916, 6108234.768314745]], "width_m": 8.0, "highway": "unclassified"}, {"pts_proj": [[388199.3941799297, 6108109.822189619], [388165.91593798297, 6108189.130070975], [388050.32261137525, 6108465.078278788]], "width_m": 8.0, "highway": "unclassified"}, {"pts_proj": [[388050.32261137525, 6108465.078278788], [388165.91593798297, 6108189.130070975], [388199.3941799297, 6108109.822189619]], "width_m": 8.0, "highway": "unclassified"}, {"pts_proj": [[388499.3527395916, 6108234.768314745], [388780.9876276199, 6108353.021659126]], "width_m": 8.0, "highway": "unclassified"}, {"pts_proj": [[388780.9876276199, 6108353.021659126], [388499.3527395916, 6108234.768314745]], "width_m": 8.0, "highway": "unclassified"}, {"pts_proj": [[388349.254998296, 6108590.050575459], [388438.2805462833, 6108379.126332386], [388499.3527395916, 6108234.768314745]], "width_m": 8.0, "highway": "unclassified"}, {"pts_proj": [[388499.3527395916, 6108234.768314745], [388438.2805462833, 6108379.126332386], [388349.254998296, 6108590.050575459]], "width_m": 8.0, "highway": "unclassified"}, {"pts_proj": [[388349.254998296, 6108590.050575459], [388050.32261137525, 6108465.078278788]], "width_m": 8.0, "highway": "unclassified"}, {"pts_proj": [[388050.32261137525, 6108465.078278788], [388349.254998296, 6108590.050575459]], "width_m": 8.0, "highway": "unclassified"}, {"pts_proj": [[388631.3917401939, 6108711.4542638315], [388688.9196127794, 6108573.61134155], [388780.9876276199, 6108353.021659126]], "width_m": 8.0, "highway": "unclassified"}, {"pts_proj": [[388780.9876276199, 6108353.021659126], [388688.9196127794, 6108573.61134155], [388631.3917401939, 6108711.4542638315]], "width_m": 8.0, "highway": "unclassified"}, {"pts_proj": [[388631.3917401939, 6108711.4542638315], [388349.254998296, 6108590.050575459]], "width_m": 8.0, "highway": "unclassified"}, {"pts_proj": [[388349.254998296, 6108590.050575459], [388631.3917401939, 6108711.4542638315]], "width_m": 8.0, "highway": "unclassified"}, {"pts_proj": [[388631.3917401939, 6108711.4542638315], [388914.2590828379, 6108830.05145689], [388947.5493619547, 6108844.006228954]], "width_m": 8.0, "highway": "unclassified"}, {"pts_proj": [[388947.5493619547, 6108844.006228954], [388914.2590828379, 6108830.05145689], [388631.3917401939, 6108711.4542638315]], "width_m": 8.0,