{"id": "chunk_11_10", "ix": 11, "iy": 10, "tile_proj_bounds": [394647.2182111981, 6091438.107330536, 396147.2182111981, 6092938.107330536], "roads": [{"pts_proj": [[395448.9549732016, 6092634.545294555], [395452.22282055963, 6092623.370024815], [395498.2007598084, 6092439.559042734], [395520.72807000816, 6092353.191785263], [395532.23588248424, 6092305.633069367], [395541.2017754468, 6092262.764743714], [395551.21065011004, 6092234.3998420015], [395556.5888562358, 6092204.38404519], [395565.35523974674, 6092174.912661638], [395572.9369950006, 6092140.503893881], [395580.49086835654, 6092096.377254414], [395577.66167865205, 6092058.270393083], [395570.58210101683, 6092019.728282662], [395560.77096497884, 6091980.515140705], [395552.9392528799, 6091948.458486477], [395547.1793956206, 6091929.990653125], [395540.1084051324, 6091914.904241444], [395506.75336002535, 6091863.449287434], [395494.8216053194, 6091847.040267343], [395480.79928940814, 6091822.297397448], [395456.6375571479, 6091758.883633343], [395439.5979537588, 6091725.09390391], [395428.6541938504, 6091707.40402359], [395416.85358752613, 6091693.897673991], [395404.48007533455, 6091679.725657263], [395377.7769589139, 6091645.80556521]], "width_m": 8.0, "highway": "unclassified"}, {"pts_proj": [[395377.7769589139, 6091645.80556521], [395404.48007533455, 6091679.725657263], [395416.85358752613, 6091693.897673991], [395428.6541938504, 6091707.40402359], [395439.5979537588, 6091725.09390391], [395456.6375571479, 6091758.883633343], [395480.79928940814, 6091822.297397448], [395494.8216053194, 6091847.040267343], [395503.98703523976, 6091859.639766488], [395540.1084051324, 6091914.904241444], [395547.1793956206, 6091929.990653125], [395552.9392528799, 6091948.458486477], [395560.77096497884, 6091980.515140705], [395570.58210101683, 6092019.728282662], [395577.66167865205, 6092058.270393083], [395580.49086835654, 6092096.377254414], [395573.6609111248, 6092137.214103676], [395565.35523974674, 6092174.912661638], [395556.5888562358, 6092204.38404519], [395551.21065011004, 6092234.3998420015], [395541.2017754468, 6092262.764743714], [395532.23588248424, 6092305.633069367], [395520.72807000816, 6092353.191785263], [395498.2007598084, 6092439.559042734], [395453.54931875877, 6092618.741386176], [395448.9549732016, 6092634.545294555]], "width_m": 8.0, "highway": "unclassified"}, {"pts_proj": [[395190.66305962385, 6092556.823279], [395221.7175158714, 6092564.189795946], [395360.1712661357, 6092607.641534417], [395429.29448559997, 6092628.814775625], [395448.9549732016, 6092634.545294555]], "width_m": 10.0, "highway": "tertiary"}, {"pts_proj": [[395448.9549732016, 6092634.545294555], [395429.29448559997, 6092628.814775625], [395370.4417268304, 6092610.841452516], [395230.8265448271, 6092566.737500944], [395198.00653282745, 6092557.542000467], [395190.66305962385, 6092556.823279]], "width_m": 10.0, "highway": "tertiary"}, {"pts_proj": [[395448.9549732016, 6092634.545294555], [395473.64889821596, 6092646.848954406], [395484.53325315425, 6092661.267357018], [395487.48864539206, 6092679.232813149], [395482.9598391489, 6092700.590208401], [395475.93519614224, 6092719.278439193], [395466.1899208951, 6092745.967576586], [395456.8702293408, 6092765.644542091], [395446.42794895533, 6092783.043341436], [395431.64375003485, 6092803.181937419], [395421.07237355196, 6092816.142000199], [395407.13444936764, 6092830.828320198], [395391.41627044504, 6092844.142466084], [395375.50397970376, 6092854.90075877], [395351.23486108094, 6092868.136555592], [395326.46890633524, 6092878.467418893], [395286.99039382796, 6092890.867991961], [395256.03101592424, 6092900.331053049], [395227.51062069566, 6092909.202905459], [395191.040229995, 6092916.858347582], [395175.9427388733, 6092919.171076867], [395161.1799473738, 6092922.923232708], [395127.64467057656, 6092930.38801826]], "width_m": 10.0, "highway": "tertiary"}, {"pts_proj": [[395127.64467057656, 6092930.38801826], [395148.7903048335, 6092926.285892219], [395175.9427388733, 6092919.171076867], [395191.040229995, 6092916.858347582], [395215.3558884604, 6092912.481954218], [395256.03101592424, 6092900.331053049], [395285.0955553099, 6092891.446660372], [395326.46890633524, 6092878.467418893], [395351.23486108094, 6092868.136555592], [395375.50397970376, 6092854.90075877], [395391.41627044504, 6092844.142466084], [395407.13444936764, 6092830.828320198], [395421.07237355196, 6092816.142000199], [395431.64375003485, 6092803.181937419], [395446.42794895533, 6092783.043341436], [395456.8702293408, 6092765.644542091], [395464.7118052703, 6092749.586707157], [395475.93519614224, 6092719.278439193], [395482.9598391489, 6092700.590208401], [395487.48864539206, 6092679.232813149], [395484.53325315425, 6092661.267357018], [395473.64889821596, 6092646.848954406], [395457.79983814317, 6092638.134929768], [395448.9549732016, 6092634.545294555]], "width_m": 10.0, "highway": "tertiary"}, {"pts_proj": [[395335.40514877025, 6092685.980007924], [395448.56872553925, 6092721.409071143], [396064.80271640746, 6092911.330037668], [396083.06522208767, 6092916.795148497], [396109.62144528143, 6092924.22755619], [396127.2097303547, 6092928.239021383], [396166.10446610156, 6092931.46695956]], "width_m": 14.0, "highway": "primary"}, {"pts_proj": [[396136.04184024315, 6092939.61174323], [396107.327308526, 6092934.92328443], [396078.58216260513, 6092927.263388279], [395931.98677612515, 6092880.46142346], [395681.93633162044, 6092803.065794741], [395446.10589961306, 6092729.481884093], [395399.9423575327, 6092714.573928412], [395156.7520182496, 6092639.173027175], [395149.26181906834, 6092636.832483398]], "width_m": 14.0, "highway": "primary"}, {"pts_proj": [[396080.8990075841, 6092886.921745906], [396088.0818803535, 6092868.887670969], [396114.62540920894, 6092807.032872088], [396135.77867878205, 6092755.444826946], [396167.5691141359, 6092678.974431962], [396188.08675675764, 6092626.432914604], [396207.1271374007, 6092571.198338252], [396228.4113495985, 6092507.473582533], [396234.0918054617, 6092484.799044184], [396237.6565805261, 6092469.7657654], [396242.78637536603, 6092440.458019772], [396245.9582926249, 6092416.205178344], [396248.5538910951, 6092390.295848762], [396249.9762258126, 6092338.898481241], [396248.4491693456, 6092217.413727809], [396245.42733656097, 6092084.207924635], [396241.706261685, 6091925.792578112], [396239.5008405498, 6091812.617166725], [396238.8146169463, 6091778.846573002], [396238.4074912829, 6091756.847474171], [396238.2072277613, 6091739.6304669455]], "width_m": 12.0, "highway": "secondary"}, {"pts_proj": [[396238.2072277613, 6091739.6304669455], [396238.4074912829, 6091756.847474171], [396238.8146169463, 6091778.846573002], [396239.5008405498, 6091812.617166725], [396241.706261685, 6091925.792578112], [396245.18694589584, 6092071.066257345], [396248.4491693456, 6092217.413727809], [396249.9762258126, 6092338.898481241], [396248.5538910951, 6092390.295848762], [396245.9582926249, 6092416.205178344], [396242.78637536603, 6092440.458019772], [396237.6565805261, 6092469.7657654], [396234.0918054617, 6092484.799044184], [396228.4113495985, 6092507.473582533], [396207.1271374007, 6092571.198338252], [396188.08675675764, 6092626.432914604], [396167.5691141359, 6092678.974431962], [396135.77867878205, 6092755.444826946], [396114.62540920894, 6092807.032872088], [396088.0818803535, 6092868.887670969], [396080.8990075841, 6092886.921745906]], "width_m": 12.0, "highway": "secondary"}, {"pts_proj": [[396080.8990075841, 6092886.921745906], [396104.15282679844, 6092891.948266986], [396128.86990424816, 6092895.182055456], [396156.64246501186, 6092898.178129866]], "width_m": 12.0, "highway": "secondary"}, {"pts_proj": [[396156.64246501186, 6092898.178129866], [396141.15260365454, 6092896.566980867], [396116.6680782025, 6092893.695096235], [396080.8990075841, 6092886.921745906]], "width_m": 12.0,