{"id": "chunk_13_2", "ix": 13, "iy": 2, "tile_proj_bounds": [397647.2182111981, 6079438.107330536, 399147.2182111981, 6080938.107330536], "roads": [{"pts_proj": [[398739.5186529797, 6079510.699914479], [398754.7387097921, 6079500.917456174], [398772.9307227357, 6079487.628419739], [398809.910988926, 6079455.849725922], [398832.5810829189, 6079432.897943929], [398848.7016696284, 6079413.444260488]], "width_m": 10.0, "highway": "tertiary"}, {"pts_proj": [[398848.7016696284, 6079413.444260488], [398832.5810829189, 6079432.897943929], [398809.910988926, 6079455.849725922], [398772.9307227357, 6079487.628419739], [398754.7387097921, 6079500.917456174], [398739.5186529797, 6079510.699914479]], "width_m": 10.0, "highway": "tertiary"}, {"pts_proj": [[398084.1438470019, 6080019.314813808], [398100.26772345, 6080009.876897192], [398111.289690027, 6079999.463710783], [398116.22386385174, 6079984.245912536], [398130.9209520885, 6079971.066722771], [398150.9224679402, 6079966.661833813], [398201.4972658849, 6079961.008222484], [398256.97026665416, 6079954.6988939755], [398312.65497768315, 6079947.806608627], [398367.03442133166, 6079940.554901956], [398422.7325402993, 6079933.107092987], [398477.9121458782, 6079925.727344935], [398534.69904001825, 6079918.133903296], [398589.70321092266, 6079911.505331862], [398644.6754270082, 6079904.878158339], [398700.12178160006, 6079898.196453558], [398756.8760524034, 6079890.840343419], [398812.029751951, 6079883.699079812], [398867.4077676706, 6079876.531189603], [398924.2762228455, 6079869.664441875], [398981.0618809986, 6079862.822542139], [399032.4565607821, 6079856.425224449], [399065.8746910892, 6079852.2798267985]], "width_m": 8.0, "highway": "unclassified"}, {"pts_proj": [[399065.8746910892, 6079852.2798267985], [399032.4565607821, 6079856.425224449], [398981.0618809986, 6079862.822542139], [398924.2762228455, 6079869.664441875], [398867.4077676706, 6079876.531189603], [398812.029751951, 6079883.699079812], [398756.8760524034, 6079890.840343419], [398700.12178160006, 6079898.196453558], [398644.6754270082, 6079904.878158339], [398589.70321092266, 6079911.505331862], [398534.69904001825, 6079918.133903296], [398477.9121458782, 6079925.727344935], [398424.33324202115, 6079932.892825771], [398369.85168850364, 6079940.179537239], [398314.8323623743, 6079947.53473403], [398261.1722305414, 6079954.214208146], [398206.31442232756, 6079960.465030837], [398150.9224679402, 6079966.661833813], [398130.9209520885, 6079971.066722771], [398116.22386385174, 6079984.245912536], [398111.289690027, 6079999.463710783], [398100.26772345, 6080009.876897192], [398084.1438470019, 6080019.314813808]], "width_m": 8.0, "highway": "unclassified"}, {"pts_proj": [[398073.67221123877, 6079817.697200476], [398092.1204405433, 6079670.460382413], [398095.03557235835, 6079656.256806661], [398102.20445079403, 6079637.604277775], [398108.208506247, 6079628.484798638], [398122.1577140075, 6079614.27617169], [398138.71164349315, 6079605.607941968], [398241.18961258046, 6079585.087429907], [398412.0408438333, 6079558.438011154], [398696.47031369247, 6079522.823463935], [398714.11192111985, 6079519.899199717], [398727.8583007335, 6079515.982925037], [398739.5186529797, 6079510.699914479]], "width_m": 10.0, "highway": "tertiary"}, {"pts_proj": [[398739.5186529797, 6079510.699914479], [398714.11192111985, 6079519.899199717], [398696.47031369247, 6079522.823463935], [398412.0408438333, 6079558.438011154], [398241.18961258046, 6079585.087429907], [398143.08835149166, 6079603.749975216], [398132.42677177076, 6079608.288366733], [398113.60180675314, 6079621.605545584], [398105.32132559735, 6079632.86939051], [398096.8714182801, 6079650.25963898], [398092.1204405433, 6079670.460382413], [398073.67221123877, 6079817.697200476]], "width_m": 10.0, "highway": "tertiary"}, {"pts_proj": [[398729.68166644353, 6083033.215925778], [398718.43649523245, 6082870.898970173], [398702.5919503423, 6082695.049168197], [398690.6984436817, 6082557.259392486], [398680.4917287662, 6082428.826948104], [398656.3993229958, 6082103.094108347], [398624.1811270948, 6081688.723320133], [398603.01181342616, 6081423.916620872], [398599.29111381073, 6081372.537807241], [398592.94827619323, 6081325.025263499], [398588.4034448565, 6081296.029029226], [398575.0517699123, 6081227.846869967], [398536.2413215464, 6081048.664352678], [398513.6057225078, 6080960.932797242], [398497.26931079035, 6080908.514189466], [398477.02647746104, 6080853.723702084], [398458.5750252433, 6080812.596196107], [398452.57080793683, 6080799.20656344], [398441.89328189555, 6080775.636635364], [398414.79269389843, 6080715.780459645], [398257.66056126205, 6080387.9368712865], [398103.8537351027, 6080062.983910454], [398084.1438470019, 6080019.314813808]], "width_m": 10.0, "highway": "tertiary"}, {"pts_proj": [[398084.1438470019, 6080019.314813808], [398103.8537351027, 6080062.983910454], [398257.66056126205, 6080387.9368712865], [398414.79269389843, 6080715.780459645], [398441.89328189555, 6080775.636635364], [398452.57080793683, 6080799.20656344], [398458.5750252433, 6080812.596196107], [398477.02647746104, 6080853.723702084], [398497.26931079035, 6080908.514189466], [398513.6057225078, 6080960.932797242], [398536.2413215464, 6081048.664352678], [398575.0517699123, 6081227.846869967], [398588.4034448565, 6081296.029029226], [398592.94827619323, 6081325.025263499], [398599.29111381073, 6081372.537807241], [398603.01181342616, 6081423.916620872], [398624.1811270948, 6081688.723320133], [398656.3993229958, 6082103.094108347], [398680.4917287662, 6082428.826948104], [398690.6984436817, 6082557.259392486], [398702.5919503423, 6082695.049168197], [398718.43649523245, 6082870.898970173], [398729.68166644353, 6083033.215925778]], "width_m": 10.0, "highway": "tertiary"}, {"pts_proj": [[398073.67221123877, 6079817.697200476], [398064.4436034112, 6079893.9262019005], [398061.7902225546, 6079920.513696985], [398062.88101674395, 6079947.951399954], [398066.69994372403, 6079966.833612065], [398074.1573190278, 6079991.8226988325], [398084.1438470019, 6080019.314813808]], "width_m": 10.0, "highway": "tertiary"}, {"pts_proj": [[398084.1438470019, 6080019.314813808], [398074.1573190278, 6079991.8226988325], [398066.69994372403, 6079966.833612065], [398062.88101674395, 6079947.951399954], [398061.98212099576, 6079925.296069496], [398064.4436034112, 6079893.9262019005], [398073.67221123877, 6079817.697200476]], "width_m": 10.0, "highway": "tertiary"}, {"pts_proj": [[397469.57213109446, 6079591.580661228], [397488.3747432225, 6079593.133530632], [397565.58152956335, 6079588.023655414], [397668.06377348606, 6079581.304661568], [397682.7406722093, 6079579.935463282], [397696.45015806815, 6079576.695889709], [397752.09737879445, 6079555.537650834], [397894.5062026201, 6079498.5462446865], [397909.7267712009, 6079489.707070517], [397919.65490252, 6079478.884136458], [397930.32865707483, 6079451.669256974], [397940.1104962856, 6079340.985298757], [397941.8117305356, 6079311.224490886], [397946.55740177433, 6079244.937601752], [397949.99633692, 6079230.610732255], [397954.57238834846, 6079222.80363088]], "width_m": 8.0, "highway": "unclassified"}, {"pts_proj": [[397954.57238834846, 6079222.80363088], [397946.55740177433, 6079244.937601752], [397941.8117305356, 6079311.224490886], [397940.1104962856, 6079340.985298757], [397930.32865707483, 6079451.669256974], [397926.6789825042, 6079467.169788516], [397909.7267712009, 6079489.707070517], [397894.5062026201, 6079498.5462446865], [397752.09737879445, 6079555.537650834], [397696.45015806815, 6079576.695889709], [397682.7406722093, 6079579.935463282], [397668.06377348606, 6079581.304661568], [397565.58152956335, 6079588.023655414], [397488.3747432225, 6079593.133530632], [397469.57213109446, 6079591.580661228]], "width_m": 8.0,