{"id": "chunk_4_11", "ix": 4, "iy": 11, "tile_proj_bounds": [384147.2182111981, 6092938.107330536, 385647.2182111981, 6094438.107330536], "roads": [{"pts_proj": [[385767.178299929, 6092105.026145919], [385724.3013463021, 6092132.550249023], [385778.7979587156, 6092224.812850245], [385788.7251063668, 6092248.106470456], [385785.0313944735, 6092275.577291563], [385708.35177545843, 6092453.872940544], [385703.7943677275, 6092490.138904451], [385712.3351266102, 6092523.866195418], [385753.79671260907, 6092592.413274589], [385797.1363281766, 6092664.074641], [385809.78822879936, 6092686.753265795], [385806.88887006475, 6092702.157674914], [385722.2132272704, 6092755.319252321], [385425.6124861202, 6092933.315716359], [385078.23907326156, 6093144.1986426385]], "width_m": 8.0, "highway": "unclassified"}, {"pts_proj": [[385078.23907326156, 6093144.1986426385], [385425.6124861202, 6092933.315716359], [385722.2132272704, 6092755.319252321], [385806.88887006475, 6092702.157674914], [385809.78822879936, 6092686.753265795], [385797.1363281766, 6092664.074641], [385753.79671260907, 6092592.413274589], [385712.3351266102, 6092523.866195418], [385703.7943677275, 6092490.138904451], [385708.35177545843, 6092453.872940544], [385785.0313944735, 6092275.577291563], [385787.1257535649, 6092259.993018104], [385778.7979587156, 6092224.812850245], [385724.3013463021, 6092132.550249023], [385767.178299929, 6092105.026145919]], "width_m": 8.0, "highway": "unclassified"}, {"pts_proj": [[385932.5717690133, 6093250.350011322], [385911.2058146538, 6093262.105601633], [385891.331708902, 6093274.346536873], [385842.94603790046, 6093308.178183444], [385792.0613505847, 6093340.671341934], [385777.61993564735, 6093346.439399131], [385761.1733993603, 6093331.350412274], [385734.118499757, 6093314.6395729985], [385691.1085307682, 6093308.634502334], [385635.3283940808, 6093304.381093936], [385515.8176148381, 6093295.278051759]], "width_m": 7.0, "highway": "residential"}, {"pts_proj": [[385515.8176148381, 6093295.278051759], [385635.3283940808, 6093304.381093936], [385691.1085307682, 6093308.634502334], [385723.03785469726, 6093311.070290273], [385751.871628894, 6093323.705429903], [385772.21881962876, 6093343.582358293], [385783.08695988596, 6093345.353592424], [385842.94603790046, 6093308.178183444], [385891.331708902, 6093274.346536873], [385911.2058146538, 6093262.105601633], [385923.57036418683, 6093254.487126906], [385932.5717690133, 6093250.350011322]], "width_m": 7.0, "highway": "residential"}, {"pts_proj": [[385078.23907326156, 6093144.1986426385], [384887.9226959782, 6093256.246107385], [384472.19241491496, 6093504.206799923], [384400.671982582, 6093546.099863348], [384292.5441234704, 6093611.373979783], [384216.9864606106, 6093656.992825909], [383809.95420569193, 6093902.76669502]], "width_m": 8.0, "highway": "unclassified"}, {"pts_proj": [[383809.95420569193, 6093902.76669502], [384216.9864606106, 6093656.992825909], [384292.5441234704, 6093611.373979783], [384400.671982582, 6093546.099863348], [384472.19241491496, 6093504.206799923], [384887.9226959782, 6093256.246107385], [385078.23907326156, 6093144.1986426385]], "width_m": 8.0, "highway": "unclassified"}, {"pts_proj": [[385154.75721745787, 6093327.8609437905], [385187.1493595138, 6093383.787743533], [385235.2318986084, 6093462.748108355], [385292.9066732369, 6093551.739178941], [385342.33828544256, 6093628.005147828], [385359.85503613576, 6093653.608445815], [385412.7729275075, 6093727.815242317], [385431.5868191918, 6093757.092977749], [385455.7334210453, 6093793.08129731], [385480.1086095136, 6093829.509217951], [385490.75027459103, 6093843.242654124], [385505.33198139945, 6093859.057455422], [385531.2582444676, 6093890.313508286], [385552.9590215596, 6093921.109939372], [385637.9280559045, 6094039.78996662], [385658.72477622435, 6094068.8397703655]], "width_m": 7.0, "highway": "residential"}, {"pts_proj": [[385658.72477622435, 6094068.8397703655], [385637.9280559045, 6094039.78996662], [385559.74555598944, 6093930.58898201], [385531.2582444676, 6093890.313508286], [385505.33198139945, 6093859.057455422], [385490.75027459103, 6093843.242654124], [385480.1086095136, 6093829.509217951], [385455.7334210453, 6093793.08129731], [385431.5868191918, 6093757.092977749], [385412.7729275075, 6093727.815242317], [385359.85503613576, 6093653.608445815], [385345.8442108635, 6093633.125736509], [385292.9066732369, 6093551.739178941], [385235.2318986084, 6093462.748108355], [385187.1493595138, 6093383.787743533], [385154.75721745787, 6093327.8609437905]], "width_m": 7.0, "highway": "residential"}, {"pts_proj": [[384902.1218016101, 6094199.921963728], [384866.5639187716, 6094221.989906848]], "width_m": 8.0, "highway": "unclassified"}, {"pts_proj": [[384866.5639187716, 6094221.989906848], [384902.1218016101, 6094199.921963728]], "width_m": 8.0, "highway": "unclassified"}, {"pts_proj": [[384866.5639187716, 6094221.989906848], [384836.4957477505, 6094240.654809772], [384805.1989867523, 6094260.086348702]], "width_m": 8.0, "highway": "unclassified"}, {"pts_proj": [[384805.1989867523, 6094260.086348702], [384836.4957477505, 6094240.654809772], [384866.5639187716, 6094221.989906848]], "width_m": 8.0, "highway": "unclassified"}, {"pts_proj": [[384744.6478990101, 6094297.672846424], [384775.7425355731, 6094278.368534049], [384805.1989867523, 6094260.086348702]], "width_m": 8.0, "highway": "unclassified"}, {"pts_proj": [[384805.1989867523, 6094260.086348702], [384775.7425355731, 6094278.368534049], [384744.6478990101, 6094297.672846424]], "width_m": 8.0, "highway": "unclassified"}, {"pts_proj": [[384996.0208160756, 6094429.638507631], [384985.52332276234, 6094412.80745121], [384952.0261772061, 6094359.07047466], [384909.5127858724, 6094290.880676103], [384866.5639187716, 6094221.989906848]], "width_m": 8.0, "highway": "unclassified"}, {"pts_proj": [[384866.5639187716, 6094221.989906848], [384909.5127858724, 6094290.880676103], [384952.0261772061, 6094359.07047466], [384985.52332276234, 6094412.80745121], [384996.0208160756, 6094429.638507631]], "width_m": 8.0, "highway": "unclassified"}, {"pts_proj": [[384934.65780798905, 6094467.733207205], [384924.1601587686, 6094450.902292069], [384890.6625152915, 6094397.16576634], [384848.1484921646, 6094328.976539944], [384805.1989867523, 6094260.086348702]], "width_m": 8.0, "highway": "unclassified"}, {"pts_proj": [[384805.1989867523, 6094260.086348702], [384848.1484921646, 6094328.976539944], [384890.6625152915, 6094397.16576634], [384924.1601587686, 6094450.902292069], [384934.65780798905, 6094467.733207205]], "width_m": 8.0, "highway": "unclassified"}, {"pts_proj": [[384744.6478990101, 6094297.672846424], [384787.6044328364, 6094366.562302589], [384830.11268093996, 6094434.751129119], [384863.6172141136, 6094488.487045378], [384874.1086188634, 6094505.317985714]], "width_m": 8.0, "highway": "unclassified"}, {"pts_proj": [[384874.1086188634, 6094505.317985714], [384863.6172141136, 6094488.487045378], [384830.11268093996, 6094434.751129119], [384787.6044328364, 6094366.562302589], [384744.6478990101, 6094297.672846424]], "width_m": 8.0, "highway": "unclassified"}, {"pts_proj": [[384813.7684262274, 6094542.775777256], [384803.2704698266, 6094525.945140471], [384769.7718453058, 6094472.209502923], [384727.2565773706, 6094404.021403764], [384684.3058143074, 6094335.132351283], [384714.2781861196, 6094316.52451021], [384744.6478990101, 6094297.672846424]], "width_m": 8.0, "highway": "unclassified"}, {"pts_proj": [[384744.6478990101, 6094297.672846424], [384714.2781861196, 6094316.52451021], [384684.3058143074, 6094335.132351283], [384727.2565773706, 6094404.021403764], [384769.7718453058, 6094472.209502923], [384803.2704698266, 6094525.945140471], [384813.7684262274, 6094542.775777256]], "width_m": 8.0, "highway": "unclassified"}, {"pts_proj": [[384934.65780798905, 6094467.733207205], [384966.5586810412, 6094447.930736112], [384996.0208160756, 6094429.638507631]], "width_m": 8.0,