{"id": "chunk_11_1", "ix": 11, "iy": 1, "tile_proj_bounds": [394647.2182111981, 6077938.107330536, 396147.2182111981, 6079438.107330536], "roads": [{"pts_proj": [[396620.82759613264, 6078286.433951136], [396594.5486194321, 6078270.128309509], [396486.3545899639, 6078203.007662597], [396451.09595466894, 6078186.842626319], [396421.1239157602, 6078179.016491625], [396373.7824039872, 6078174.128648353], [396279.93326445, 6078172.673112956], [395427.99722872325, 6078150.446344102], [395410.5746524418, 6078147.211089174], [395394.7315907128, 6078141.445588533], [395379.5469647397, 6078134.985774309], [395370.45046303584, 6078125.64593939], [395327.23580767465, 6078070.400466707], [395306.1857513451, 6078044.930103724], [395154.4584940905, 6077861.3541444875], [395139.5704060474, 6077839.826427378], [395130.0987513712, 6077821.879523566], [395125.8564800976, 6077806.927758295], [395126.8978785756, 6077779.652053613], [395139.69213261583, 6077757.913443395], [395151.3391955975, 6077749.259578311], [395171.8025721599, 6077740.623009272], [395238.0349905524, 6077720.378714844]], "width_m": 10.0, "highway": "tertiary"}, {"pts_proj": [[395238.0349905524, 6077720.378714844], [395171.8025721599, 6077740.623009272], [395151.3391955975, 6077749.259578311], [395139.69213261583, 6077757.913443395], [395126.8978785756, 6077779.652053613], [395125.05803464144, 6077793.621215557], [395130.0987513712, 6077821.879523566], [395139.5704060474, 6077839.826427378], [395154.4584940905, 6077861.3541444875], [395306.1857513451, 6078044.930103724], [395327.23580767465, 6078070.400466707], [395370.45046303584, 6078125.64593939], [395379.5469647397, 6078134.985774309], [395394.7315907128, 6078141.445588533], [395410.5746524418, 6078147.211089174], [395427.99722872325, 6078150.446344102], [396279.93326445, 6078172.673112956], [396373.7824039872, 6078174.128648353], [396421.1239157602, 6078179.016491625], [396451.09595466894, 6078186.842626319], [396486.3545899639, 6078203.007662597], [396594.5486194321, 6078270.128309509], [396620.82759613264, 6078286.433951136]], "width_m": 10.0, "highway": "tertiary"}, {"pts_proj": [[395352.58081975934, 6079162.628723236], [395459.595835644, 6079188.026241162], [395667.6283128513, 6079236.3073262], [395847.58751169825, 6079280.216146744], [396023.9582183409, 6079325.773486931], [396204.86260379665, 6079373.125439773], [396335.4881806575, 6079409.832005646], [396431.0250262461, 6079436.329440635], [396534.24278852914, 6079463.954609457], [396619.35667674773, 6079485.597287363], [396678.3051514881, 6079501.475054116], [396700.1220430309, 6079505.8719962025]], "width_m": 8.0, "highway": "unclassified"}, {"pts_proj": [[396700.1220430309, 6079505.8719962025], [396678.3051514881, 6079501.475054116], [396619.35667674773, 6079485.597287363], [396534.24278852914, 6079463.954609457], [396431.0250262461, 6079436.329440635], [396335.4881806575, 6079409.832005646], [396204.86260379665, 6079373.125439773], [396023.9582183409, 6079325.773486931], [395847.58751169825, 6079280.216146744], [395667.6283128513, 6079236.3073262], [395459.595835644, 6079188.026241162], [395352.58081975934, 6079162.628723236]], "width_m": 8.0, "highway": "unclassified"}], "buildings": [{"min_proj": [395293.6545051009, 6079168.182989508], "max_proj": [395311.0757268027, 6079192.68551166], "height_m": 3.0}, {"min_proj": [395268.7393217588, 6079237.409548998], "max_proj": [395304.0411885525, 6079257.5881194575], "height_m": 3.0}]}