{"id": "chunk_2_20", "ix": 2, "iy": 20, "tile_proj_bounds": [381147.2182111981, 6106438.107330536, 382647.2182111981, 6107938.107330536], "roads": [{"pts_proj": [[383601.3263834375, 6107399.162060472], [383584.70181410626, 6107403.315020571], [383564.68993736693, 6107404.39457254], [383137.13224774925, 6107412.002107937], [383096.6832724002, 6107412.7958956435], [382875.28195189143, 6107417.117952088], [382845.4335660019, 6107417.045307843], [382817.8263305133, 6107414.79850238], [382787.91393365164, 6107409.138753329], [382759.5215794589, 6107397.438083728], [382739.5378697335, 6107386.974837646], [382654.6654225679, 6107326.881931766], [382567.6401219317, 6107269.252196765], [382484.47981143615, 6107210.586910885], [382443.81389629724, 6107182.422022759], [382405.75745973934, 6107155.658294442], [382294.80904105236, 6107077.276845187], [382267.9754134492, 6107061.874970653], [382243.713527274, 6107052.228302632], [382220.23785742966, 6107046.001346064], [382191.9298085704, 6107042.229227607], [382167.2997807107, 6107041.611125341], [382114.9591849352, 6107042.917398238], [382001.64480582345, 6107043.8119377], [381922.3621862461, 6107046.167929019], [381868.64077941154, 6107047.413476345], [381844.66783642094, 6107048.705900487]], "width_m": 10.0, "highway": "tertiary"}, {"pts_proj": [[381844.66783642094, 6107048.705900487], [381868.64077941154, 6107047.413476345], [381922.3621862461, 6107046.167929019], [382001.64480582345, 6107043.8119377], [382114.9591849352, 6107042.917398238], [382167.2997807107, 6107041.611125341], [382191.9298085704, 6107042.229227607], [382220.23785742966, 6107046.001346064], [382243.713527274, 6107052.228302632], [382267.9754134492, 6107061.874970653], [382294.80904105236, 6107077.276845187], [382405.75745973934, 6107155.658294442], [382443.81389629724, 6107182.422022759], [382484.47981143615, 6107210.586910885], [382567.6401219317, 6107269.252196765], [382654.6654225679, 6107326.881931766], [382730.8592937015, 6107380.823547029], [382759.5215794589, 6107397.438083728], [382787.91393365164, 6107409.138753329], [382817.8263305133, 6107414.79850238], [382845.4335660019, 6107417.045307843], [382875.28195189143, 6107417.117952088], [383096.6832724002, 6107412.7958956435], [383137.13224774925, 6107412.002107937], [383564.68993736693, 6107404.39457254], [383584.70181410626, 6107403.315020571], [383601.3263834375, 6107399.162060472]], "width_m": 10.0, "highway": "tertiary"}], "buildings": [{"min_proj": [381873.1546239037, 6106974.068108931], "max_proj": [381881.0231061416, 6106982.562483204], "height_m": 3.0}, {"min_proj": [381986.13052272744, 6107110.539338873], "max_proj": [381990.289655523, 6107114.197029262], "height_m": 3.0}, {"min_proj": [381761.18529624667, 6107214.13088025], "max_proj": [381782.1178305638, 6107235.017874029], "height_m": 3.0}, {"min_proj": [381904.92016740574, 6107216.229518653], "max_proj": [381921.85114755796, 6107233.1214419], "height_m": 3.0}, {"min_proj": [381903.807215458, 6107257.801958934], "max_proj": [381924.733149241, 6107278.699778847], "height_m": 3.0}, {"min_proj": [381852.2101767213, 6107258.3901651865], "max_proj": [381873.14219842723, 6107279.287813981], "height_m": 3.0}, {"min_proj": [381762.47884290846, 6107259.033006081], "max_proj": [381783.41116628435, 6107279.920000894], "height_m": 3.0}, {"min_proj": [381695.67246131785, 6107297.113408624], "max_proj": [381707.9460842154, 6107302.769345585], "height_m": 3.0}, {"min_proj": [381694.85853795544, 6107305.111080497], "max_proj": [381713.28243237495, 6107312.410219834], "height_m": 3.0}, {"min_proj": [381852.44093929837, 6107302.26273147], "max_proj": [381873.3730499956, 6107323.149874557], "height_m": 3.0}, {"min_proj": [381907.2023374969, 6107303.761603362], "max_proj": [381928.13443523925, 6107324.659424623], "height_m": 3.0}, {"min_proj": [381724.4605475988, 6107333.612293253], "max_proj": [381743.47206416476, 6107372.695726424], "height_m": 3.0}, {"min_proj": [381676.5639239523, 6107415.967433534], "max_proj": [381683.70307310997, 6107426.750374523], "height_m": 3.0}, {"min_proj": [381841.80751227034, 6107416.06620001], "max_proj": [381873.5508331618, 6107437.226313844], "height_m": 3.0}, {"min_proj": [381766.9563462217, 6107423.703017773], "max_proj": [381778.68267632887, 6107441.940280976], "height_m": 3.0}, {"min_proj": [381903.6150166772, 6107501.720080812], "max_proj": [381919.3133286196, 6107517.38780287], "height_m": 3.0}, {"min_proj": [381872.5862431571, 6107501.908044744], "max_proj": [381888.2845569337, 6107517.5757658845], "height_m": 3.0}, {"min_proj": [381843.90723277826, 6107503.17536926], "max_proj": [381854.5690954897, 6107546.499135991], "height_m": 3.0}, {"min_proj": [381904.1034180904, 6107532.180791575], "max_proj": [381919.8016226974, 6107547.851623389], "height_m": 3.0}, {"min_proj": [381874.3484713119, 6107532.969456087], "max_proj": [381890.0466755334, 6107548.640293427], "height_m": 3.0}, {"min_proj": [381899.609142473, 6107566.852837572], "max_proj": [381918.3193015822, 6107585.524941523], "height_m": 3.0}, {"min_proj": [381859.89863719296, 6107567.771684909], "max_proj": [381878.6087962837, 6107586.443956586], "height_m": 3.0}, {"min_proj": [381900.7936704745, 6107604.799173949], "max_proj": [381919.5036702166, 6107623.471278841], "height_m": 3.0}, {"min_proj": [381860.43857399246, 6107605.713014809], "max_proj": [381879.14857379865, 6107624.385118265], "height_m": 3.0}, {"min_proj": [381902.26498430636, 6107642.726608641], "max_proj": [381920.97452988045, 6107661.387757471], "height_m": 3.0}, {"min_proj": [381861.5852437896, 6107643.181432695], "max_proj": [381880.29479128297, 6107661.853706212], "height_m": 3.0}, {"min_proj": [381944.02147671056, 6107743.689739294], "max_proj": [381958.1684462377, 6107757.8107721675], "height_m": 3.0}, {"min_proj": [381894.1951232828, 6107753.967769823], "max_proj": [381904.5579105249, 6107764.305425122], "height_m": 3.0}, {"min_proj": [381782.72283807234, 6107769.84416035], "max_proj": [381793.50192723575, 6107787.327641963], "height_m": 3.0}, {"min_proj": [381950.0888651725, 6107773.66844839], "max_proj": [381964.23573912063, 6107787.79021583], "height_m": 3.0}, {"min_proj": [381859.7151607615, 6107774.9241236225], "max_proj": [381870.1638559277, 6107792.156455696], "height_m": 3.0}, {"min_proj": [381923.4715247884, 6107778.777546839], "max_proj": [381933.83425282035, 6107789.120644406], "height_m": 3.0}]}