{"id": "chunk_12_4", "ix": 12, "iy": 4, "tile_proj_bounds": [396147.2182111981, 6082438.107330536, 397647.2182111981, 6083938.107330536], "roads": [{"pts_proj": [[394458.82211865956, 6082711.595614392], [394471.3885834472, 6082734.23290393], [394525.73973142635, 6082759.084014342], [394575.225948837, 6082780.14249608], [394627.17634264356, 6082800.653890286], [394664.6092121586, 6082814.103281334], [394687.6989612152, 6082820.7979317615], [394718.55844155065, 6082828.468365318], [394754.85642180796, 6082835.688763125], [394813.3044051126, 6082844.851009203], [394873.51751901244, 6082851.835312113], [394902.63152714923, 6082855.428908561], [394942.8368997115, 6082860.422010096], [394986.98560100177, 6082864.978191314], [395037.38885097584, 6082868.576015121], [395084.5361843426, 6082867.151880091], [395116.51236883254, 6082866.071273162], [395183.5847737719, 6082861.466786142], [395269.9019477587, 6082854.778192833], [395302.97746772546, 6082852.671390649], [395385.4446820191, 6082845.740785081], [395439.7004633266, 6082841.14917101], [395532.3572437897, 6082833.817149822], [395629.0247120126, 6082825.892922621], [395652.220377831, 6082823.684276296], [395761.24847103015, 6082815.152994222], [395863.9607638469, 6082808.262471101], [396038.43567358045, 6082794.703636963], [396072.67158069636, 6082792.241707961], [396165.27502634947, 6082789.766507204], [396240.3930018032, 6082790.535710792], [396299.3314147766, 6082793.015457876], [396387.1031540786, 6082798.671476491], [396467.8629556496, 6082804.479653983], [396532.41506661894, 6082811.34157916], [396608.56069348694, 6082820.264203924], [396662.9358160775, 6082828.364099649], [396709.0842261371, 6082835.696425629], [396766.5952504565, 6082846.775652564], [396823.91311066854, 6082859.518720417]], "width_m": 18.0, "highway": "trunk"}, {"pts_proj": [[396822.19472742, 6082867.6957300035], [396786.4482740319, 6082859.700248404], [396744.8576339405, 6082851.271628694], [396684.87328120286, 6082840.928615535], [396654.4683418666, 6082836.651901421], [396637.39852280985, 6082834.250451191], [396579.1627348473, 6082826.284266207], [396411.8925744584, 6082811.569673158], [396390.2577156375, 6082809.664038385], [396217.08670926274, 6082801.026161487], [396071.34479603416, 6082803.972273705], [395790.1984577926, 6082825.2684388105], [395744.3501471495, 6082828.7478533285]], "width_m": 18.0, "highway": "trunk"}, {"pts_proj": [[396823.91311066854, 6082859.518720417], [396910.2130308753, 6082874.424902468], [396946.1227664823, 6082882.840629343], [397000.69136312394, 6082896.929171884], [397022.7602970578, 6082902.96889513], [397037.65244368586, 6082901.948501306], [397054.2693319749, 6082887.129416683], [397060.8254723506, 6082874.388835436], [397066.9967878516, 6082854.65502248]], "width_m": 7.0, "highway": "tertiary_link"}, {"pts_proj": [[397066.9967878516, 6082854.65502248], [397064.7124730745, 6082869.524121645], [397064.2136828289, 6082897.053981741], [397079.1526072608, 6082917.6844931645], [397103.99022772437, 6082926.36626643], [397131.3254952506, 6082935.658903618], [397162.9946017038, 6082946.433243512], [397182.8037903642, 6082952.74810744], [397216.75521892705, 6082964.82869147], [397250.0431082503, 6082977.36998403], [397283.03680892463, 6082993.61407924]], "width_m": 7.0, "highway": "tertiary_link"}, {"pts_proj": [[397066.9967878516, 6082854.65502248], [397084.6310371631, 6082763.480295583], [397087.6097519419, 6082745.856823164], [397109.76219236094, 6082614.826222675], [397132.8154954917, 6082487.192714617], [397152.76952948305, 6082380.569692445], [397161.49352601706, 6082329.285111508], [397176.4526084719, 6082241.344814268], [397218.1509691239, 6082012.651861273], [397248.04283744236, 6081840.145568336], [397270.91549018037, 6081708.14245089], [397288.83828473167, 6081605.563219886], [397326.0836385309, 6081321.591959329], [397390.67714371794, 6080816.939825645], [397393.8109246937, 6080785.164405441]], "width_m": 10.0, "highway": "tertiary"}, {"pts_proj": [[397393.8109246937, 6080785.164405441], [397390.67714371794, 6080816.939825645], [397326.0836385309, 6081321.591959329], [397288.83828473167, 6081605.563219886], [397270.91549018037, 6081708.14245089], [397248.04283744236, 6081840.145568336], [397218.1509691239, 6082012.651861273], [397176.4526084719, 6082241.344814268], [397161.49352601706, 6082329.285111508], [397152.76952948305, 6082380.569692445], [397132.8154954917, 6082487.192714617], [397109.76219236094, 6082614.826222675], [397087.6097519419, 6082745.856823164], [397084.6310371631, 6082763.480295583], [397066.9967878516, 6082854.65502248]], "width_m": 10.0, "highway": "tertiary"}, {"pts_proj": [[397043.6692638298, 6082985.256485271], [397044.47876136325, 6082971.011166767], [397042.4875086949, 6082952.4551392235], [397034.8025831417, 6082936.10016973], [397014.28788652876, 6082923.10062366], [396919.8803831576, 6082897.435691376], [396885.76455291494, 6082888.600510481], [396822.19472742, 6082867.6957300035]], "width_m": 8.0, "highway": "unclassified"}, {"pts_proj": [[396823.91311066854, 6082859.518720417], [396838.84087322216, 6082862.838361035], [396878.0980010246, 6082871.677630188], [396895.5324618734, 6082875.719161997], [396933.0109132788, 6082884.811234193], [397013.40414684126, 6082906.667703571], [397048.93984060886, 6082916.706959072], [397072.4104424012, 6082923.705551892], [397103.2540466865, 6082933.173678275], [397199.8291170284, 6082964.180706983], [397270.94927486393, 6082988.446912884], [397283.03680892463, 6082993.61407924]], "width_m": 18.0, "highway": "trunk"}, {"pts_proj": [[397277.4325095728, 6083000.566163614], [397223.90478068934, 6082980.817707237], [397176.43575236347, 6082965.584387592], [397138.0363913179, 6082953.216325376], [397091.76008702535, 6082938.246004145], [397054.64292386407, 6082927.51907533], [396987.63944901514, 6082909.629548137], [396917.16381877195, 6082891.486709708], [396822.19472742, 6082867.6957300035]], "width_m": 18.0, "highway": "trunk"}, {"pts_proj": [[397277.4325095728, 6083000.566163614], [397219.69479811983, 6082985.032880893], [397172.8438253335, 6082968.761311565], [397136.76596291945, 6082956.874461909], [397093.26458286645, 6082943.966810423], [397072.75297896296, 6082942.577663637], [397061.02904681314, 6082948.534771356], [397051.3657477133, 6082963.472783831], [397043.6692638298, 6082985.256485271]], "width_m": 8.0, "highway": "unclassified"}, {"pts_proj": [[397043.6692638298, 6082985.256485271], [397033.32267089444, 6083049.057667267], [397015.8181630619, 6083153.621606774], [397006.16955564736, 6083235.229326179], [397001.8263465844, 6083275.036983149], [396986.42733733717, 6083405.846794967], [396969.7950584297, 6083559.216321746], [396960.97712457244, 6083659.317835864], [396958.9451868345, 6083682.630489605], [396956.025625776, 6083706.1304919915], [396956.1316743889, 6083727.813343138], [396961.0636534014, 6083747.8381146435], [396985.8113714544, 6083805.658138954]], "width_m": 8.0, "highway": "unclassified"}, {"pts_proj": [[396985.8113714544, 6083805.658138954], [396961.0636534014, 6083747.8381146435], [396956.1316743889, 6083727.813343138], [396956.025625776, 6083706.1304919915], [396958.9451868345, 6083682.630489605], [396960.97712457244, 6083659.317835864], [396969.4190587714, 6083562.687021301], [396986.42733733717, 6083405.846794967], [397001.8263465844, 6083275.036983149], [397006.16955564736, 6083235.229326179], [397015.8181630619, 6083153.621606774], [397033.32267089444, 6083049.057667267], [397043.6692638298, 6082985.256485271]], "width_m": 8.0,