{"id": "chunk_5_20", "ix": 5, "iy": 20, "tile_proj_bounds": [385647.2182111981, 6106438.107330536, 387147.2182111981, 6107938.107330536], "roads": [{"pts_proj": [[387255.5398151621, 6105576.652077248], [387177.75215797365, 6105760.3829253055], [387143.40539091435, 6105843.8283733], [386929.67640099535, 6106341.662458748], [386714.50833206205, 6106861.021946008], [386692.1191736623, 6106914.341277706], [386680.632612768, 6106941.687558369]], "width_m": 8.0, "highway": "unclassified"}, {"pts_proj": [[387821.531167545, 6108140.97543854], [387762.1987681476, 6108285.199448086], [387599.32446503796, 6108674.320390661], [387567.5995593702, 6108661.182106987], [387547.7810655176, 6108652.753448343], [384684.4834141463, 6107442.010138237], [384615.04338056745, 6107413.14569751], [384572.6195519359, 6107397.566251382], [384547.89177247015, 6107390.836394221], [384516.71197920386, 6107385.186837129], [384481.06795645546, 6107381.445741116], [384438.8811414428, 6107381.192428659], [384394.84308892477, 6107384.884320968], [384348.5497228573, 6107394.658493716], [384302.85742096463, 6107410.117983903], [384071.45812413975, 6107495.793671462], [383882.1583289096, 6107566.8458044985], [383840.39446150203, 6107582.519535331], [383811.6985022734, 6107591.083589548], [383786.57431687135, 6107598.051620901], [383761.55223031534, 6107603.057598848], [383725.80696119455, 6107607.152226332], [383707.31695346185, 6107608.536604532], [383689.4109506259, 6107609.304593831], [383614.83329716243, 6107608.546481643], [383598.76222843735, 6107608.198067791]], "width_m": 10.0, "highway": "tertiary"}, {"pts_proj": [[383598.76222843735, 6107608.198067791], [383614.83329716243, 6107608.546481643], [383689.4109506259, 6107609.304593831], [383707.31695346185, 6107608.536604532], [383725.80696119455, 6107607.152226332], [383761.55223031534, 6107603.057598848], [383786.57431687135, 6107598.051620901], [383811.6985022734, 6107591.083589548], [383840.39446150203, 6107582.519535331], [383882.1583289096, 6107566.8458044985], [384071.45812413975, 6107495.793671462], [384302.85742096463, 6107410.117983903], [384348.5497228573, 6107394.658493716], [384394.84308892477, 6107384.884320968], [384438.8811414428, 6107381.192428659], [384481.06795645546, 6107381.445741116], [384516.71197920386, 6107385.186837129], [384547.89177247015, 6107390.836394221], [384572.6195519359, 6107397.566251382], [384615.04338056745, 6107413.14569751], [384684.4834141463, 6107442.010138237], [387547.7810655176, 6108652.753448343], [387567.5995593702, 6108661.182106987], [387599.32446503796, 6108674.320390661], [387762.1987681476, 6108285.199448086], [387821.531167545, 6108140.97543854]], "width_m": 10.0, "highway": "tertiary"}, {"pts_proj": [[386680.632612768, 6106941.687558369], [386692.1191736623, 6106914.341277706], [386714.50833206205, 6106861.021946008], [386929.67640099535, 6106341.662458748], [387143.40539091435, 6105843.8283733], [387177.75215797365, 6105760.3829253055], [387255.5398151621, 6105576.652077248]], "width_m": 8.0, "highway": "unclassified"}, {"pts_proj": [[386148.32682939054, 6106719.2245864235], [386163.09958569886, 6106725.393730689], [386235.01416470634, 6106755.443773577], [386284.3980601886, 6106776.083027045], [386303.1457917297, 6106783.910290456], [386680.632612768, 6106941.687558369]], "width_m": 8.0, "highway": "unclassified"}, {"pts_proj": [[386680.632612768, 6106941.687558369], [386310.4643892194, 6106786.974567251], [386284.3980601886, 6106776.083027045], [386245.3916931821, 6106759.777017125], [386163.09958569886, 6106725.393730689], [386148.32682939054, 6106719.2245864235]], "width_m": 8.0, "highway": "unclassified"}, {"pts_proj": [[386680.632612768, 6106941.687558369], [386661.89239765395, 6106986.319289231], [386637.3915948901, 6107044.669303173], [386609.86949262477, 6107110.2106219735], [386600.2439374588, 6107133.123229612], [386538.40754560195, 6107280.400601294]], "width_m": 8.0, "highway": "unclassified"}, {"pts_proj": [[386538.40754560195, 6107280.400601294], [386598.17344188277, 6107138.063497182], [386609.86949262477, 6107110.2106219735], [386637.3915948901, 6107044.669303173], [386658.26232770813, 6106994.962084141], [386661.89239765395, 6106986.319289231], [386680.632612768, 6106941.687558369]], "width_m": 8.0, "highway": "unclassified"}], "buildings": [{"min_proj": [386166.040953654, 6106752.5589989675], "max_proj": [386229.8495539754, 6106789.736069707], "height_m": 3.0}, {"min_proj": [386241.18525604915, 6106783.843078754], "max_proj": [386292.2545281861, 6106815.495902277], "height_m": 3.0}, {"min_proj": [386239.64574693737, 6106798.445185058], "max_proj": [386250.30453741853, 6106815.787013433], "height_m": 3.0}, {"min_proj": [386221.843117203, 6106812.964579459], "max_proj": [386248.822704406, 6106853.975474455], "height_m": 3.0}, {"min_proj": [386322.56524876965, 6106831.9633810315], "max_proj": [386354.94561590964, 6106856.130185409], "height_m": 3.0}, {"min_proj": [386727.07878598716, 6106881.864547701], "max_proj": [386746.00499647966, 6106901.974294674], "height_m": 3.0}, {"min_proj": [386760.54574422014, 6106894.831190851], "max_proj": [386786.67086811084, 6106929.998736878], "height_m": 3.0}, {"min_proj": [386706.26333417033, 6106906.40489116], "max_proj": [386738.2803081585, 6106947.487145884], "height_m": 3.0}, {"min_proj": [386780.4297550629, 6106911.142547811], "max_proj": [386822.2569593709, 6106943.607764467], "height_m": 3.0}, {"min_proj": [386742.83928390837, 6106961.655228791], "max_proj": [386759.34866788494, 6106982.3442122815], "height_m": 3.0}, {"min_proj": [386674.028056846, 6106964.357649676], "max_proj": [386715.3414870379, 6106991.828264847], "height_m": 3.0}, {"min_proj": [386736.72246295714, 6106997.8046347], "max_proj": [386786.4096365913, 6107028.473084649], "height_m": 3.0}, {"min_proj": [386534.3283136436, 6106986.10969524], "max_proj": [386575.4312617193, 6107049.133533813], "height_m": 3.0}, {"min_proj": [387123.3913267142, 6107047.898248721], "max_proj": [387186.1826013271, 6107110.558576378], "height_m": 3.0}, {"min_proj": [387119.44474178134, 6107496.84816708], "max_proj": [387165.95139915106, 6107543.262091426], "height_m": 3.0}, {"min_proj": [386877.2771079735, 6107005.082268374], "max_proj": [386895.91135348845, 6107027.280959403], "height_m": 3.0}, {"min_proj": [386926.5468327234, 6107081.032347991], "max_proj": [386941.740787367, 6107095.377595946], "height_m": 3.0}, {"min_proj": [386836.0817424891, 6107099.809359832], "max_proj": [386889.05044058367, 6107137.259360326], "height_m": 3.0}, {"min_proj": [386902.71820456244, 6107127.484868627], "max_proj": [386922.6730277053, 6107150.058342425], "height_m": 3.0}, {"min_proj": [386955.9342864032, 6107177.110566696], "max_proj": [387002.444317363, 6107223.52445874], "height_m": 3.0}, {"min_proj": [386101.81532875984, 6106767.66226618], "max_proj": [386125.979261465, 6106789.826213534], "height_m": 3.0}, {"min_proj": [386139.71756920684, 6106774.852880492], "max_proj": [386217.0380455427, 6106826.338842118], "height_m": 3.0}, {"min_proj": [386052.0960946635, 6106782.240144034], "max_proj": [386101.5541054185, 6106823.347215723], "height_m": 3.0}, {"min_proj": [386144.6208966026, 6106828.573363204], "max_proj": [386200.4016733807, 6106893.724275896], "height_m": 3.0}, {"min_proj": [386044.2726750731, 6106862.095714075], "max_proj": [386054.8004144377, 6106871.875526636], "height_m": 3.0}, {"min_proj": [386061.2900509742, 6106869.947032051], "max_proj": [386073.29786945623, 6106880.116909143], "height_m": 3.0}, {"min_proj": [386005.4316835412, 6106869.881283647], "max_proj": [386039.3025784211, 6106893.624779506], "height_m": 3.0}, {"min_proj": [386076.92603527865, 6106881.161974913], "max_proj": [386170.55360858596, 6106947.48062781], "height_m": 3.0}, {"min_proj": [385984.68000262167, 6106897.313446506], "max_proj": [386057.79657466256, 6106979.210705408], "height_m": 3.0}, {"min_proj": [386033.74848095904, 6106962.666880023], "max_proj": [386047.8977942261, 6106973.933934571],