{"id": "chunk_17_3", "ix": 17, "iy": 3, "tile_proj_bounds": [403647.2182111981, 6080938.107330536, 405147.2182111981, 6082438.107330536], "roads": [], "buildings": [{"min_proj": [403640.74912295653, 6081840.8006091155], "max_proj": [403649.82757461845, 6081849.326420195], "height_m": 3.0}, {"min_proj": [403704.41943524324, 6081812.541782243], "max_proj": [403717.3685324129, 6081830.54751247], "height_m": 3.0}, {"min_proj": [403714.7858919826, 6081831.872535529], "max_proj": [403724.5233347611, 6081843.434365686], "height_m": 3.0}, {"min_proj": [403677.1661574886, 6081841.433981409], "max_proj": [403685.4652352929, 6081849.931297377], "height_m": 3.0}]}