{"id": "chunk_5_27", "ix": 5, "iy": 27, "tile_proj_bounds": [385647.2182111981, 6116938.107330536, 387147.2182111981, 6118438.107330536], "roads": [], "buildings": [{"min_proj": [385947.9076225138, 6116919.399241689], "max_proj": [385964.08310029877, 6116966.512249245], "height_m": 3.0}, {"min_proj": [385941.5075399926, 6118097.39396594], "max_proj": [385967.83371404686, 6118159.997494614], "height_m": 3.0}, {"min_proj": [386031.38063383795, 6118143.828822569], "max_proj": [386056.90702162654, 6118208.33637878], "height_m": 3.0}, {"min_proj": [385954.2245774569, 6118189.90469271], "max_proj": [385972.7349775576, 6118214.64492999], "height_m": 3.0}]}