{"id": "chunk_18_17", "ix": 18, "iy": 17, "tile_proj_bounds": [405147.2182111981, 6101938.107330536, 406647.2182111981, 6103438.107330536], "roads": [{"pts_proj": [[405685.62692336005, 6102436.732862043], [405684.3469058355, 6102415.16439483], [405675.91614274756, 6102399.602320732], [405661.22852225276, 6102374.298678026], [405656.24059203814, 6102348.411564476], [405647.67816883017, 6102283.104709291], [405641.11061260017, 6102198.219549199], [405639.7361247426, 6102091.183841503], [405646.06780034536, 6102051.243018883], [405657.77009554685, 6102012.947511027], [405704.44885465264, 6101908.547727916], [405729.08235120424, 6101855.252079946], [405736.81416032, 6101841.0072155455], [405760.59378652903, 6101807.466290599], [405782.10398529534, 6101777.502146969], [405939.8600838161, 6101546.810992871], [406033.3975484288, 6101410.9162443755], [406082.485060695, 6101331.8727354705], [406143.0944707395, 6101240.520906593], [406336.8183683896, 6100958.173196842], [406548.2045680818, 6100648.125907376], [406710.4368780552, 6100401.085675652], [406873.9373985099, 6100171.067988577], [406885.8391628141, 6100156.59370608], [406915.32546923833, 6100115.348872429], [407010.03895175655, 6099951.645585372], [407023.7119258117, 6099927.617351238], [407042.82260644296, 6099893.312890897], [407065.9876243076, 6099848.293538149], [407175.20179800096, 6099636.070683911], [407216.30134456384, 6099556.795198902], [407288.63870249287, 6099380.951395396], [407300.590778555, 6099351.783680316], [407312.1232734908, 6099323.64880826], [407333.269001141, 6099271.003327367], [407357.3319973964, 6099216.560959374], [407379.2422854116, 6099164.656827772], [407402.0839755619, 6099111.698290139], [407424.2611530567, 6099060.278675479], [407446.0299972404, 6099009.802695663], [407469.5389289999, 6098955.32799043]], "width_m": 8.0, "highway": "unclassified"}, {"pts_proj": [[407469.5389289999, 6098955.32799043], [407446.0299972404, 6099009.802695663], [407424.2611530567, 6099060.278675479], [407402.0839755619, 6099111.698290139], [407379.2422854116, 6099164.656827772], [407357.3319973964, 6099216.560959374], [407333.269001141, 6099271.003327367], [407313.7502786544, 6099319.785810251], [407300.590778555, 6099351.783680316], [407288.63870249287, 6099380.951395396], [407216.30134456384, 6099556.795198902], [407175.20179800096, 6099636.070683911], [407065.9876243076, 6099848.293538149], [407042.82260644296, 6099893.312890897], [407023.7119258117, 6099927.617351238], [407010.03895175655, 6099951.645585372], [406915.32546923833, 6100115.348872429], [406890.55997865903, 6100150.606692221], [406873.9373985099, 6100171.067988577], [406710.4368780552, 6100401.085675652], [406548.2045680818, 6100648.125907376], [406336.8183683896, 6100958.173196842], [406143.0944707395, 6101240.520906593], [406082.485060695, 6101331.8727354705], [406033.3975484288, 6101410.9162443755], [405939.8600838161, 6101546.810992871], [405782.10398529534, 6101777.502146969], [405760.59378652903, 6101807.466290599], [405744.7478174744, 6101829.964032382], [405729.08235120424, 6101855.252079946], [405704.44885465264, 6101908.547727916], [405657.77009554685, 6102012.947511027], [405646.7276081254, 6102047.088077791], [405639.7361247426, 6102091.183841503], [405641.11061260017, 6102198.219549199], [405647.67816883017, 6102283.104709291], [405656.24059203814, 6102348.411564476], [405661.22852225276, 6102374.298678026], [405668.3616220114, 6102388.619137836], [405684.3469058355, 6102415.16439483], [405685.62692336005, 6102436.732862043]], "width_m": 8.0, "highway": "unclassified"}, {"pts_proj": [[405685.62692336005, 6102436.732862043], [405520.4365761371, 6102402.167273293], [405412.00832118536, 6102382.066781708], [405299.63085931574, 6102361.395909596], [405268.78552137, 6102356.451207967], [405252.4719451362, 6102355.506199241], [405235.992938859, 6102357.303171019], [405215.0017559748, 6102362.657996413], [405196.08370520326, 6102367.846437773], [405166.7610156384, 6102374.424851917], [405161.24122856226, 6102375.666442237]], "width_m": 10.0, "highway": "tertiary"}, {"pts_proj": [[405161.24122856226, 6102375.666442237], [405196.08370520326, 6102367.846437773], [405215.0017559748, 6102362.657996413], [405235.992938859, 6102357.303171019], [405252.4719451362, 6102355.506199241], [405268.78552137, 6102356.451207967], [405299.63085931574, 6102361.395909596], [405412.00832118536, 6102382.066781708], [405520.4365761371, 6102402.167273293], [405685.62692336005, 6102436.732862043]], "width_m": 10.0, "highway": "tertiary"}, {"pts_proj": [[405347.5813905535, 6103076.984606742], [405310.3692502812, 6103046.037475205], [405284.2384975243, 6103024.3062747605], [405248.49105456437, 6102997.391635571], [405224.0603432782, 6102983.539351624], [405200.6761066391, 6102965.123208722], [405180.6047638321, 6102947.783359601], [405168.83798822726, 6102937.925760694], [405148.28958441195, 6102920.69637355], [405134.09624041466, 6102908.797668817], [405112.5459124132, 6102890.732592029], [405099.3677733124, 6102881.216866982], [405086.5358706662, 6102874.165066838], [405042.40983655717, 6102865.552734225], [405009.2574224287, 6102865.234170863], [404987.3527420296, 6102867.16988169], [404978.2142558058, 6102870.960020478], [404963.8230107506, 6102882.498436438], [404938.3350036815, 6102906.662939036], [404894.59603301756, 6102951.58768546], [404857.13230306964, 6102987.852145481], [404842.0358627609, 6103004.337394551], [404827.6078648066, 6103020.1071395585], [404814.1119653879, 6103034.643687202], [404803.2850921473, 6103048.210531626], [404791.03609411884, 6103060.995126592], [404781.58818627015, 6103071.515890902], [404775.61025740654, 6103077.888390388]], "width_m": 8.0, "highway": "unclassified"}, {"pts_proj": [[404775.61025740654, 6103077.888390388], [404788.07639788627, 6103086.961955135], [404808.15689240466, 6103102.886139837], [404852.70391086576, 6103138.21454609], [404876.96330501913, 6103155.697425968], [404891.53307542356, 6103162.778360714], [404996.0472535803, 6103234.422392187], [405014.5500317968, 6103248.922794173], [405053.937872035, 6103275.212630692], [405070.86579178635, 6103282.666959782], [405085.5532622935, 6103286.606842451], [405110.3610529905, 6103286.70258169], [405132.5552789102, 6103281.354932458], [405155.1016877566, 6103267.628821031], [405170.3562812478, 6103254.670039731], [405185.1637048056, 6103248.622508849], [405215.2283238974, 6103249.876157115], [405239.111153097, 6103247.6212019045], [405255.644773343, 6103247.047469343], [405272.01620865235, 6103253.879859397], [405285.7715186797, 6103266.879173201], [405298.5067176693, 6103280.579215041], [405319.9468927699, 6103297.790310125], [405336.99318152416, 6103312.055752438], [405353.5609327624, 6103326.353671003], [405384.5175052449, 6103351.02185346], [405434.1824588253, 6103393.371644452]], "width_m": 8.0, "highway": "unclassified"}, {"pts_proj": [[404852.98117693735, 6102087.302009975], [404959.6684345065, 6102189.0109727075], [405067.3841106262, 6102289.130895944], [405161.24122856226, 6102375.666442237]], "width_m": 10.0, "highway": "tertiary"}, {"pts_proj": [[405161.24122856226, 6102375.666442237], [405067.3841106262, 6102289.130895944], [404959.6684345065, 6102189.0109727075], [404852.98117693735, 6102087.302009975]], "width_m": 10.0,