{"id": "chunk_5_39", "ix": 5, "iy": 39, "tile_proj_bounds": [385647.2182111981, 6134938.107330536, 387147.2182111981, 6136438.107330536], "roads": [], "buildings": [{"min_proj": [387130.765699755, 6136274.698079885], "max_proj": [387136.62759735604, 6136280.63884391], "height_m": 3.0}, {"min_proj": [387124.6258153709, 6136287.581202792], "max_proj": [387130.48798749014, 6136293.533099624], "height_m": 3.0}, {"min_proj": [387134.48010768683, 6136306.846978326], "max_proj": [387140.3422454007, 6136312.798866065], "height_m": 3.0}]}