{"id": "chunk_8_20", "ix": 8, "iy": 20, "tile_proj_bounds": [390147.2182111981, 6106438.107330536, 391647.2182111981, 6107938.107330536], "roads": [{"pts_proj": [[390643.13864520856, 6106338.0011481745], [390558.8695911737, 6106476.159846806], [390448.8562361816, 6106655.878231776], [390390.74552368105, 6106751.782251069], [390339.8911496919, 6106836.831952417], [390321.8035152035, 6106867.681506621], [390308.36471012264, 6106894.1527478], [390281.50431819464, 6106952.182773197], [390146.2149198528, 6107256.9890464395], [390027.73394465423, 6107524.055988058], [389907.3067366215, 6107794.158489814], [389730.7703159541, 6108188.752794338], [389684.6131424235, 6108294.480598083]], "width_m": 12.0, "highway": "secondary"}, {"pts_proj": [[389684.6131424235, 6108294.480598083], [389730.7703159541, 6108188.752794338], [389907.3067366215, 6107794.158489814], [390027.73394465423, 6107524.055988058], [390140.8568723409, 6107269.07810102], [390281.50431819464, 6106952.182773197], [390308.36471012264, 6106894.1527478], [390321.8035152035, 6106867.681506621], [390339.8911496919, 6106836.831952417], [390390.74552368105, 6106751.782251069], [390448.8562361816, 6106655.878231776], [390558.8695911737, 6106476.159846806], [390643.13864520856, 6106338.0011481745]], "width_m": 12.0, "highway": "secondary"}], "buildings": []}