{"id": "chunk_15_16", "ix": 15, "iy": 16, "tile_proj_bounds": [400647.2182111981, 6100438.107330536, 402147.2182111981, 6101938.107330536], "roads": [{"pts_proj": [[400793.63727466343, 6100478.812611283], [400795.1462420421, 6100566.88939577], [400799.5381452816, 6100578.124283756], [400816.54846357694, 6100578.982138156], [400839.6892660293, 6100578.980351996], [400870.0461787236, 6100581.813032094], [400898.8760545458, 6100585.258668913], [400923.65523353475, 6100588.226616312], [400954.01699997456, 6100591.861263132], [400976.4902656585, 6100594.624604457], [401006.0535161559, 6100598.288439355], [401029.26520019816, 6100601.492090055], [401050.5546315298, 6100604.493544662], [401059.56928356166, 6100605.418159626], [401075.9459672838, 6100603.652739306], [401102.1797879897, 6100599.865694744], [401095.420265482, 6100490.342510895], [401083.348775794, 6100404.804082261], [401079.50573849, 6100377.626830545], [401067.9122203682, 6100295.506521816], [401059.15378846886, 6100233.4501645155], [401057.60748432216, 6100222.519359324]], "width_m": 7.0, "highway": "residential"}, {"pts_proj": [[401057.60748432216, 6100222.519359324], [401067.9122203682, 6100295.506521816], [401079.50573849, 6100377.626830545], [401083.348775794, 6100404.804082261], [401095.420265482, 6100490.342510895], [401110.7121656374, 6100598.641476555], [401075.9459672838, 6100603.652739306], [401059.56928356166, 6100605.418159626], [401029.26520019816, 6100601.492090055], [401013.84563668224, 6100599.4293066505], [400976.4902656585, 6100594.624604457], [400954.01699997456, 6100591.861263132], [400931.99564558384, 6100589.299518336], [400898.8760545458, 6100585.258668913], [400870.0461787236, 6100581.813032094], [400847.0734084529, 6100579.016783222], [400816.54846357694, 6100578.982138156], [400804.6008422296, 6100578.980322556], [400795.7950932648, 6100573.364977769], [400793.84574235335, 6100491.075516751], [400793.63727466343, 6100478.812611283]], "width_m": 7.0, "highway": "residential"}, {"pts_proj": [[400789.23272098484, 6100222.383183021], [400790.4816100453, 6100295.014408827], [400791.8520910826, 6100374.845386594], [400793.0735621569, 6100445.952144741], [400793.361472996, 6100462.65497892], [400793.63727466343, 6100478.812611283]], "width_m": 7.0, "highway": "residential"}, {"pts_proj": [[400793.63727466343, 6100478.812611283], [400793.361472996, 6100462.65497892], [400793.0735621569, 6100445.952144741], [400791.8520910826, 6100374.845386594], [400790.58163695823, 6100300.95670827], [400789.4609810173, 6100235.825642752], [400789.23272098484, 6100222.383183021]], "width_m": 7.0, "highway": "residential"}, {"pts_proj": [[400793.63727466343, 6100478.812611283], [400633.45997115155, 6100479.824229645], [400594.5660450982, 6100480.066341459], [400576.0428565048, 6100480.189223746], [400557.36607082054, 6100480.3044706825], [400437.9232254479, 6100481.061962698], [400423.4185029317, 6100472.757958215], [400418.70166201843, 6100463.912920616]], "width_m": 7.0, "highway": "residential"}, {"pts_proj": [[400418.70166201843, 6100463.912920616], [400429.8516427869, 6100478.013597919], [400557.36607082054, 6100480.3044706825], [400576.0428565048, 6100480.189223746], [400594.5660450982, 6100480.066341459], [400633.45997115155, 6100479.824229645], [400786.6958156994, 6100478.855485431], [400793.63727466343, 6100478.812611283]], "width_m": 7.0, "highway": "residential"}], "buildings": [{"min_proj": [401059.7043666115, 6100415.28528185], "max_proj": [401079.45967477496, 6100469.651127296], "height_m": 30.0}, {"min_proj": [401071.6529100265, 6100482.271920748], "max_proj": [401078.66224878153, 6100489.0581735615], "height_m": 3.0}, {"min_proj": [401072.2141628081, 6100503.864017878], "max_proj": [401092.74956493854, 6100563.734065127], "height_m": 30.0}, {"min_proj": [400930.8830667828, 6100548.672988811], "max_proj": [401003.285173538, 6100562.501538072], "height_m": 27.0}, {"min_proj": [400930.3379873734, 6100603.016421316], "max_proj": [400943.99666598556, 6100645.640980992], "height_m": 30.0}, {"min_proj": [400986.0242340162, 6100610.007649443], "max_proj": [400999.7079232975, 6100652.632626714], "height_m": 30.0}, {"min_proj": [401086.9455036614, 6100615.069729333], "max_proj": [401105.2932223997, 6100658.523877386], "height_m": 30.0}, {"min_proj": [401036.62781945337, 6100616.689867993], "max_proj": [401050.304622201, 6100659.303299909], "height_m": 30.0}, {"min_proj": [400674.0271760253, 6100431.785375153], "max_proj": [400759.4624837184, 6100448.338546221], "height_m": 6.0}, {"min_proj": [400780.40944337705, 6100459.169468528], "max_proj": [400781.396259967, 6100460.1593403015], "height_m": 3.0}, {"min_proj": [400911.9156257228, 6100571.699753429], "max_proj": [400918.1939756726, 6100577.727965657], "height_m": 3.0}, {"min_proj": [400895.4918167235, 6100573.684844623], "max_proj": [400902.702165663, 6100580.447431778], "height_m": 3.0}, {"min_proj": [400825.35243145964, 6100592.2656677915], "max_proj": [400839.031301629, 6100634.890934091], "height_m": 30.0}, {"min_proj": [400878.9813445863, 6100596.396357701], "max_proj": [400892.66608446144, 6100639.021480102], "height_m": 30.0}]}