{"id": "chunk_5_8", "ix": 5, "iy": 8, "tile_proj_bounds": [385647.2182111981, 6088438.107330536, 387147.2182111981, 6089938.107330536], "roads": [{"pts_proj": [[387483.6204315775, 6089512.030934593], [387457.6776823496, 6089522.857771849], [387439.83385655965, 6089525.409943596], [387379.6312348653, 6089531.063547591], [387129.11061545956, 6089566.878332808], [387103.46350428765, 6089569.80647868], [387088.376907669, 6089574.684228649], [387067.87041085167, 6089585.253973989], [387048.3396856963, 6089591.557530922], [386878.5179745343, 6089618.762976519]], "width_m": 8.0, "highway": "unclassified"}, {"pts_proj": [[386878.5179745343, 6089618.762976519], [387048.3396856963, 6089591.557530922], [387067.87041085167, 6089585.253973989], [387088.376907669, 6089574.684228649], [387103.46350428765, 6089569.80647868], [387129.11061545956, 6089566.878332808], [387379.6312348653, 6089531.063547591], [387439.83385655965, 6089525.409943596], [387457.6776823496, 6089522.857771849], [387473.53155763296, 6089518.652271955], [387483.6204315775, 6089512.030934593]], "width_m": 8.0, "highway": "unclassified"}, {"pts_proj": [[387483.6204315775, 6089512.030934593], [387498.32393557427, 6089487.269441765], [387508.8376135373, 6089462.835804113], [387502.6931928976, 6089447.092045413], [387486.7165553443, 6089431.606196375], [387473.9277719734, 6089423.365907374], [387453.54275992187, 6089414.581581093], [387423.0656731196, 6089410.515120712], [387371.7454351132, 6089406.994758214], [387308.0214023487, 6089416.433909785], [387228.0657749773, 6089428.820616124], [387109.1426772651, 6089450.461790777], [387006.06255053467, 6089469.212976708], [386957.6008121926, 6089466.193096995], [386942.59231439565, 6089464.010991236], [386929.0359583081, 6089450.536768379], [386923.2852152415, 6089436.253362423], [386905.065526525, 6089389.107956922], [386895.8979094107, 6089367.696552232], [386866.072251369, 6089361.546655504], [386563.00867285824, 6089474.535647348], [386197.49657440203, 6089601.555299144], [386146.14124247624, 6089614.304287009], [386055.413100028, 6089633.097879894], [385949.25940138055, 6089653.699708817], [385818.88595195743, 6089685.386166352], [385703.84104203, 6089711.130127524], [385533.90985845996, 6089749.990536542], [385467.58449534775, 6089767.460572231], [385408.13953374006, 6089782.284125049], [385391.32199949503, 6089784.050095819], [385370.5805163292, 6089781.496589046], [385348.87016809627, 6089774.392202789], [385334.3258640205, 6089771.0680209575], [385312.9699641084, 6089771.558734096], [385266.56908621895, 6089780.906888842]], "width_m": 8.0, "highway": "unclassified"}, {"pts_proj": [[385266.56908621895, 6089780.906888842], [385312.9699641084, 6089771.558734096], [385334.3258640205, 6089771.0680209575], [385348.87016809627, 6089774.392202789], [385370.5805163292, 6089781.496589046], [385391.32199949503, 6089784.050095819], [385408.13953374006, 6089782.284125049], [385467.58449534775, 6089767.460572231], [385533.90985845996, 6089749.990536542], [385703.84104203, 6089711.130127524], [385818.88595195743, 6089685.386166352], [385949.25940138055, 6089653.699708817], [386055.413100028, 6089633.097879894], [386146.14124247624, 6089614.304287009], [386197.49657440203, 6089601.555299144], [386563.00867285824, 6089474.535647348], [386866.072251369, 6089361.546655504], [386885.57083240134, 6089361.811661924], [386905.065526525, 6089389.107956922], [386923.2852152415, 6089436.253362423], [386929.0359583081, 6089450.536768379], [386942.59231439565, 6089464.010991236], [386957.6008121926, 6089466.193096995], [387006.06255053467, 6089469.212976708], [387109.1426772651, 6089450.461790777], [387228.0657749773, 6089428.820616124], [387308.0214023487, 6089416.433909785], [387371.7454351132, 6089406.994758214], [387423.0656731196, 6089410.515120712], [387453.54275992187, 6089414.581581093], [387473.9277719734, 6089423.365907374], [387486.7165553443, 6089431.606196375], [387498.92006135045, 6089442.577665678], [387506.6865971288, 6089455.786916073], [387498.32393557427, 6089487.269441765], [387483.6204315775, 6089512.030934593]], "width_m": 8.0, "highway": "unclassified"}, {"pts_proj": [[387483.6204315775, 6089512.030934593], [387467.23781582125, 6089541.131983373], [387457.8804017644, 6089555.695110987], [387448.2905032765, 6089566.612464935], [387434.65820288856, 6089575.816668374], [387419.9214513976, 6089581.619680412], [387382.28914088843, 6089587.619382734], [387165.3290552735, 6089620.819058853], [387119.19982264336, 6089628.905243395], [387038.72991878435, 6089644.882154382], [386971.5902908909, 6089657.496178623], [386931.61554296117, 6089664.605284049], [386899.9762600672, 6089670.0682545835]], "width_m": 8.0, "highway": "unclassified"}, {"pts_proj": [[386899.9762600672, 6089670.0682545835], [386931.61554296117, 6089664.605284049], [386971.5902908909, 6089657.496178623], [387038.72991878435, 6089644.882154382], [387107.27671768796, 6089631.632523292], [387165.3290552735, 6089620.819058853], [387382.28914088843, 6089587.619382734], [387419.9214513976, 6089581.619680412], [387434.65820288856, 6089575.816668374], [387448.2905032765, 6089566.612464935], [387457.8804017644, 6089555.695110987], [387467.23781582125, 6089541.131983373], [387483.6204315775, 6089512.030934593]], "width_m": 8.0, "highway": "unclassified"}, {"pts_proj": [[385670.9662682455, 6090109.813449311], [385690.06413047476, 6090107.544993616], [385803.8096414446, 6090094.091025842], [385881.83141443424, 6090084.84486659], [386060.3584014173, 6090063.357979903], [386473.3174527588, 6090013.701045204], [386731.8744362053, 6089982.7888797205], [386747.2220607442, 6089980.953735641], [386778.3564582184, 6089977.16118175], [387053.51303115103, 6089943.354603361], [387114.4138088883, 6089935.875257159], [387256.09983824525, 6089918.771144168], [387895.3180512782, 6089841.661846797], [387986.27456153254, 6089831.706059652], [388033.8157921706, 6089825.797823377], [388265.2816978346, 6089797.054402297], [388298.29697732045, 6089794.851015241], [388324.6261398078, 6089794.384199813], [388348.29847016116, 6089795.319673869], [388374.4337903813, 6089799.422487654], [388393.24712425465, 6089805.46676908], [388411.38505171787, 6089813.988323075], [388440.0423045183, 6089830.330627657], [388466.79360006837, 6089849.670764361], [388486.5954514188, 6089866.868296682], [388524.7168752569, 6089908.937667977], [388608.4681889863, 6090008.276401469]], "width_m": 14.0, "highway": "primary"}, {"pts_proj": [[388608.4681889863, 6090008.276401469], [388524.7168752569, 6089908.937667977], [388486.5954514188, 6089866.868296682], [388466.79360006837, 6089849.670764361], [388440.0423045183, 6089830.330627657], [388411.38505171787, 6089813.988323075], [388393.24712425465, 6089805.46676908], [388374.4337903813, 6089799.422487654], [388348.29847016116, 6089795.319673869], [388324.6261398078, 6089794.384199813], [388298.29697732045, 6089794.851015241], [388265.2816978346, 6089797.054402297], [388033.8157921706, 6089825.797823377], [387986.27456153254, 6089831.706059652], [387895.3180512782, 6089841.661846797], [387256.09983824525, 6089918.771144168], [387114.4138088883, 6089935.875257159], [387053.51303115103, 6089943.354603361], [386778.3564582184, 6089977.16118175], [386753.18362407014, 6089980.2464436535], [386731.8744362053, 6089982.7888797205], [386473.3174527588, 6090013.701045204], [386060.3584014173, 6090063.357979903], [385881.83141443424, 6090084.84486659], [385803.8096414446, 6090094.091025842], [385690.06413047476, 6090107.544993616], [385670.9662682455, 6090109.813449311]], "width_m": 14.0, "highway": "primary"}], "buildings": [{"min_proj": [387103.66510249575, 6089607.715115894], "max_proj": [387132.3821619861, 6089621.074934146], "height_m": 3.0}, {"min_proj": [387113.2805694735, 6089642.622962746], "max_proj": [387165.78642328404, 6089663.06002338], "height_m": 3.0}, {"min_proj": [386814.30713088746, 6089382.439832289], "max_proj": [386860.0100663636, 6089411.550155915],