{"id": "chunk_17_10", "ix": 17, "iy": 10, "tile_proj_bounds": [403647.2182111981, 6091438.107330536, 405147.2182111981, 6092938.107330536], "roads": [{"pts_proj": [[403114.55165816285, 6091898.132685455], [403195.42564916407, 6091915.986956818], [403276.88811123936, 6091927.907890236], [403347.4935127478, 6091939.797407094], [403432.60532714915, 6091953.189699401], [403521.52401012863, 6091967.024776058], [403629.619484675, 6091986.61588456], [403709.55233074987, 6091999.6127627455], [403726.11599766696, 6092000.280802139], [403748.9015873225, 6091989.472013344], [403772.89622292697, 6091986.641037997], [403841.39182701777, 6091997.036291835], [403948.84386358433, 6092015.112677528], [403964.8955243014, 6092015.803708402], [403976.8554439715, 6092013.243023973], [403985.8568664551, 6092010.400712683]], "width_m": 8.0, "highway": "unclassified"}, {"pts_proj": [[403985.8568664551, 6092010.400712683], [403971.0285232683, 6092014.492251706], [403948.84386358433, 6092015.112677528], [403841.39182701777, 6091997.036291835], [403772.89622292697, 6091986.641037997], [403748.9015873225, 6091989.472013344], [403726.11599766696, 6092000.280802139], [403709.55233074987, 6091999.6127627455], [403629.619484675, 6091986.61588456], [403521.52401012863, 6091967.024776058], [403432.60532714915, 6091953.189699401], [403347.4935127478, 6091939.797407094], [403276.88811123936, 6091927.907890236], [403195.42564916407, 6091915.986956818], [403114.55165816285, 6091898.132685455]], "width_m": 8.0, "highway": "unclassified"}, {"pts_proj": [[404533.08110873046, 6091417.81136014], [404551.1578151553, 6091437.9973531], [404554.9184622743, 6091467.794434399], [404575.3987097964, 6091500.096141734], [404600.83777808555, 6091533.071536497], [404619.8467485951, 6091582.035367677], [404634.09532286815, 6091639.671945558], [404661.9305153206, 6091650.767587237], [404672.63317235897, 6091664.309583556], [404664.59364196955, 6091726.839874862], [404638.75352776225, 6091870.798304645], [404628.4179012515, 6091923.5038660625], [404637.89095093345, 6091977.078923768], [404635.4362173421, 6092070.235909703]], "width_m": 8.0, "highway": "unclassified"}, {"pts_proj": [[404635.4362173421, 6092070.235909703], [404637.89095093345, 6091977.078923768], [404628.4179012515, 6091923.5038660625], [404638.75352776225, 6091870.798304645], [404664.59364196955, 6091726.839874862], [404672.63317235897, 6091664.309583556], [404661.9305153206, 6091650.767587237], [404634.09532286815, 6091639.671945558], [404619.8467485951, 6091582.035367677], [404600.83777808555, 6091533.071536497], [404575.3987097964, 6091500.096141734], [404554.9184622743, 6091467.794434399], [404551.1578151553, 6091437.9973531], [404533.08110873046, 6091417.81136014]], "width_m": 8.0, "highway": "unclassified"}, {"pts_proj": [[403058.49651962146, 6092253.445847564], [403095.59086537466, 6092252.609648909], [403117.7286537264, 6092254.3125032075], [403264.5126055874, 6092272.968806405], [403899.9164532693, 6092359.9636502145], [404164.8502462148, 6092400.092930478], [404230.62016357726, 6092410.05131706], [404408.09236367175, 6092432.29633042], [404424.83589276334, 6092434.276590625]], "width_m": 8.0, "highway": "unclassified"}, {"pts_proj": [[404424.83589276334, 6092434.276590625], [404408.09236367175, 6092432.29633042], [404230.62016357726, 6092410.05131706], [404164.8502462148, 6092400.092930478], [403899.9164532693, 6092359.9636502145], [403264.5126055874, 6092272.968806405], [403117.7286537264, 6092254.3125032075], [403095.59086537466, 6092252.609648909], [403058.49651962146, 6092253.445847564]], "width_m": 8.0, "highway": "unclassified"}, {"pts_proj": [[404424.83589276334, 6092434.276590625], [404546.55896282103, 6092450.737688261], [404599.6587970831, 6092457.921466997], [404855.5088992938, 6092492.540823272], [404974.6209740039, 6092508.657056195], [405022.1449655228, 6092515.095859688], [405094.3221139219, 6092525.1201541005], [405220.01912090136, 6092542.940008763], [405242.3691985302, 6092545.728555315]], "width_m": 8.0, "highway": "unclassified"}, {"pts_proj": [[405242.3691985302, 6092545.728555315], [405220.01912090136, 6092542.940008763], [405094.3221139219, 6092525.1201541005], [405022.1449655228, 6092515.095859688], [404974.6209740039, 6092508.657056195], [404855.5088992938, 6092492.540823272], [404599.6587970831, 6092457.921466997], [404546.55896282103, 6092450.737688261], [404424.83589276334, 6092434.276590625]], "width_m": 8.0, "highway": "unclassified"}, {"pts_proj": [[405233.75223384594, 6092294.671542312], [405221.920051109, 6092285.404454066], [405103.4236497171, 6092252.927305316], [405084.5953323514, 6092249.586105267], [405068.8783067529, 6092247.403503816], [405041.2172292317, 6092232.817598523]], "width_m": 8.0, "highway": "unclassified"}, {"pts_proj": [[405041.2172292317, 6092232.817598523], [405068.8783067529, 6092247.403503816], [405084.5953323514, 6092249.586105267], [405103.4236497171, 6092252.927305316], [405213.148579815, 6092280.658816551], [405227.89760903025, 6092291.277862684], [405233.75223384594, 6092294.671542312]], "width_m": 8.0, "highway": "unclassified"}, {"pts_proj": [[404537.5961024371, 6093116.421731186], [404513.04568712926, 6093070.704472822], [404510.587385369, 6093031.9965649145], [404513.4069695046, 6092958.245044174], [404512.48877014575, 6092941.912263836], [404506.2145944527, 6092898.421222862], [404473.19844653376, 6092697.565098356], [404453.30105223175, 6092588.242909527], [404444.5924958241, 6092537.245514804], [404424.83589276334, 6092434.276590625]], "width_m": 8.0, "highway": "unclassified"}, {"pts_proj": [[404424.83589276334, 6092434.276590625], [404444.5924958241, 6092537.245514804], [404453.30105223175, 6092588.242909527], [404473.19844653376, 6092697.565098356], [404506.2145944527, 6092898.421222862], [404512.48877014575, 6092941.912263836], [404513.4069695046, 6092958.245044174], [404510.587385369, 6093031.9965649145], [404510.6868719981, 6093058.877330754], [404537.5961024371, 6093116.421731186]], "width_m": 8.0, "highway": "unclassified"}], "buildings": [{"min_proj": [403999.2334128678, 6091795.672734346], "max_proj": [404052.3917505031, 6091962.938126916], "height_m": 3.0}, {"min_proj": [403865.2557022965, 6092420.117279784], "max_proj": [403896.36578984023, 6092444.273315425], "height_m": 3.0}, {"min_proj": [403931.7194726839, 6092434.783055372], "max_proj": [403975.14594161365, 6092453.062390691], "height_m": 3.0}, {"min_proj": [403904.17803533224, 6092476.126964629], "max_proj": [403936.62705170066, 6092495.38742334], "height_m": 3.0}, {"min_proj": [403694.0703008267, 6092510.52788668], "max_proj": [403747.8396592345, 6092549.741650049], "height_m": 9.0}, {"min_proj": [403706.49267404317, 6092571.48489702], "max_proj": [403742.47376080055, 6092606.978762933], "height_m": 3.0}, {"min_proj": [403694.3593763748, 6092578.105365517], "max_proj": [403709.7189147305, 6092602.514700736], "height_m": 3.0}, {"min_proj": [403745.84605250886, 6092659.850654318], "max_proj": [403797.42730832903, 6092698.29936801], "height_m": 3.0}, {"min_proj": [403548.77900410356, 6092501.844108307], "max_proj": [403648.13032982126, 6092614.061476281], "height_m": 3.0}, {"min_proj": [403469.8228469286, 6092611.05408306], "max_proj": [403689.6291286401, 6092676.408918838], "height_m": 3.0}, {"min_proj": [404043.5741926368, 6091874.753863603], "max_proj": [404058.7876138561, 6091893.553775632], "height_m": 3.0}, {"min_proj": [403993.62165777315, 6091949.928881055], "max_proj": [404000.5159019213, 6091958.296134236], "height_m": 3.0}, {"min_proj": [403983.20541089174, 6092020.599041557], "max_proj": [403991.6125633339, 6092031.182019755], "height_m": 3.0}, {"min_proj": [404115.1389540898, 6092061.017250685], "max_proj": [404133.4298993803, 6092088.824386628], "height_m": 3.0}, {"min_proj": [404104.2717434565, 6092092.2056821445], "max_proj": [404153.2974465666, 6092171.319544502], "height_m": 3.0}, {"min_proj": [404150.3378142377, 6092116.350138975],