{"id": "chunk_9_10", "ix": 9, "iy": 10, "tile_proj_bounds": [391647.2182111981, 6091438.107330536, 393147.2182111981, 6092938.107330536], "roads": [{"pts_proj": [[393437.25283768936, 6090751.018923947], [393412.46080780326, 6090800.190892398], [393393.6575653836, 6090839.301454976], [393372.10793932294, 6090884.14391981], [393332.41221570456, 6090961.7250597095], [393314.35155962716, 6090997.790287802], [393272.29332619836, 6091077.231773209], [393255.52124134736, 6091106.030436222], [393213.3247540592, 6091178.506887353], [393203.55745860946, 6091195.282661643], [393193.08103107056, 6091210.795124208], [393115.90061982645, 6091353.3289576685], [393099.4889069389, 6091382.375740287], [393086.2600945447, 6091403.587238173], [393075.08364107396, 6091417.914404494], [393055.790713929, 6091437.34481575], [393021.7034764108, 6091461.225373503], [393008.6579891839, 6091468.36118901], [392986.4926341953, 6091473.722168302], [392962.3179863963, 6091473.008358102], [392947.3519799636, 6091472.1525332], [392892.57095359504, 6091468.318748463], [392832.8244468148, 6091463.65814693], [392625.8594317546, 6091450.813129147], [392419.40135599574, 6091437.809590605], [392401.7507443931, 6091435.884523782], [392387.69192863407, 6091433.338876527], [392374.3548536631, 6091428.03730923], [392358.1030025681, 6091418.208046399], [392344.97525172296, 6091407.758264155], [392305.5962306281, 6091368.872249494], [392280.974995387, 6091344.5605301075], [392273.9005925619, 6091337.56123128]], "width_m": 12.0, "highway": "secondary"}, {"pts_proj": [[392273.9005925619, 6091337.56123128], [392305.5962306281, 6091368.872249494], [392344.97525172296, 6091407.758264155], [392358.1030025681, 6091418.208046399], [392374.3548536631, 6091428.03730923], [392387.69192863407, 6091433.338876527], [392401.7507443931, 6091435.884523782], [392419.40135599574, 6091437.809590605], [392625.8594317546, 6091450.813129147], [392832.8244468148, 6091463.65814693], [392892.57095359504, 6091468.318748463], [392947.3519799636, 6091472.1525332], [392962.3179863963, 6091473.008358102], [392986.4926341953, 6091473.722168302], [393008.6579891839, 6091468.36118901], [393021.7034764108, 6091461.225373503], [393055.790713929, 6091437.34481575], [393066.34313278575, 6091427.474382509], [393086.2600945447, 6091403.587238173], [393099.4889069389, 6091382.375740287], [393115.90061982645, 6091353.3289576685], [393193.08103107056, 6091210.795124208], [393203.55745860946, 6091195.282661643], [393213.3247540592, 6091178.506887353], [393255.52124134736, 6091106.030436222], [393267.1172225223, 6091086.127514948], [393314.35155962716, 6090997.790287802], [393332.41221570456, 6090961.7250597095], [393372.10793932294, 6090884.14391981], [393392.76021091384, 6090841.170803275], [393412.46080780326, 6090800.190892398], [393437.25283768936, 6090751.018923947]], "width_m": 12.0, "highway": "secondary"}], "buildings": [{"min_proj": [391921.19339513255, 6092140.76299913], "max_proj": [391930.38952146913, 6092150.168223223], "height_m": 3.0}, {"min_proj": [391887.0944547686, 6092166.042020659], "max_proj": [391910.96862206643, 6092186.8205268225], "height_m": 3.0}, {"min_proj": [391897.54770774697, 6092188.399518919], "max_proj": [391931.39169900643, 6092206.363977942], "height_m": 3.0}, {"min_proj": [391863.87019777106, 6092198.312663458], "max_proj": [391876.4982947494, 6092211.216378383], "height_m": 3.0}, {"min_proj": [391769.75132698705, 6092108.863693697], "max_proj": [391779.6066225483, 6092118.261303463], "height_m": 3.0}, {"min_proj": [392536.4326940595, 6091790.935696181], "max_proj": [392544.9399545375, 6091799.430451983], "height_m": 3.0}, {"min_proj": [392963.0872918362, 6091499.308825333], "max_proj": [392967.6655562835, 6091506.454937647], "height_m": 3.0}, {"min_proj": [393001.18776144326, 6091531.204169923], "max_proj": [393014.3766310464, 6091540.854076116], "height_m": 3.0}, {"min_proj": [393102.2219333824, 6091523.171660154], "max_proj": [393114.2370984352, 6091540.198864843], "height_m": 3.0}, {"min_proj": [393074.96057999064, 6091527.483956664], "max_proj": [393081.2539106135, 6091537.275105462], "height_m": 3.0}, {"min_proj": [393131.6015704157, 6091552.527219974], "max_proj": [393149.7310195368, 6091589.623329379], "height_m": 3.0}, {"min_proj": [393138.2776496885, 6091826.241647661], "max_proj": [393148.34724788147, 6091836.153433004], "height_m": 3.0}, {"min_proj": [393120.76217567135, 6091922.292824935], "max_proj": [393135.2153730214, 6091937.076369744], "height_m": 3.0}, {"min_proj": [392153.13637161296, 6091340.092948275], "max_proj": [392263.9487625999, 6091460.738206513], "height_m": 6.0}, {"min_proj": [392311.76000629616, 6091439.857367708], "max_proj": [392325.18728352507, 6091454.3501893915], "height_m": 3.0}, {"min_proj": [392292.1803003053, 6091472.488300648], "max_proj": [392345.35948548664, 6091522.38602888], "height_m": 3.0}, {"min_proj": [392260.5531106637, 6091513.3916599555], "max_proj": [392276.2475379685, 6091529.060270572], "height_m": 3.0}, {"min_proj": [392326.5790073962, 6091513.52271535], "max_proj": [392370.56012507447, 6091557.403939077], "height_m": 3.0}, {"min_proj": [392483.1666263151, 6091711.329630592], "max_proj": [392545.1316079129, 6091776.164643924], "height_m": 3.0}, {"min_proj": [392401.3163324681, 6091742.821945065], "max_proj": [392440.1087487361, 6091781.075525647], "height_m": 3.0}, {"min_proj": [392498.69536540296, 6091767.801601757], "max_proj": [392513.4718216923, 6091782.077044042], "height_m": 3.0}, {"min_proj": [392157.28996521456, 6091538.021603993], "max_proj": [392179.7544335904, 6091560.83635749], "height_m": 3.0}, {"min_proj": [392265.8748966797, 6091542.020900531], "max_proj": [392288.16345655883, 6091561.787866041], "height_m": 3.0}, {"min_proj": [392226.1454222725, 6091575.830683092], "max_proj": [392249.43189204327, 6091598.749731139], "height_m": 3.0}, {"min_proj": [392289.15186060395, 6091593.009317148], "max_proj": [392314.5367072194, 6091618.942722805], "height_m": 3.0}, {"min_proj": [392317.51504598046, 6091624.483827715], "max_proj": [392346.5832378232, 6091654.682175703], "height_m": 3.0}, {"min_proj": [392337.9398822264, 6091692.654276463], "max_proj": [392381.54684207373, 6091741.670646531], "height_m": 3.0}, {"min_proj": [392570.0555734185, 6091870.4237310225], "max_proj": [392626.63986303913, 6091925.122416472], "height_m": 3.0}, {"min_proj": [392746.8077492738, 6091395.66701965], "max_proj": [392805.1311403198, 6091440.384945784], "height_m": 3.0}, {"min_proj": [392835.04851990053, 6091434.084611444], "max_proj": [392842.0017045565, 6091438.798957227], "height_m": 3.0}, {"min_proj": [392835.85072496627, 6091616.10734312], "max_proj": [392874.808721397, 6091630.761527522], "height_m": 3.0}, {"min_proj": [392808.5315887658, 6091617.738554293], "max_proj": [392836.40570616844, 6091631.927277074], "height_m": 3.0}, {"min_proj": [392846.48381785804, 6091676.940644809], "max_proj": [392864.6613037354, 6091690.45338892], "height_m": 3.0}, {"min_proj": [392812.2597961514, 6091810.564376682], "max_proj": [392833.0649514566, 6091822.8054888565], "height_m": 3.0}, {"min_proj": [392860.68540826475, 6091818.2930556815], "max_proj": [392875.7752858217, 6091839.886444827], "height_m": 3.0}, {"min_proj": [392800.0985939478, 6091824.3944750065], "max_proj": [392808.72863154934, 6091836.159581313], "height_m": 3.0}, {"min_proj": [392999.7815772892, 6091540.697584119], "max_proj": [393014.6821620011, 6091565.730914661], "height_m": 3.0}, {"min_proj": [393003.06481980794, 6091565.560431051], "max_proj": [393014.8121385524, 6091576.499795913], "height_m": 3.0}, {"min_proj": [392905.873674431, 6091639.526121606], "max_proj": [392958.9639345209, 6091661.861523372], "height_m": 3.0}, {"min_proj": [392989.8095504768, 6091657.800444749], "max_proj": [393009.35239732754, 6091669.627403525], "height_m": 3.0}, {"min_proj": [392899.4381893296, 6091738.662829186], "max_proj": [392920.15283551055, 6091758.132534243],