{"id": "chunk_2_17", "ix": 2, "iy": 17, "tile_proj_bounds": [381147.2182111981, 6101938.107330536, 382647.2182111981, 6103438.107330536], "roads": [{"pts_proj": [[382776.7734391, 6102987.299478102], [382730.18576529063, 6103068.519347652], [382704.6054727282, 6103121.553606345], [382688.0721423166, 6103149.945036645], [382681.11621734325, 6103173.887306964], [382661.3863643093, 6103184.715914234], [382644.9435046606, 6103200.49061718], [382631.91554833355, 6103226.073462726], [382627.87139803823, 6103248.458460418], [382625.6958363941, 6103269.970414564], [382626.35405018774, 6103286.976598649], [382634.9419186956, 6103301.046437935], [382658.78990829457, 6103310.517543908], [382676.3434742332, 6103314.398126423]], "width_m": 8.0, "highway": "unclassified"}, {"pts_proj": [[382676.3434742332, 6103314.398126423], [382658.78990829457, 6103310.517543908], [382634.9419186956, 6103301.046437935], [382626.35405018774, 6103286.976598649], [382625.6958363941, 6103269.970414564], [382627.87139803823, 6103248.458460418], [382631.91554833355, 6103226.073462726], [382644.9435046606, 6103200.49061718], [382661.3863643093, 6103184.715914234], [382681.11621734325, 6103173.887306964], [382688.0721423166, 6103149.945036645], [382704.6054727282, 6103121.553606345], [382730.18576529063, 6103068.519347652], [382776.7734391, 6102987.299478102]], "width_m": 8.0, "highway": "unclassified"}], "buildings": [{"min_proj": [382592.72084652167, 6103353.912944421], "max_proj": [382603.2020606338, 6103360.104787682], "height_m": 3.0}]}