{"id": "chunk_3_12", "ix": 3, "iy": 12, "tile_proj_bounds": [382647.2182111981, 6094438.107330536, 384147.2182111981, 6095938.107330536], "roads": [{"pts_proj": [[382623.34519318864, 6094689.684501624], [382674.6094106313, 6094661.096285559], [382698.6318984803, 6094654.755004163], [382716.730691261, 6094640.786734303], [382724.4596900962, 6094628.125709343], [382730.07550382556, 6094614.2285814965], [382742.46450815024, 6094601.278474352], [382776.95129189343, 6094576.927683498], [382838.95911253756, 6094521.595565975], [382853.61451929295, 6094514.977118258], [382867.90837953077, 6094514.602974201], [382882.5667795326, 6094518.372151392], [382907.7938291978, 6094538.208891657], [382928.89863681427, 6094539.73871108], [382949.4467326081, 6094519.739775221], [383011.68281436106, 6094442.415454481], [383031.4563858198, 6094417.2489477], [383049.2803276606, 6094399.058544344], [383064.1179498179, 6094389.585867759], [383078.4576520134, 6094384.089788819]], "width_m": 7.0, "highway": "residential"}, {"pts_proj": [[383078.4576520134, 6094384.089788819], [383064.1179498179, 6094389.585867759], [383049.2803276606, 6094399.058544344], [383031.4563858198, 6094417.2489477], [383011.68281436106, 6094442.415454481], [382949.4467326081, 6094519.739775221], [382937.82063769276, 6094532.758388281], [382918.8382639607, 6094542.852092375], [382894.1901043274, 6094525.070985276], [382867.90837953077, 6094514.602974201], [382853.61451929295, 6094514.977118258], [382838.95911253756, 6094521.595565975], [382776.95129189343, 6094576.927683498], [382742.46450815024, 6094601.278474352], [382730.07550382556, 6094614.2285814965], [382724.4596900962, 6094628.125709343], [382716.730691261, 6094640.786734303], [382698.6318984803, 6094654.755004163], [382674.6094106313, 6094661.096285559], [382623.34519318864, 6094689.684501624]], "width_m": 7.0, "highway": "residential"}, {"pts_proj": [[384656.6287545515, 6095501.745476946], [384616.8589105956, 6095459.072398225], [384586.64083749277, 6095424.659149811], [384504.85110876977, 6095337.836143026], [384482.3565773315, 6095313.288774785], [384444.8960608505, 6095272.416764843], [384421.98234616057, 6095246.28842473], [384336.6578553523, 6095157.444228149], [384318.5497096111, 6095137.471403805], [384284.9356178426, 6095100.386751489], [384251.0052904681, 6095063.9673857], [384226.570735072, 6095039.515928011], [384207.79453488905, 6095020.729814581], [384146.7366556102, 6094954.585597997], [384115.1594146843, 6094920.3663495295], [384104.15644140216, 6094908.582669118], [384042.56188706466, 6094842.598402204], [383982.89523892733, 6094778.691424554], [383971.47542670614, 6094766.907719867], [383952.89168423257, 6094747.727937181], [383650.6675588155, 6094435.8110589925], [383634.5220524431, 6094419.152080797]], "width_m": 7.0, "highway": "residential"}, {"pts_proj": [[383634.5220524431, 6094419.152080797], [383650.6675588155, 6094435.8110589925], [383952.89168423257, 6094747.727937181], [383971.47542670614, 6094766.907719867], [383982.89523892733, 6094778.691424554], [384042.56188706466, 6094842.598402204], [384098.2170911532, 6094902.2234417265], [384115.1594146843, 6094920.3663495295], [384146.7366556102, 6094954.585597997], [384207.79453488905, 6095020.729814581], [384226.570735072, 6095039.515928011], [384251.0052904681, 6095063.9673857], [384284.9356178426, 6095100.386751489], [384318.5497096111, 6095137.471403805], [384336.6578553523, 6095157.444228149], [384421.98234616057, 6095246.28842473], [384444.8960608505, 6095272.416764843], [384482.3565773315, 6095313.288774785], [384504.85110876977, 6095337.836143026], [384586.64083749277, 6095424.659149811], [384609.35403838154, 6095451.027241654], [384656.6287545515, 6095501.745476946]], "width_m": 7.0, "highway": "residential"}, {"pts_proj": [[384047.7366989101, 6095495.296677267], [383946.12635556224, 6095591.37464035]], "width_m": 8.0, "highway": "unclassified"}, {"pts_proj": [[383946.12635556224, 6095591.37464035], [384047.7366989101, 6095495.296677267]], "width_m": 8.0, "highway": "unclassified"}, {"pts_proj": [[383946.12635556224, 6095591.37464035], [384081.45782976924, 6095742.064351998], [384147.6566344971, 6095813.54077254]], "width_m": 8.0, "highway": "unclassified"}, {"pts_proj": [[384147.6566344971, 6095813.54077254], [384081.45782976924, 6095742.064351998], [383946.12635556224, 6095591.37464035]], "width_m": 8.0, "highway": "unclassified"}, {"pts_proj": [[383863.7363147711, 6096580.029008289], [383780.1654616063, 6096482.109818198], [383697.03580409166, 6096388.99026696], [383652.5856247826, 6096339.199430578], [383551.10491702205, 6096224.5822417615], [383528.95385114965, 6096203.938519573], [383444.58895169373, 6096117.847320227], [383432.764492663, 6096104.962230516], [383423.734034292, 6096089.755375067], [383427.3874842098, 6096074.975028486], [383806.0850801165, 6095721.552996508], [383946.12635556224, 6095591.37464035]], "width_m": 8.0, "highway": "unclassified"}, {"pts_proj": [[383946.12635556224, 6095591.37464035], [383806.0850801165, 6095721.552996508], [383427.3874842098, 6096074.975028486], [383423.734034292, 6096089.755375067], [383432.764492663, 6096104.962230516], [383444.58895169373, 6096117.847320227], [383528.95385114965, 6096203.938519573], [383551.10491702205, 6096224.5822417615], [383652.5856247826, 6096339.199430578], [383697.03580409166, 6096388.99026696], [383780.1654616063, 6096482.109818198], [383863.7363147711, 6096580.029008289]], "width_m": 8.0, "highway": "unclassified"}], "buildings": [{"min_proj": [383506.50180087157, 6094531.540049376], "max_proj": [383535.653384002, 6094560.117287166], "height_m": 3.0}, {"min_proj": [382800.7654337812, 6094445.9438379975], "max_proj": [382829.8771437182, 6094469.669834949], "height_m": 3.0}, {"min_proj": [383042.4878534054, 6094461.901638214], "max_proj": [383062.9109177488, 6094479.792816163], "height_m": 3.0}, {"min_proj": [382841.65763142635, 6094472.572576155], "max_proj": [382864.51223230036, 6094495.15053947], "height_m": 3.0}, {"min_proj": [383016.9673101149, 6094474.968003131], "max_proj": [383035.3498064941, 6094493.309103114], "height_m": 3.0}, {"min_proj": [382747.53660238924, 6094487.811362285], "max_proj": [382759.79437900486, 6094500.639079604], "height_m": 3.0}, {"min_proj": [382901.50627633807, 6094484.89083262], "max_proj": [382933.0400089427, 6094507.351023785], "height_m": 3.0}, {"min_proj": [383362.09672417777, 6094394.483137443], "max_proj": [383596.7193869948, 6094613.344945577], "height_m": 3.0}, {"min_proj": [382908.9139713759, 6094506.642608401], "max_proj": [382937.7261138784, 6094530.351610645], "height_m": 3.0}, {"min_proj": [382877.7329533122, 6094523.890304925], "max_proj": [382896.1244023886, 6094541.851278001], "height_m": 3.0}, {"min_proj": [382727.5003318379, 6094540.5442167735], "max_proj": [382747.4280859093, 6094558.176076758], "height_m": 3.0}, {"min_proj": [382823.614900465, 6094556.944535679], "max_proj": [382838.5803010131, 6094568.734847103], "height_m": 3.0}, {"min_proj": [382843.2715662258, 6094566.1069079805], "max_proj": [382857.87146614015, 6094578.671156762], "height_m": 3.0}, {"min_proj": [382724.1224320917, 6094567.418229092], "max_proj": [382744.1821571531, 6094583.469061335], "height_m": 3.0}, {"min_proj": [382799.1358195998, 6094568.3920132695], "max_proj": [382817.9225789965, 6094582.784801347], "height_m": 3.0}, {"min_proj": [382813.8904886064, 6094581.419467662], "max_proj": [382835.26080680836, 6094599.935081527], "height_m": 3.0}, {"min_proj": [382719.26303066587, 6094586.411780121], "max_proj": [382733.1969354913, 6094600.941551464], "height_m": 3.0}, {"min_proj": [382673.8521306991, 6094587.667738963], "max_proj": [382709.0407693807, 6094614.713392432], "height_m": 3.0}, {"min_proj": [382777.4757099392, 6094601.937024797], "max_proj": [382803.25431215676, 6094622.091942184], "height_m": 3.0}, {"min_proj": [383899.17272612057, 6094790.7809184315], "max_proj": [383975.1973671294, 6094864.475491277],