{"id": "chunk_6_41", "ix": 6, "iy": 41, "tile_proj_bounds": [387147.2182111981, 6137938.107330536, 388647.2182111981, 6139438.107330536], "roads": [], "buildings": [{"min_proj": [387286.71038839576, 6137909.472377899], "max_proj": [387329.55885065295, 6137947.340913209], "height_m": 3.0}, {"min_proj": [387323.99778996484, 6137901.6782435095], "max_proj": [387352.18376421835, 6137955.807531193], "height_m": 3.0}, {"min_proj": [387426.59101551207, 6137933.379048766], "max_proj": [387433.41307027236, 6137940.25278449], "height_m": 3.0}]}