{"id": "chunk_2_22", "ix": 2, "iy": 22, "tile_proj_bounds": [381147.2182111981, 6109438.107330536, 382647.2182111981, 6110938.107330536], "roads": [], "buildings": [{"min_proj": [382391.9485192478, 6110357.291203996], "max_proj": [382402.06140683015, 6110367.932316836], "height_m": 3.0}]}