{"id": "chunk_6_5", "ix": 6, "iy": 5, "tile_proj_bounds": [387147.2182111981, 6083938.107330536, 388647.2182111981, 6085438.107330536], "roads": [], "buildings": [{"min_proj": [388644.1010413818, 6084659.4457785925], "max_proj": [388659.47103670036, 6084672.7475479795], "height_m": 3.0}]}