{"id": "chunk_12_5", "ix": 12, "iy": 5, "tile_proj_bounds": [396147.2182111981, 6083938.107330536, 397647.2182111981, 6085438.107330536], "roads": [{"pts_proj": [[395853.9895703355, 6084898.90407261], [395920.4598382994, 6084926.361940247], [395982.18791122735, 6084951.860051531], [396044.63417844306, 6084977.654058019], [396104.8450156234, 6085002.521011141], [396165.04901234584, 6085027.400039485], [396226.10688640183, 6085052.616343228], [396288.44665685424, 6085078.3715789355], [396349.3220402932, 6085103.526934505], [396410.3131560758, 6085128.724950389], [396471.2063691938, 6085153.881500974], [396531.26359933335, 6085178.701894626], [396592.93914207054, 6085204.187114524], [396653.84307242197, 6085229.34582627], [396714.8760630522, 6085254.56916443], [396775.9601502408, 6085279.814398457], [396833.51130060194, 6085303.482950795], [396876.5737137111, 6085321.395787561], [396891.64939428575, 6085329.832709262], [396913.43382408924, 6085345.774497771]], "width_m": 7.0, "highway": "residential"}, {"pts_proj": [[396913.43382408924, 6085345.774497771], [396891.64939428575, 6085329.832709262], [396876.5737137111, 6085321.395787561], [396837.8982534487, 6085305.408173311], [396775.9601502408, 6085279.814398457], [396714.8760630522, 6085254.56916443], [396653.84307242197, 6085229.34582627], [396592.93914207054, 6085204.187114524], [396531.26359933335, 6085178.701894626], [396471.2063691938, 6085153.881500974], [396410.3131560758, 6085128.724950389], [396349.3220402932, 6085103.526934505], [396288.44665685424, 6085078.3715789355], [396226.10688640183, 6085052.616343228], [396165.04901234584, 6085027.400039485], [396104.8450156234, 6085002.521011141], [396044.63417844306, 6084977.654058019], [395985.0897691057, 6084953.061885844], [395920.4598382994, 6084926.361940247], [395853.9895703355, 6084898.90407261]], "width_m": 7.0, "highway": "residential"}, {"pts_proj": [[395966.42519957095, 6085377.00729248], [396017.4686478392, 6085376.837601244], [396087.4345999555, 6085379.9708147645], [396131.65112604573, 6085380.004994104], [396170.376918233, 6085374.500335744], [396173.0343849951, 6085420.336818866], [396168.7195361167, 6085448.990655526], [396162.62048380286, 6085460.130332788]], "width_m": 7.0, "highway": "residential"}, {"pts_proj": [[396162.62048380286, 6085460.130332788], [396173.0343849951, 6085420.336818866], [396170.376918233, 6085374.500335744], [396131.65112604573, 6085380.004994104], [396087.4345999555, 6085379.9708147645], [396017.4686478392, 6085376.837601244], [395966.42519957095, 6085377.00729248]], "width_m": 7.0, "highway": "residential"}, {"pts_proj": [[396913.43382408924, 6085345.774497771], [396895.34133400023, 6085367.129536848], [396883.6973325975, 6085378.228555384], [396869.827389596, 6085390.15799565], [396857.21504053136, 6085399.587254242], [396841.48914104817, 6085410.858110971], [396825.67774457997, 6085420.917589903], [396806.9944345973, 6085432.445797837], [396746.450670895, 6085467.679754597], [396694.45205178397, 6085497.073893636], [396625.38958168856, 6085536.112429314]], "width_m": 14.0, "highway": "primary"}, {"pts_proj": [[396625.38958168856, 6085536.112429314], [396694.45205178397, 6085497.073893636], [396746.450670895, 6085467.679754597], [396806.9944345973, 6085432.445797837], [396825.67774457997, 6085420.917589903], [396841.48914104817, 6085410.858110971], [396857.21504053136, 6085399.587254242], [396869.827389596, 6085390.15799565], [396883.6973325975, 6085378.228555384], [396895.34133400023, 6085367.129536848], [396906.26845534786, 6085354.978332591], [396913.43382408924, 6085345.774497771]], "width_m": 14.0, "highway": "primary"}, {"pts_proj": [[396819.80946428224, 6085973.951697769], [396829.446549858, 6085953.747971074], [396844.5900669313, 6085906.344367649], [396852.07385067723, 6085885.088113964], [396859.594811049, 6085872.981627573], [396871.7253719083, 6085857.997332283], [396890.53215864126, 6085839.074765375], [396959.6101363065, 6085777.363732773], [396977.447695377, 6085760.055700346], [397108.93931682955, 6085637.180014131], [397188.28862132714, 6085563.537455869], [397256.5420774112, 6085500.191506908], [397322.57598142006, 6085440.960646731], [397368.9006548244, 6085398.033485359], [397388.4358000871, 6085379.931406349], [397441.84739542165, 6085330.442109069], [397581.75498496735, 6085190.713129047]], "width_m": 7.0, "highway": "residential"}, {"pts_proj": [[397581.75498496735, 6085190.713129047], [397441.84739542165, 6085330.442109069], [397388.4358000871, 6085379.931406349], [397368.9006548244, 6085398.033485359], [397322.57598142006, 6085440.960646731], [397256.5420774112, 6085500.191506908], [397188.28862132714, 6085563.537455869], [397108.93931682955, 6085637.180014131], [396977.447695377, 6085760.055700346], [396959.6101363065, 6085777.363732773], [396890.53215864126, 6085839.074765375], [396871.7253719083, 6085857.997332283], [396859.594811049, 6085872.981627573], [396852.07385067723, 6085885.088113964], [396844.5900669313, 6085906.344367649], [396829.446549858, 6085953.747971074], [396819.80946428224, 6085973.951697769]], "width_m": 7.0, "highway": "residential"}, {"pts_proj": [[397581.75498496735, 6085190.713129047], [397706.7903962012, 6085059.788040924], [397823.6339389293, 6084926.014099856], [397926.95118915784, 6084799.141120482], [398025.91290565673, 6084662.428784271]], "width_m": 8.0, "highway": "unclassified"}, {"pts_proj": [[398025.91290565673, 6084662.428784271], [397926.95118915784, 6084799.141120482], [397823.6339389293, 6084926.014099856], [397706.7903962012, 6085059.788040924], [397581.75498496735, 6085190.713129047]], "width_m": 8.0, "highway": "unclassified"}, {"pts_proj": [[396913.43382408924, 6085345.774497771], [396923.390664259, 6085330.472970908], [396932.2431281479, 6085314.28399337], [396944.5138473854, 6085289.956913063], [396955.3357202431, 6085268.73559138], [397005.0534844391, 6085163.50944126], [397056.20191137027, 6085060.70019226], [397075.20238393807, 6085028.215236415], [397089.4496928949, 6085008.607834267], [397102.2783274263, 6084993.151871105], [397126.529119359, 6084968.038713972], [397209.5817586759, 6084881.309902985], [397511.8280694312, 6084569.392916005], [397535.3888601686, 6084546.7358060265], [397552.02372950304, 6084532.073807845], [397573.13206357433, 6084516.92020242], [397596.1480010391, 6084505.229786001], [397623.69499880687, 6084496.697864168], [397648.90078054, 6084491.280791146], [397663.57911695563, 6084489.554717719], [397681.750118673, 6084487.938345873], [397759.61448578717, 6084487.511644607], [397843.6745509849, 6084488.414752235], [397956.01828172035, 6084487.207123912], [398006.0444551939, 6084487.617824027], [398031.6209438102, 6084485.511830039], [398047.7704063443, 6084483.018896408], [398063.55167923606, 6084478.719864775], [398079.91816715937, 6084473.350066225], [398091.20656868914, 6084469.53160732]], "width_m": 14.0,