{"id": "chunk_8_10", "ix": 8, "iy": 10, "tile_proj_bounds": [390147.2182111981, 6091438.107330536, 391647.2182111981, 6092938.107330536], "roads": [{"pts_proj": [[391351.730078263, 6093091.448424865], [391265.7430200714, 6093043.160196592], [391079.6028128753, 6092937.080593014], [390988.04480178613, 6092885.3927932475], [390957.89703257324, 6092872.132987323], [390941.625669202, 6092868.009365859], [390923.825941449, 6092864.769124443], [390901.45172455715, 6092863.822433458], [390868.8037373826, 6092867.557086857], [390842.284701389, 6092876.018718029], [390814.23706092325, 6092889.549802638], [390794.68895844417, 6092903.641923426], [390778.63658504933, 6092919.2631148], [390763.2337256194, 6092938.664802939], [390749.82648216374, 6092960.845584718], [390724.4334375394, 6093003.0796283]], "width_m": 14.0, "highway": "primary"}, {"pts_proj": [[391245.1707895814, 6093073.117101049], [391204.71071852377, 6093050.209188259], [391061.33488443645, 6092967.7504689535], [390978.5971952485, 6092920.323656767], [390955.41562632966, 6092909.354605352], [390936.37939052586, 6092901.880582002], [390916.9320925317, 6092899.092416768], [390887.62266777543, 6092899.216518236], [390862.74258886615, 6092905.021892042], [390837.91390656226, 6092916.348012929], [390821.10183174664, 6092930.495777463], [390801.491397652, 6092952.003830251]], "width_m": 12.0, "highway": "secondary"}, {"pts_proj": [[390647.9371377175, 6093107.235433075], [390662.3978746793, 6093083.915299789], [390671.67287365685, 6093068.258748576], [390696.6392961667, 6093024.587521366], [390738.14098814235, 6092952.01297036], [390750.23381500813, 6092931.344885022], [390768.68421174574, 6092907.1819007], [390786.98905874183, 6092889.646558064], [390811.8250363363, 6092872.05222149], [390844.2007471232, 6092857.413663344], [390871.95297664264, 6092850.669838537], [390899.0896452181, 6092848.360898797], [390918.300767906, 6092848.805733213], [390942.36979536223, 6092852.282901589], [390966.2265151875, 6092858.615356589], [390997.60805257724, 6092872.568815445], [391088.0684464564, 6092922.569068539], [391125.34833459626, 6092943.671879227], [391176.70709756017, 6092973.060665349], [391274.20253781154, 6093028.38199827], [391466.7757193384, 6093138.399159756], [391480.8326675152, 6093146.341171785]], "width_m": 14.0, "highway": "primary"}], "buildings": [{"min_proj": [391521.5436658961, 6092928.623397649], "max_proj": [391881.02648907015, 6093015.281751418], "height_m": 3.0}, {"min_proj": [390564.58672209317, 6092736.628000726], "max_proj": [390647.1897180761, 6092763.27894246], "height_m": 3.0}, {"min_proj": [390646.3440346444, 6092756.7906545745], "max_proj": [390718.00594982697, 6092778.466321403], "height_m": 3.0}, {"min_proj": [390583.96658118523, 6092760.555877307], "max_proj": [390613.6231027928, 6092813.620900218], "height_m": 3.0}, {"min_proj": [390602.97295605077, 6092766.241055136], "max_proj": [390635.07469057874, 6092822.090462902], "height_m": 3.0}, {"min_proj": [390940.19219074503, 6092108.2596131], "max_proj": [390949.9410912327, 6092115.6285679955], "height_m": 3.0}, {"min_proj": [390502.7724305461, 6092726.068603949], "max_proj": [390515.52373979427, 6092735.34950468], "height_m": 3.0}, {"min_proj": [390539.47469870653, 6092731.885661873], "max_proj": [390565.43434240215, 6092743.067601329], "height_m": 3.0}, {"min_proj": [390501.6727380985, 6092735.66164869], "max_proj": [390525.3315026978, 6092770.112256351], "height_m": 3.0}, {"min_proj": [390524.02043046016, 6092743.178944705], "max_proj": [390547.26813854824, 6092781.497914381], "height_m": 3.0}, {"min_proj": [390544.27977704734, 6092750.915727059], "max_proj": [390569.75468117394, 6092791.022385675], "height_m": 3.0}, {"min_proj": [390498.3686422473, 6092770.405261886], "max_proj": [390507.0355690061, 6092780.089962147], "height_m": 3.0}, {"min_proj": [390566.1183664168, 6092755.550234014], "max_proj": [390591.5819897525, 6092802.476469649], "height_m": 3.0}, {"min_proj": [390493.59276209533, 6092786.09265003], "max_proj": [390501.44736633304, 6092792.621795423], "height_m": 3.0}, {"min_proj": [390566.4251123673, 6092815.009243647], "max_proj": [390575.9439981449, 6092826.07633021], "height_m": 3.0}, {"min_proj": [390487.8003574835, 6092800.859579017], "max_proj": [390548.63149782806, 6092889.662662006], "height_m": 3.0}, {"min_proj": [390620.87354520446, 6092770.834451666], "max_proj": [390654.21682412986, 6092832.5748276375], "height_m": 3.0}, {"min_proj": [390641.7281922581, 6092777.804417406], "max_proj": [390676.82731546013, 6092847.511350964], "height_m": 3.0}, {"min_proj": [390662.5402026415, 6092783.633044002], "max_proj": [390698.81987520517, 6092856.025030796], "height_m": 3.0}, {"min_proj": [390682.48037034145, 6092787.792983364], "max_proj": [390713.863677323, 6092860.4154895255], "height_m": 3.0}, {"min_proj": [390569.8531211242, 6092836.923801954], "max_proj": [390626.1283870376, 6092887.362137732], "height_m": 3.0}, {"min_proj": [390633.82094558096, 6092893.874504435], "max_proj": [390639.22610854416, 6092898.597315907], "height_m": 3.0}, {"min_proj": [390630.4776374665, 6092871.875788393], "max_proj": [390682.5613132525, 6092950.624221351], "height_m": 24.0}, {"min_proj": [390592.2880879716, 6092894.017563144], "max_proj": [390619.32879808097, 6092934.889635175], "height_m": 3.0}, {"min_proj": [390258.78469357896, 6091732.28747604], "max_proj": [390273.87182447396, 6091743.144942252], "height_m": 3.0}, {"min_proj": [390167.6088829386, 6092762.5232522], "max_proj": [390190.76463022956, 6092790.875536229], "height_m": 3.0}, {"min_proj": [390246.56712744274, 6092779.742494358], "max_proj": [390262.65877426515, 6092796.047599423], "height_m": 3.0}, {"min_proj": [390243.5309260779, 6092800.3412668975], "max_proj": [390256.38518622256, 6092812.6493025655], "height_m": 3.0}, {"min_proj": [389966.7626146937, 6092748.464017251], "max_proj": [390472.8724778464, 6093257.972019993], "height_m": 9.0}, {"min_proj": [391336.727248316, 6092893.4569463], "max_proj": [391344.9407691708, 6092902.61626453], "height_m": 3.0}, {"min_proj": [391228.2490087069, 6092890.996908947], "max_proj": [391259.0953441834, 6092932.516273071], "height_m": 3.0}, {"min_proj": [391251.17106962495, 6092919.124686999], "max_proj": [391271.2949178028, 6092942.132698141], "height_m": 6.0}, {"min_proj": [391288.7521863026, 6092931.322853205], "max_proj": [391314.7510767008, 6092957.301478175], "height_m": 6.0}, {"min_proj": [391407.9709129471, 6092908.298701715], "max_proj": [391443.55730178533, 6092951.172189387], "height_m": 3.0}, {"min_proj": [390541.0765981817, 6092858.962720877], "max_proj": [390549.9078700459, 6092869.513535954], "height_m": 3.0}, {"min_proj": [390535.25784071663, 6092871.5234450055], "max_proj": [390543.1348587481, 6092880.539092497], "height_m": 3.0}, {"min_proj": [390528.75400743564, 6092899.6033454165], "max_proj": [390584.40257305955, 6092958.40586882], "height_m": 3.0}]}