{"id": "chunk_11_16", "ix": 11, "iy": 16, "tile_proj_bounds": [394647.2182111981, 6100438.107330536, 396147.2182111981, 6101938.107330536], "roads": [{"pts_proj": [[395841.25447334617, 6100238.076779776], [395809.5828103467, 6100288.009895449], [395809.0842545089, 6100296.237296485], [395847.43546105106, 6100338.637040377], [395860.9210735964, 6100353.540686523], [395903.1548759942, 6100403.197785357], [395943.96794221125, 6100451.18508704], [396007.86918977636, 6100526.521914626], [396039.88166415866, 6100564.272700342], [396065.80657656176, 6100593.738089869], [396123.82724130654, 6100659.66166087], [396131.6598592351, 6100650.929754414], [396140.90692160133, 6100637.044037573], [396236.014107871, 6100524.577488865], [396289.01012354274, 6100473.306186823], [396410.9877174427, 6100366.587531169], [396554.10541054944, 6100242.394695867], [396571.74469303037, 6100221.691811497]], "width_m": 7.0, "highway": "residential"}, {"pts_proj": [[396571.74469303037, 6100221.691811497], [396554.10541054944, 6100242.394695867], [396410.9877174427, 6100366.587531169], [396289.01012354274, 6100473.306186823], [396236.014107871, 6100524.577488865], [396140.90692160133, 6100637.044037573], [396131.6598592351, 6100650.929754414], [396123.82724130654, 6100659.66166087], [396065.80657656176, 6100593.738089869], [396039.88166415866, 6100564.272700342], [396007.86918977636, 6100526.521914626], [395950.4692307655, 6100458.848618266], [395903.1548759942, 6100403.197785357], [395860.9210735964, 6100353.540686523], [395847.43546105106, 6100338.637040377], [395809.0842545089, 6100296.237296485], [395841.25447334617, 6100238.076779776]], "width_m": 7.0, "highway": "residential"}, {"pts_proj": [[396131.16819369915, 6100667.996118724], [396177.34390266356, 6100720.280266334], [396208.82555061526, 6100755.940483598], [396232.8086763896, 6100783.0918246545], [396245.282748201, 6100798.042320133], [396279.3908462496, 6100838.941026403], [396298.420763583, 6100861.765893668], [396308.877458188, 6100865.285847004], [396347.88885432243, 6100836.29302105], [396364.31367052515, 6100823.454613126], [396425.25338177383, 6100773.013541577], [396468.8613123172, 6100733.762446635], [396496.14128393057, 6100710.431074117], [396537.770233119, 6100674.833469862], [396588.37587357074, 6100632.360089546], [396616.5898912878, 6100608.729560303], [396632.572826764, 6100595.512792669], [396669.0330457618, 6100567.416914215], [396716.5518675321, 6100530.961202141], [396731.0164316762, 6100519.238266978], [396781.06341374223, 6100478.717157729], [396811.30587009835, 6100448.717850838]], "width_m": 7.0, "highway": "residential"}, {"pts_proj": [[396811.30587009835, 6100448.717850838], [396790.4834340344, 6100469.448819034], [396731.0164316762, 6100519.238266978], [396716.5518675321, 6100530.961202141], [396672.3431273945, 6100564.868934996], [396632.572826764, 6100595.512792669], [396616.5898912878, 6100608.729560303], [396588.37587357074, 6100632.360089546], [396541.1866612873, 6100671.915553998], [396503.6384018149, 6100704.02316171], [396468.8613123172, 6100733.762446635], [396425.25338177383, 6100773.013541577], [396364.31367052515, 6100823.454613126], [396347.88885432243, 6100836.29302105], [396311.4360227953, 6100864.803405312], [396298.420763583, 6100861.765893668], [396279.3908462496, 6100838.941026403], [396245.282748201, 6100798.042320133], [396232.8086763896, 6100783.0918246545], [396208.82555061526, 6100755.940483598], [396177.34390266356, 6100720.280266334], [396131.16819369915, 6100667.996118724]], "width_m": 7.0, "highway": "residential"}], "buildings": [{"min_proj": [395975.5334812306, 6100439.9213004615], "max_proj": [395981.25400456286, 6100445.626928802], "height_m": 3.0}, {"min_proj": [395944.4898738263, 6100440.441665404], "max_proj": [395954.84628649463, 6100451.287445058], "height_m": 3.0}, {"min_proj": [395966.07116125326, 6100453.55911672], "max_proj": [395977.3075384047, 6100464.808239113], "height_m": 3.0}, {"min_proj": [396101.83605347684, 6100433.363532486], "max_proj": [396107.5568399766, 6100439.069016795], "height_m": 3.0}, {"min_proj": [396065.6283623376, 6100435.129795964], "max_proj": [396071.3552785412, 6100440.835427588], "height_m": 3.0}, {"min_proj": [396093.76361027255, 6100444.717030784], "max_proj": [396099.48412367975, 6100450.422663514], "height_m": 3.0}, {"min_proj": [396051.9556859961, 6100447.582369285], "max_proj": [396057.67645601806, 6100453.288000496], "height_m": 3.0}, {"min_proj": [396129.5264793531, 6100449.335359679], "max_proj": [396135.2379084479, 6100455.039674745], "height_m": 3.0}, {"min_proj": [396085.2745672557, 6100457.672477061], "max_proj": [396090.99532321433, 6100463.377960911], "height_m": 3.0}, {"min_proj": [396072.671782363, 6100465.825081833], "max_proj": [396078.3989179028, 6100471.530565259], "height_m": 3.0}, {"min_proj": [396123.6640128201, 6100472.137390469], "max_proj": [396129.3751548809, 6100477.852832501], "height_m": 3.0}, {"min_proj": [396043.7588035183, 6100457.703453401], "max_proj": [396049.47956086986, 6100463.4200621], "height_m": 3.0}, {"min_proj": [396044.89115914074, 6100470.646418133], "max_proj": [396050.61189988826, 6100476.351900529], "height_m": 3.0}, {"min_proj": [396038.9528024025, 6100476.996405412], "max_proj": [396044.67966581427, 6100482.702036357], "height_m": 3.0}, {"min_proj": [396026.2952440694, 6100479.495425612], "max_proj": [396032.0159741341, 6100485.200907363], "height_m": 3.0}, {"min_proj": [395985.66458673275, 6100486.230206485], "max_proj": [395991.391699133, 6100491.946813165], "height_m": 3.0}, {"min_proj": [395994.45429501846, 6100486.13980206], "max_proj": [396005.6839333706, 6100497.388776923], "height_m": 3.0}, {"min_proj": [396045.52563815366, 6100501.201249041], "max_proj": [396051.25272930466, 6100506.906880401], "height_m": 3.0}, {"min_proj": [396013.98165850027, 6100499.347606368], "max_proj": [396026.42819695815, 6100512.2657947885], "height_m": 3.0}, {"min_proj": [396035.57399037515, 6100513.683651667], "max_proj": [396046.5761185967, 6100524.599819618], "height_m": 3.0}, {"min_proj": [396021.413197561, 6100516.206565935], "max_proj": [396030.39390778186, 6100525.287909614], "height_m": 3.0}, {"min_proj": [396063.9152133074, 6100472.165689471], "max_proj": [396075.1512549555, 6100483.4148148205], "height_m": 3.0}, {"min_proj": [396106.5716226119, 6100478.568743553], "max_proj": [396112.28301746387, 6100484.284186623], "height_m": 3.0}, {"min_proj": [396051.2733621733, 6100488.309668673], "max_proj": [396057.0004696428, 6100494.015151443], "height_m": 3.0}, {"min_proj": [396110.5606476953, 6100502.744715187], "max_proj": [396116.27201127406, 6100508.460158227], "height_m": 3.0}, {"min_proj": [396138.6236215817, 6100508.678168355], "max_proj": [396144.3465600968, 6100514.379642807], "height_m": 3.0}, {"min_proj": [396096.7757551438, 6100516.699261259], "max_proj": [396108.0052859361, 6100527.948239522], "height_m": 3.0}, {"min_proj": [396137.2198840632, 6100520.06591809], "max_proj": [396142.9364184612, 6100525.7673925115], "height_m": 3.0}, {"min_proj": [396088.0738974309, 6100526.008051778], "max_proj": [396099.30366649275, 6100537.257029926], "height_m": 3.0}, {"min_proj": [396130.72552563425, 6100528.9113925295], "max_proj": [396136.44843816897, 6100534.601740071], "height_m": 3.0}, {"min_proj": [396118.42501682765, 6100539.884637002], "max_proj": [396124.14791522257, 6100545.586110111], "height_m": 3.0}, {"min_proj": [396081.05854707846, 6100545.133250461], "max_proj": [396086.7698605499, 6100550.837420446], "height_m": 3.0}, {"min_proj": [396109.9776710563, 6100550.768292304], "max_proj": [396115.7005554309, 6100556.469764838], "height_m": 3.0}, {"min_proj": [396071.3838319424, 6100556.29030552], "max_proj": [396077.1012629996, 6100562.0057512615], "height_m": 3.0}, {"min_proj": [396094.1436661307, 6100560.988868688], "max_proj": [396099.86653731216, 6100566.690340073], "height_m": 3.0}, {"min_proj": [396070.04124933033, 6100567.276040488],