{"id": "chunk_2_12", "ix": 2, "iy": 12, "tile_proj_bounds": [381147.2182111981, 6094438.107330536, 382647.2182111981, 6095938.107330536], "roads": [{"pts_proj": [[382020.4476623109, 6094460.955204221], [382053.2547965488, 6094440.261448498], [382111.2552110558, 6094403.673437749], [382167.36077096994, 6094368.282868814], [382218.60508237954, 6094335.97137809], [382280.6565099155, 6094294.090803209], [382337.9843860401, 6094255.4081880255], [382387.27856450086, 6094222.136841899], [382429.2942703805, 6094193.789035069], [382541.12844371254, 6094117.259725416]], "width_m": 8.0, "highway": "unclassified"}, {"pts_proj": [[382541.12844371254, 6094117.259725416], [382429.2942703805, 6094193.789035069], [382387.27856450086, 6094222.136841899], [382337.9843860401, 6094255.4081880255], [382280.6565099155, 6094294.090803209], [382218.60508237954, 6094335.97137809], [382167.36077096994, 6094368.282868814], [382111.2552110558, 6094403.673437749], [382053.2547965488, 6094440.261448498], [382020.4476623109, 6094460.955204221]], "width_m": 8.0, "highway": "unclassified"}, {"pts_proj": [[382623.34519318864, 6094689.684501624], [382674.6094106313, 6094661.096285559], [382698.6318984803, 6094654.755004163], [382716.730691261, 6094640.786734303], [382724.4596900962, 6094628.125709343], [382730.07550382556, 6094614.2285814965], [382742.46450815024, 6094601.278474352], [382776.95129189343, 6094576.927683498], [382838.95911253756, 6094521.595565975], [382853.61451929295, 6094514.977118258], [382867.90837953077, 6094514.602974201], [382882.5667795326, 6094518.372151392], [382907.7938291978, 6094538.208891657], [382928.89863681427, 6094539.73871108], [382949.4467326081, 6094519.739775221], [383011.68281436106, 6094442.415454481], [383031.4563858198, 6094417.2489477], [383049.2803276606, 6094399.058544344], [383064.1179498179, 6094389.585867759], [383078.4576520134, 6094384.089788819]], "width_m": 7.0, "highway": "residential"}, {"pts_proj": [[383078.4576520134, 6094384.089788819], [383064.1179498179, 6094389.585867759], [383049.2803276606, 6094399.058544344], [383031.4563858198, 6094417.2489477], [383011.68281436106, 6094442.415454481], [382949.4467326081, 6094519.739775221], [382937.82063769276, 6094532.758388281], [382918.8382639607, 6094542.852092375], [382894.1901043274, 6094525.070985276], [382867.90837953077, 6094514.602974201], [382853.61451929295, 6094514.977118258], [382838.95911253756, 6094521.595565975], [382776.95129189343, 6094576.927683498], [382742.46450815024, 6094601.278474352], [382730.07550382556, 6094614.2285814965], [382724.4596900962, 6094628.125709343], [382716.730691261, 6094640.786734303], [382698.6318984803, 6094654.755004163], [382674.6094106313, 6094661.096285559], [382623.34519318864, 6094689.684501624]], "width_m": 7.0, "highway": "residential"}], "buildings": [{"min_proj": [382640.72931236634, 6094617.583300206], "max_proj": [382662.6202052598, 6094635.937658798], "height_m": 3.0}, {"min_proj": [382598.7350435203, 6094638.3520530965], "max_proj": [382630.22541186726, 6094662.6117449775], "height_m": 3.0}, {"min_proj": [382646.0055483332, 6094681.674458904], "max_proj": [382666.60670636, 6094700.942387947], "height_m": 3.0}, {"min_proj": [382589.3655363369, 6095755.411417234], "max_proj": [382623.3435684019, 6095795.788728888], "height_m": 3.0}, {"min_proj": [382528.4042515127, 6095741.742870529], "max_proj": [382591.6176132471, 6095820.852592797], "height_m": 3.0}, {"min_proj": [382522.4100862704, 6095791.074373598], "max_proj": [382548.64136565797, 6095822.095307179], "height_m": 3.0}, {"min_proj": [382452.9191108278, 6095787.22785662], "max_proj": [382532.5148211914, 6095877.879818623], "height_m": 3.0}, {"min_proj": [382054.1710903992, 6095835.723998208], "max_proj": [382108.0035532762, 6095885.1828049105], "height_m": 3.0}, {"min_proj": [382584.98460602603, 6095816.643421007], "max_proj": [382690.65926758474, 6095945.156448279], "height_m": 3.0}, {"min_proj": [382044.68105503905, 6095886.862945299], "max_proj": [382073.6647812459, 6095919.804892663], "height_m": 3.0}, {"min_proj": [382573.19542388624, 6095879.43759359], "max_proj": [382628.41997543647, 6095950.003904878], "height_m": 3.0}, {"min_proj": [382092.0331286158, 6095872.49212313], "max_proj": [382166.8149840324, 6095969.607762675], "height_m": 3.0}, {"min_proj": [382529.41321866313, 6095871.421267035], "max_proj": [382617.5156280148, 6095982.7021363955], "height_m": 3.0}, {"min_proj": [382054.6842959859, 6095911.806414357], "max_proj": [382118.0187163933, 6095988.718652497], "height_m": 3.0}]}