{"id": "chunk_3_22", "ix": 3, "iy": 22, "tile_proj_bounds": [382647.2182111981, 6109438.107330536, 384147.2182111981, 6110938.107330536], "roads": [{"pts_proj": [[383813.3772822984, 6109547.848906679], [383803.3499576155, 6109478.301940328], [383786.12717769423, 6109352.383321145], [383767.3580882247, 6109215.170960567], [383749.69160889933, 6109081.848964203], [383730.9759623047, 6108940.6383227], [383692.02479394723, 6108682.973843085], [383659.82739941566, 6108468.488047601], [383654.9719764962, 6108434.345196161], [383627.2302671063, 6108239.038000318], [383602.16288966546, 6108025.468539766], [383592.0681273727, 6107940.102684845], [383593.7766411262, 6107919.494024302], [383595.7153271094, 6107893.279080567], [383593.5870678352, 6107854.82307969], [383593.05881141045, 6107820.433626743], [383598.76222843735, 6107608.198067791]], "width_m": 7.0, "highway": "residential"}, {"pts_proj": [[383598.76222843735, 6107608.198067791], [383593.05881141045, 6107820.433626743], [383593.5870678352, 6107854.82307969], [383595.7153271094, 6107893.279080567], [383593.7766411262, 6107919.494024302], [383592.0681273727, 6107940.102684845], [383602.16288966546, 6108025.468539766], [383627.2302671063, 6108239.038000318], [383654.9719764962, 6108434.345196161], [383659.82739941566, 6108468.488047601], [383692.02479394723, 6108682.973843085], [383730.9759623047, 6108940.6383227], [383749.69160889933, 6109081.848964203], [383767.3580882247, 6109215.170960567], [383786.12717769423, 6109352.383321145], [383803.3499576155, 6109478.301940328], [383813.3772822984, 6109547.848906679]], "width_m": 7.0, "highway": "residential"}, {"pts_proj": [[383230.18100697384, 6109713.455347248], [383215.62642798806, 6109685.73532845], [383168.53042407613, 6109616.749852983], [383153.91891569906, 6109593.4516315125], [383150.9200213981, 6109573.277916999], [383163.35853755963, 6109554.614133327], [383184.86113784846, 6109539.943442005], [383203.3041719189, 6109531.966593359], [383225.03054270317, 6109536.03956777], [383247.44556737586, 6109560.781200833], [383267.2211876358, 6109581.72870127], [383281.50369047845, 6109592.254290184], [383298.7523371656, 6109600.063471112], [383323.07345892047, 6109605.037543234], [383363.76390913595, 6109603.993766532], [383413.7085446613, 6109601.305191626], [383483.3265641319, 6109597.90192544], [383610.55010534043, 6109583.88621349], [383689.6027561512, 6109574.984449825], [383745.13277648535, 6109569.181003219], [383770.8527756695, 6109566.4052904025], [383788.9959645228, 6109562.313273541], [383813.3772822984, 6109547.848906679]], "width_m": 8.0, "highway": "unclassified"}, {"pts_proj": [[383813.3772822984, 6109547.848906679], [383800.28586543107, 6109557.977086675], [383770.8527756695, 6109566.4052904025], [383745.13277648535, 6109569.181003219], [383689.6027561512, 6109574.984449825], [383610.55010534043, 6109583.88621349], [383483.3265641319, 6109597.90192544], [383413.7085446613, 6109601.305191626], [383363.76390913595, 6109603.993766532], [383323.07345892047, 6109605.037543234], [383298.7523371656, 6109600.063471112], [383281.50369047845, 6109592.254290184], [383267.2211876358, 6109581.72870127], [383247.44556737586, 6109560.781200833], [383234.62575116294, 6109544.962201735], [383212.99490963924, 6109531.634482044], [383193.16491538053, 6109534.904669156], [383174.17193749314, 6109546.970964849], [383155.8402534744, 6109563.807533206], [383150.27583581547, 6109583.25958655], [383168.53042407613, 6109616.749852983], [383215.62642798806, 6109685.73532845], [383230.18100697384, 6109713.455347248]], "width_m": 8.0, "highway": "unclassified"}, {"pts_proj": [[384289.82064749376, 6110967.50602252], [384277.31584506284, 6110937.012970192], [384240.44081864436, 6110847.098354805], [384209.54014107713, 6110776.980232415], [384168.7300564707, 6110684.997420032], [384116.3716566112, 6110562.152222323], [384077.06660617236, 6110470.041883141], [384041.97693708463, 6110384.290740614], [383995.2457238581, 6110275.651585897], [383978.1897023286, 6110234.934602955], [383948.1698340481, 6110152.893110402], [383935.6820632643, 6110117.100771971], [383908.2556166515, 6110038.165014097], [383882.19204725546, 6109954.027791823], [383873.5073367969, 6109919.015979553], [383859.6643542084, 6109851.372100326], [383851.9916530544, 6109814.563657005], [383840.5944712573, 6109749.216379031], [383819.9710002151, 6109608.088593922], [383813.3772822984, 6109547.848906679]], "width_m": 7.0, "highway": "residential"}, {"pts_proj": [[383813.3772822984, 6109547.848906679], [383819.9710002151, 6109608.088593922], [383840.5944712573, 6109749.216379031], [383851.9916530544, 6109814.563657005], [383859.6643542084, 6109851.372100326], [383873.5073367969, 6109919.015979553], [383882.19204725546, 6109954.027791823], [383908.2556166515, 6110038.165014097], [383935.6820632643, 6110117.100771971], [383947.11890735256, 6110150.025731109], [383978.1897023286, 6110234.934602955], [383995.2457238581, 6110275.651585897], [384041.97693708463, 6110384.290740614], [384077.06660617236, 6110470.041883141], [384116.3716566112, 6110562.152222323], [384168.7300564707, 6110684.997420032], [384209.54014107713, 6110776.980232415], [384240.44081864436, 6110847.098354805], [384277.31584506284, 6110937.012970192], [384289.82064749376, 6110967.50602252]], "width_m": 7.0, "highway": "residential"}], "buildings": [{"min_proj": [383835.87541708164, 6109502.084765274], "max_proj": [383864.379908919, 6109534.897258726], "height_m": 3.0}, {"min_proj": [383847.9212908156, 6109538.292312291], "max_proj": [383858.2250343235, 6109549.010157856], "height_m": 3.0}, {"min_proj": [383975.81179151096, 6110303.188877238], "max_proj": [383989.8806728088, 6110315.68552308], "height_m": 3.0}, {"min_proj": [383219.1772901759, 6109576.764229985], "max_proj": [383232.6837188406, 6109590.227950108], "height_m": 3.0}, {"min_proj": [383345.5037135809, 6109729.608929462], "max_proj": [383352.1270818198, 6109740.62774122], "height_m": 3.0}, {"min_proj": [383321.03965937987, 6109732.072665862], "max_proj": [383328.3724648738, 6109759.190064733], "height_m": 3.0}]}