{"id": "chunk_1_10", "ix": 1, "iy": 10, "tile_proj_bounds": [379647.2182111981, 6091438.107330536, 381147.2182111981, 6092938.107330536], "roads": [{"pts_proj": [[380892.1058223612, 6091448.254215213], [380879.12644996424, 6091404.465379143], [380870.38375546713, 6091359.77341885], [380864.238565996, 6091315.903091581], [380858.42277327186, 6091271.411658487], [380852.0623144086, 6091226.199893539], [380846.7452433234, 6091183.120322072], [380841.031108956, 6091137.401498699], [380835.5477515851, 6091093.135056682], [380830.5918362397, 6091048.464912483], [380824.81140200375, 6091004.1173140295], [380819.7149746381, 6090959.951933893], [380814.9082206959, 6090916.079463071], [380809.2373500326, 6090870.559930475], [380804.55494982586, 6090825.826867942], [380800.15661734936, 6090783.825139792], [380780.60638226056, 6090757.379475392]], "width_m": 8.0, "highway": "unclassified"}, {"pts_proj": [[380780.60638226056, 6090757.379475392], [380793.63653026934, 6090772.876042172], [380804.55494982586, 6090825.826867942], [380809.2373500326, 6090870.559930475], [380814.9082206959, 6090916.079463071], [380819.7149746381, 6090959.951933893], [380824.81140200375, 6091004.1173140295], [380830.5918362397, 6091048.464912483], [380835.5477515851, 6091093.135056682], [380841.031108956, 6091137.401498699], [380846.7452433234, 6091183.120322072], [380852.0623144086, 6091226.199893539], [380858.42277327186, 6091271.411658487], [380864.238565996, 6091315.903091581], [380870.38375546713, 6091359.77341885], [380879.12644996424, 6091404.465379143], [380892.1058223612, 6091448.254215213]], "width_m": 8.0, "highway": "unclassified"}, {"pts_proj": [[380780.60638226056, 6090757.379475392], [380770.1906356958, 6090775.114237414], [380753.4490744705, 6090787.9960769825], [380557.44972974376, 6090875.372119944], [380536.6100608041, 6090886.1707155], [380521.3520283271, 6090897.93394228], [380505.47423239966, 6090914.568053554], [380488.36505346664, 6090941.489226314], [380417.346217928, 6091081.275317366], [380410.9297696172, 6091097.757493911], [380386.5775191816, 6091198.466431668], [380382.318329001, 6091217.017611891], [380380.1791839166, 6091233.374514953], [380380.58550015744, 6091251.712062532], [380392.7897824123, 6091524.018044689], [380399.377361864, 6091670.918874545], [380397.0798359619, 6091686.133241746], [380394.09682185354, 6091696.789946042]], "width_m": 8.0, "highway": "unclassified"}, {"pts_proj": [[380394.09682185354, 6091696.789946042], [380399.377361864, 6091670.918874545], [380392.7897824123, 6091524.018044689], [380380.58550015744, 6091251.712062532], [380380.1791839166, 6091233.374514953], [380382.318329001, 6091217.017611891], [380386.5775191816, 6091198.466431668], [380410.9297696172, 6091097.757493911], [380417.346217928, 6091081.275317366], [380488.36505346664, 6090941.489226314], [380505.47423239966, 6090914.568053554], [380521.3520283271, 6090897.93394228], [380536.6100608041, 6090886.1707155], [380557.44972974376, 6090875.372119944], [380745.8438508186, 6090792.139806836], [380759.9301454214, 6090784.472361262], [380776.83876770234, 6090765.585044559], [380780.60638226056, 6090757.379475392]], "width_m": 8.0, "highway": "unclassified"}, {"pts_proj": [[380457.9635029103, 6091662.296235748], [380465.5186973945, 6091699.08088967]], "width_m": 7.0, "highway": "residential"}, {"pts_proj": [[380465.5186973945, 6091699.08088967], [380457.9635029103, 6091662.296235748]], "width_m": 7.0, "highway": "residential"}, {"pts_proj": [[380465.5186973945, 6091699.08088967], [380549.4682805107, 6091684.638899465]], "width_m": 7.0, "highway": "residential"}, {"pts_proj": [[380549.4682805107, 6091684.638899465], [380465.5186973945, 6091699.08088967]], "width_m": 7.0, "highway": "residential"}, {"pts_proj": [[380394.09682185354, 6091696.789946042], [380411.21071027, 6091703.302740708], [380465.5186973945, 6091699.08088967]], "width_m": 7.0, "highway": "residential"}, {"pts_proj": [[380465.5186973945, 6091699.08088967], [380411.21071027, 6091703.302740708], [380394.09682185354, 6091696.789946042]], "width_m": 7.0, "highway": "residential"}, {"pts_proj": [[380267.54025963467, 6091721.970832074], [380308.6315058506, 6091715.149919738], [380383.2568018742, 6091702.089584779], [380394.09682185354, 6091696.789946042]], "width_m": 8.0, "highway": "unclassified"}, {"pts_proj": [[380394.09682185354, 6091696.789946042], [380308.6315058506, 6091715.149919738], [380267.54025963467, 6091721.970832074]], "width_m": 8.0, "highway": "unclassified"}, {"pts_proj": [[380210.73037728027, 6091732.051560711], [380267.54025963467, 6091721.970832074]], "width_m": 8.0, "highway": "unclassified"}, {"pts_proj": [[380267.54025963467, 6091721.970832074], [380210.73037728027, 6091732.051560711]], "width_m": 8.0, "highway": "unclassified"}, {"pts_proj": [[380210.73037728027, 6091732.051560711], [380195.12213250576, 6091735.129958791], [380138.5717720325, 6091744.124697961], [380120.25855955866, 6091742.844501441], [380100.12809168384, 6091731.8375691725]], "width_m": 8.0, "highway": "unclassified"}, {"pts_proj": [[380100.12809168384, 6091731.8375691725], [380112.3391641947, 6091741.15257756], [380138.5717720325, 6091744.124697961], [380195.12213250576, 6091735.129958791], [380210.73037728027, 6091732.051560711]], "width_m": 8.0, "highway": "unclassified"}, {"pts_proj": [[380465.5186973945, 6091699.08088967], [380483.25989840785, 6091807.629032967]], "width_m": 7.0, "highway": "residential"}, {"pts_proj": [[380483.25989840785, 6091807.629032967], [380465.5186973945, 6091699.08088967]], "width_m": 7.0, "highway": "residential"}, {"pts_proj": [[380267.54025963467, 6091721.970832074], [380270.8811111363, 6091738.13681711], [380279.07988643507, 6091772.098308749], [380285.50852638413, 6091787.536016976], [380297.9027540943, 6091801.088575514], [380311.443884272, 6091812.728915225], [380325.0662498229, 6091820.937927166]], "width_m": 7.0, "highway": "residential"}, {"pts_proj": [[380325.0662498229, 6091820.937927166], [380311.443884272, 6091812.728915225], [380297.9027540943, 6091801.088575514], [380285.50852638413, 6091787.536016976], [380279.07988643507, 6091772.098308749], [380272.54482957034, 6091746.208855892], [380267.54025963467, 6091721.970832074]], "width_m": 7.0, "highway": "residential"}, {"pts_proj": [[380210.73037728027, 6091732.051560711], [380197.07057417533, 6091748.093215685], [380172.607247489, 6091771.73879479], [380162.05313933996, 6091784.83610893], [380155.16737152415, 6091805.250391257], [380156.42900426756, 6091811.21773717]], "width_m": 7.0, "highway": "residential"}, {"pts_proj": [[380156.42900426756, 6091811.21773717], [380156.62005198124, 6091793.454265016], [380172.607247489, 6091771.73879479], [380197.07057417533, 6091748.093215685], [380210.73037728027, 6091732.051560711]], "width_m": 7.0, "highway": "residential"}, {"pts_proj": [[380156.42900426756, 6091811.21773717], [380175.0894452477, 6091822.375566274], [380185.647456728, 6091831.701580092], [380197.07995185885, 6091835.1590011185], [380221.24281809485, 6091832.631192366], [380235.1985031935, 6091846.832119942], [380237.95329476404, 6091866.476354873]], "width_m": 7.0, "highway": "residential"}, {"pts_proj": [[380237.95329476404, 6091866.476354873], [380235.1985031935, 6091846.832119942], [380226.47260269016, 6091835.575398292], [380197.07995185885, 6091835.1590011185], [380185.647456728, 6091831.701580092], [380175.0894452477, 6091822.375566274], [380163.5082173153, 6091813.600237446], [380156.42900426756, 6091811.21773717]], "width_m": 7.0, "highway": "residential"}, {"pts_proj": [[380156.42900426756, 6091811.21773717], [380160.21668684, 6091831.858609192], [380162.2998768332, 6091852.010664957], [380158.7461318111, 6091947.86730069]], "width_m": 7.0, "highway": "residential"}, {"pts_proj": [[380158.7461318111, 6091947.86730069], [380162.2998768332, 6091852.010664957], [380160.21668684, 6091831.858609192], [380156.42900426756, 6091811.21773717]], "width_m": 7.0,