{"id": "chunk_5_9", "ix": 5, "iy": 9, "tile_proj_bounds": [385647.2182111981, 6089938.107330536, 387147.2182111981, 6091438.107330536], "roads": [{"pts_proj": [[385670.9662682455, 6090109.813449311], [385690.06413047476, 6090107.544993616], [385803.8096414446, 6090094.091025842], [385881.83141443424, 6090084.84486659], [386060.3584014173, 6090063.357979903], [386473.3174527588, 6090013.701045204], [386731.8744362053, 6089982.7888797205], [386747.2220607442, 6089980.953735641], [386778.3564582184, 6089977.16118175], [387053.51303115103, 6089943.354603361], [387114.4138088883, 6089935.875257159], [387256.09983824525, 6089918.771144168], [387895.3180512782, 6089841.661846797], [387986.27456153254, 6089831.706059652], [388033.8157921706, 6089825.797823377], [388265.2816978346, 6089797.054402297], [388298.29697732045, 6089794.851015241], [388324.6261398078, 6089794.384199813], [388348.29847016116, 6089795.319673869], [388374.4337903813, 6089799.422487654], [388393.24712425465, 6089805.46676908], [388411.38505171787, 6089813.988323075], [388440.0423045183, 6089830.330627657], [388466.79360006837, 6089849.670764361], [388486.5954514188, 6089866.868296682], [388524.7168752569, 6089908.937667977], [388608.4681889863, 6090008.276401469]], "width_m": 14.0, "highway": "primary"}, {"pts_proj": [[388608.4681889863, 6090008.276401469], [388524.7168752569, 6089908.937667977], [388486.5954514188, 6089866.868296682], [388466.79360006837, 6089849.670764361], [388440.0423045183, 6089830.330627657], [388411.38505171787, 6089813.988323075], [388393.24712425465, 6089805.46676908], [388374.4337903813, 6089799.422487654], [388348.29847016116, 6089795.319673869], [388324.6261398078, 6089794.384199813], [388298.29697732045, 6089794.851015241], [388265.2816978346, 6089797.054402297], [388033.8157921706, 6089825.797823377], [387986.27456153254, 6089831.706059652], [387895.3180512782, 6089841.661846797], [387256.09983824525, 6089918.771144168], [387114.4138088883, 6089935.875257159], [387053.51303115103, 6089943.354603361], [386778.3564582184, 6089977.16118175], [386753.18362407014, 6089980.2464436535], [386731.8744362053, 6089982.7888797205], [386473.3174527588, 6090013.701045204], [386060.3584014173, 6090063.357979903], [385881.83141443424, 6090084.84486659], [385803.8096414446, 6090094.091025842], [385690.06413047476, 6090107.544993616], [385670.9662682455, 6090109.813449311]], "width_m": 14.0, "highway": "primary"}, {"pts_proj": [[387079.47700744873, 6089961.737933982], [387059.20841482887, 6089966.924525359], [387053.6300300475, 6089987.416354927], [387050.9791630884, 6090007.600621708], [387040.7994909221, 6090026.315810203], [387016.8583796899, 6090053.59412878], [387007.1348081972, 6090067.766743428], [387004.37739195226, 6090083.968094074], [387009.341660686, 6090104.461398637], [387026.70213905605, 6090148.678527745], [387041.01149635785, 6090203.560173809], [387055.29692450556, 6090293.611853853], [387065.31670403545, 6090306.975094352], [387080.98796044465, 6090316.499769602], [387116.13814413524, 6090329.497168574], [387137.7614067729, 6090336.433969328], [387162.546593596, 6090334.061942044], [387205.5298034555, 6090311.51532456], [387227.0054674501, 6090298.583751468], [387279.1864977729, 6090267.167167804], [387308.8081246897, 6090252.2164329095], [387338.67248004314, 6090229.834054499], [387353.1409093234, 6090222.87959306], [387381.821052441, 6090205.125232403], [387435.47394227714, 6090174.052090194], [387492.36115717096, 6090141.339798965], [387541.6057511351, 6090112.538460104], [387597.57884108194, 6090078.325277619], [387619.6646613537, 6090066.638401947], [387637.6245785877, 6090060.365527305], [387648.6449253014, 6090066.145614952], [387659.1879278713, 6090085.609040138], [387684.72688923555, 6090128.343181738], [387698.6187765329, 6090153.845924114]], "width_m": 8.0, "highway": "unclassified"}, {"pts_proj": [[387698.6187765329, 6090153.845924114], [387684.72688923555, 6090128.343181738], [387659.1879278713, 6090085.609040138], [387648.6449253014, 6090066.145614952], [387641.7143550393, 6090060.663784171], [387631.25456129987, 6090061.905727393], [387597.57884108194, 6090078.325277619], [387541.6057511351, 6090112.538460104], [387492.36115717096, 6090141.339798965], [387435.47394227714, 6090174.052090194], [387381.821052441, 6090205.125232403], [387353.1409093234, 6090222.87959306], [387338.67248004314, 6090229.834054499], [387308.8081246897, 6090252.2164329095], [387288.42757691594, 6090261.82466902], [387227.0054674501, 6090298.583751468], [387205.5298034555, 6090311.51532456], [387173.0835377156, 6090328.530703421], [387150.57569263683, 6090337.870290612], [387116.13814413524, 6090329.497168574], [387080.98796044465, 6090316.499769602], [387065.31670403545, 6090306.975094352], [387055.29692450556, 6090293.611853853], [387041.01149635785, 6090203.560173809], [387026.70213905605, 6090148.678527745], [387009.341660686, 6090104.461398637], [387004.37739195226, 6090083.968094074], [387007.1348081972, 6090067.766743428], [387016.8583796899, 6090053.59412878], [387033.8398636604, 6090034.462505112], [387045.904387023, 6090020.353420607], [387053.6300300475, 6089987.416354927], [387055.4935459816, 6089972.863000697], [387067.32739663334, 6089963.324355991], [387079.47700744873, 6089961.737933982]], "width_m": 8.0, "highway": "unclassified"}, {"pts_proj": [[385263.8813850826, 6090094.521110473], [385284.169313991, 6090094.179906069], [385307.1701373013, 6090100.928039602], [385351.0356965738, 6090119.867781616], [385366.3163761011, 6090125.967582637], [385380.00870805385, 6090129.603078601], [385394.93782004766, 6090131.982333467], [385415.2956984789, 6090133.632775096], [385523.3126448567, 6090119.249316553], [385574.2001457768, 6090112.806247149], [385670.9662682455, 6090109.813449311]], "width_m": 7.0, "highway": "primary_link"}, {"pts_proj": [[385670.9662682455, 6090109.813449311], [385552.94408392266, 6090128.434503616], [385451.89441866643, 6090142.850702836], [385404.3871178459, 6090149.386879049]], "width_m": 14.0, "highway": "primary"}, {"pts_proj": [[385245.2542337222, 6090162.476611616], [385320.8983764233, 6090152.546695352], [385376.40253591863, 6090145.215033998], [385450.4890322732, 6090135.004299588], [385552.7514530067, 6090120.8911024295], [385670.9662682455, 6090109.813449311]], "width_m": 14.0, "highway": "primary"}], "buildings": []}