{"id": "chunk_3_8", "ix": 3, "iy": 8, "tile_proj_bounds": [382647.2182111981, 6088438.107330536, 384147.2182111981, 6089938.107330536], "roads": [{"pts_proj": [[381151.9333091054, 6090253.593231127], [381887.40842509386, 6090164.11925166], [382198.7017234103, 6090125.91011668], [382251.8719208813, 6090121.551355894], [382318.52489469596, 6090117.852331769], [382334.2620788845, 6090112.5960531095], [382357.8168566942, 6090098.0051339], [382392.3670565301, 6090093.569039019], [382439.33588865364, 6090087.827698472], [382746.3034723954, 6090049.347340033], [382943.8288807387, 6090026.916081044], [383079.8918868428, 6090011.106592984], [383589.232608396, 6089955.474654805], [383622.57076617173, 6089953.907485472], [383647.102485443, 6089957.267463217], [383672.80118030676, 6089961.142821622], [383695.2825952219, 6089962.3073300095], [383815.4584013725, 6089947.901216257], [384101.0988681189, 6089909.176594095], [384219.86639205535, 6089900.217501363], [384289.1009271102, 6089895.35678605], [384499.9302004366, 6089869.734226015], [384556.12157470663, 6089863.343393055], [384766.0833827925, 6089840.539118487], [384803.2143832019, 6089836.64546949]], "width_m": 8.0, "highway": "unclassified"}, {"pts_proj": [[384803.2143832019, 6089836.64546949], [384766.0833827925, 6089840.539118487], [384556.12157470663, 6089863.343393055], [384499.9302004366, 6089869.734226015], [384289.1009271102, 6089895.35678605], [384219.86639205535, 6089900.217501363], [384101.0988681189, 6089909.176594095], [383815.4584013725, 6089947.901216257], [383695.2825952219, 6089962.3073300095], [383672.80118030676, 6089961.142821622], [383647.102485443, 6089957.267463217], [383622.57076617173, 6089953.907485472], [383589.232608396, 6089955.474654805], [383079.8918868428, 6090011.106592984], [382949.1072827989, 6090026.321753476], [382746.3034723954, 6090049.347340033], [382439.33588865364, 6090087.827698472], [382392.3670565301, 6090093.569039019], [382357.8168566942, 6090098.0051339], [382342.03025918605, 6090105.043987511], [382318.52489469596, 6090117.852331769], [382251.8719208813, 6090121.551355894], [382198.7017234103, 6090125.91011668], [381887.40842509386, 6090164.11925166], [381151.9333091054, 6090253.593231127]], "width_m": 8.0, "highway": "unclassified"}], "buildings": []}