{"id": "chunk_2_9", "ix": 2, "iy": 9, "tile_proj_bounds": [381147.2182111981, 6089938.107330536, 382647.2182111981, 6091438.107330536], "roads": [{"pts_proj": [[381151.9333091054, 6090253.593231127], [381887.40842509386, 6090164.11925166], [382198.7017234103, 6090125.91011668], [382251.8719208813, 6090121.551355894], [382318.52489469596, 6090117.852331769], [382334.2620788845, 6090112.5960531095], [382357.8168566942, 6090098.0051339], [382392.3670565301, 6090093.569039019], [382439.33588865364, 6090087.827698472], [382746.3034723954, 6090049.347340033], [382943.8288807387, 6090026.916081044], [383079.8918868428, 6090011.106592984], [383589.232608396, 6089955.474654805], [383622.57076617173, 6089953.907485472], [383647.102485443, 6089957.267463217], [383672.80118030676, 6089961.142821622], [383695.2825952219, 6089962.3073300095], [383815.4584013725, 6089947.901216257], [384101.0988681189, 6089909.176594095], [384219.86639205535, 6089900.217501363], [384289.1009271102, 6089895.35678605], [384499.9302004366, 6089869.734226015], [384556.12157470663, 6089863.343393055], [384766.0833827925, 6089840.539118487], [384803.2143832019, 6089836.64546949]], "width_m": 8.0, "highway": "unclassified"}, {"pts_proj": [[384803.2143832019, 6089836.64546949], [384766.0833827925, 6089840.539118487], [384556.12157470663, 6089863.343393055], [384499.9302004366, 6089869.734226015], [384289.1009271102, 6089895.35678605], [384219.86639205535, 6089900.217501363], [384101.0988681189, 6089909.176594095], [383815.4584013725, 6089947.901216257], [383695.2825952219, 6089962.3073300095], [383672.80118030676, 6089961.142821622], [383647.102485443, 6089957.267463217], [383622.57076617173, 6089953.907485472], [383589.232608396, 6089955.474654805], [383079.8918868428, 6090011.106592984], [382949.1072827989, 6090026.321753476], [382746.3034723954, 6090049.347340033], [382439.33588865364, 6090087.827698472], [382392.3670565301, 6090093.569039019], [382357.8168566942, 6090098.0051339], [382342.03025918605, 6090105.043987511], [382318.52489469596, 6090117.852331769], [382251.8719208813, 6090121.551355894], [382198.7017234103, 6090125.91011668], [381887.40842509386, 6090164.11925166], [381151.9333091054, 6090253.593231127]], "width_m": 8.0, "highway": "unclassified"}, {"pts_proj": [[381151.9333091054, 6090253.593231127], [381153.09605734714, 6090271.821567235], [381169.39766843047, 6090336.253879738]], "width_m": 8.0, "highway": "unclassified"}, {"pts_proj": [[381169.39766843047, 6090336.253879738], [381153.09605734714, 6090271.821567235], [381151.9333091054, 6090253.593231127]], "width_m": 8.0, "highway": "unclassified"}, {"pts_proj": [[378702.6608908303, 6090617.938094716], [378738.19241327967, 6090625.349118909], [378769.80780666583, 6090628.958372179], [378841.4651801806, 6090626.675175022], [379012.7213437951, 6090607.384730776], [379036.273487427, 6090598.376233364], [379072.84692963574, 6090579.586078039], [379103.756965009, 6090571.069691457], [380188.31782399426, 6090451.479044452], [380465.77663642645, 6090420.666451114], [380507.9209428893, 6090412.2610567035], [380597.1825776554, 6090386.768289333], [380648.232032942, 6090373.896171737], [380682.4435475048, 6090361.183448129], [380741.5752166953, 6090335.794514761], [380822.3790381429, 6090313.170105126], [380936.0720000331, 6090279.608442854], [380988.42610694224, 6090272.3503876375], [381069.5171478033, 6090261.4354965575], [381151.9333091054, 6090253.593231127]], "width_m": 8.0, "highway": "unclassified"}, {"pts_proj": [[381151.9333091054, 6090253.593231127], [381069.5171478033, 6090261.4354965575], [380988.42610694224, 6090272.3503876375], [380936.0720000331, 6090279.608442854], [380822.3790381429, 6090313.170105126], [380741.5752166953, 6090335.794514761], [380682.4435475048, 6090361.183448129], [380648.232032942, 6090373.896171737], [380597.1825776554, 6090386.768289333], [380507.9209428893, 6090412.2610567035], [380465.77663642645, 6090420.666451114], [380188.31782399426, 6090451.479044452], [379103.756965009, 6090571.069691457], [379072.84692963574, 6090579.586078039], [379036.273487427, 6090598.376233364], [379012.7213437951, 6090607.384730776], [378841.4651801806, 6090626.675175022], [378769.80780666583, 6090628.958372179], [378738.19241327967, 6090625.349118909], [378702.6608908303, 6090617.938094716]], "width_m": 8.0, "highway": "unclassified"}, {"pts_proj": [[382261.3997819728, 6090533.954356299], [382674.1360262082, 6090484.5626366455], [382761.8380396244, 6090474.106463561], [382789.4240314218, 6090470.82414185]], "width_m": 14.0, "highway": "primary"}, {"pts_proj": [[382765.88308204396, 6090482.484357046], [382713.00309059507, 6090489.201015594], [382581.74494735675, 6090505.842702057], [382540.56637581246, 6090509.593913998], [382466.7780123523, 6090516.872727836], [382372.1982851233, 6090528.450475437], [382284.73319867346, 6090539.331193043]], "width_m": 14.0, "highway": "primary"}, {"pts_proj": [[382261.3997819728, 6090533.954356299], [382262.69691807125, 6090542.103425823]], "width_m": 8.0, "highway": "unclassified"}, {"pts_proj": [[382262.69691807125, 6090542.103425823], [382261.3997819728, 6090533.954356299]], "width_m": 8.0, "highway": "unclassified"}, {"pts_proj": [[382284.73319867346, 6090539.331193043], [382268.71342466655, 6090541.333007828], [382262.69691807125, 6090542.103425823]], "width_m": 14.0, "highway": "primary"}, {"pts_proj": [[382262.69691807125, 6090542.103425823], [382233.0498555662, 6090545.699255682]], "width_m": 14.0, "highway": "primary"}, {"pts_proj": [[382284.73319867346, 6090539.331193043], [382267.2604923488, 6090551.1575601585], [382257.22537270334, 6090561.41914237]], "width_m": 8.0, "highway": "unclassified"}, {"pts_proj": [[382257.22537270334, 6090561.41914237], [382263.1152891993, 6090548.026609449], [382262.69691807125, 6090542.103425823]], "width_m": 8.0, "highway": "unclassified"}, {"pts_proj": [[382262.69691807125, 6090542.103425823], [382261.21599663474, 6090554.032954823], [382257.22537270334, 6090561.41914237]], "width_m": 8.0, "highway": "unclassified"}, {"pts_proj": [[382254.2248473463, 6090566.9756846465], [382251.9441199061, 6090553.831235815], [382243.2347700246, 6090547.235235026], [382233.0498555662, 6090545.699255682]], "width_m": 8.0, "highway": "unclassified"}, {"pts_proj": [[382254.2248473463, 6090566.9756846465], [382257.22537270334, 6090561.41914237]], "width_m": 8.0, "highway": "unclassified"}, {"pts_proj": [[382257.22537270334, 6090561.41914237], [382254.2248473463, 6090566.9756846465]], "width_m": 8.0, "highway": "unclassified"}, {"pts_proj": [[380774.6114751673, 6090719.92938786], [380817.5422365237, 6090714.20023455], [381197.30792629, 6090666.450246963], [381387.42376621504, 6090642.6981640365], [381482.59718819143, 6090630.927888053], [381576.5190978539, 6090619.3151949225], [382222.5708462596, 6090538.581990728], [382261.3997819728, 6090533.954356299]], "width_m": 14.0, "highway": "primary"}, {"pts_proj": [[382233.0498555662, 6090545.699255682], [382147.0599473207, 6090556.120840355], [381591.1615512422, 6090626.320965767], [381560.363070291, 6090630.207782861], [381463.70187383576, 6090642.427700473], [381103.22197277, 6090687.282841219], [380898.5674224775, 6090711.967931368], [380818.31035932846, 6090722.118119762], [380776.3744099507, 6090727.419986747]], "width_m": 14.0, "highway": "primary"}, {"pts_proj": [[382498.4581643685, 6090793.388981236], [382582.84809257416, 6090783.450115168], [382612.6873292068, 6090779.9071779065], [382637.1524803602, 6090776.939405031], [382693.26866007934, 6090770.359658544]], "width_m": 8.0, "highway": "unclassified"}, {"pts_proj": [[382693.26866007934, 6090770.359658544], [382641.14079627406, 6090776.545471815], [382612.6873292068, 6090779.9071779065], [382582.84809257416, 6090783.450115168], [382498.4581643685, 6090793.388981236]], "width_m": 8.0,