{"id": "chunk_18_16", "ix": 18, "iy": 16, "tile_proj_bounds": [405147.2182111981, 6100438.107330536, 406647.2182111981, 6101938.107330536], "roads": [{"pts_proj": [[405152.6057334624, 6101647.722606904], [405115.7203795612, 6101715.140995468], [405072.96559069655, 6101805.204056664], [405040.9595618959, 6101875.6696891375], [405032.6754964604, 6101891.486023882], [405023.9601971737, 6101905.352362841], [404999.56264107896, 6101935.7046095], [404958.44400727923, 6101976.342506635], [404937.1026795882, 6101997.435220307], [404896.5552237304, 6102041.434487603], [404868.7774028366, 6102071.414255292], [404852.98117693735, 6102087.302009975]], "width_m": 8.0, "highway": "unclassified"}, {"pts_proj": [[404852.98117693735, 6102087.302009975], [404868.7774028366, 6102071.414255292], [404896.5552237304, 6102041.434487603], [404937.1026795882, 6101997.435220307], [404958.44400727923, 6101976.342506635], [404999.56264107896, 6101935.7046095], [405023.9601971737, 6101905.352362841], [405032.6754964604, 6101891.486023882], [405040.9595618959, 6101875.6696891375], [405072.96559069655, 6101805.204056664], [405115.7203795612, 6101715.140995468], [405152.6057334624, 6101647.722606904]], "width_m": 8.0, "highway": "unclassified"}, {"pts_proj": [[405685.62692336005, 6102436.732862043], [405684.3469058355, 6102415.16439483], [405675.91614274756, 6102399.602320732], [405661.22852225276, 6102374.298678026], [405656.24059203814, 6102348.411564476], [405647.67816883017, 6102283.104709291], [405641.11061260017, 6102198.219549199], [405639.7361247426, 6102091.183841503], [405646.06780034536, 6102051.243018883], [405657.77009554685, 6102012.947511027], [405704.44885465264, 6101908.547727916], [405729.08235120424, 6101855.252079946], [405736.81416032, 6101841.0072155455], [405760.59378652903, 6101807.466290599], [405782.10398529534, 6101777.502146969], [405939.8600838161, 6101546.810992871], [406033.3975484288, 6101410.9162443755], [406082.485060695, 6101331.8727354705], [406143.0944707395, 6101240.520906593], [406336.8183683896, 6100958.173196842], [406548.2045680818, 6100648.125907376], [406710.4368780552, 6100401.085675652], [406873.9373985099, 6100171.067988577], [406885.8391628141, 6100156.59370608], [406915.32546923833, 6100115.348872429], [407010.03895175655, 6099951.645585372], [407023.7119258117, 6099927.617351238], [407042.82260644296, 6099893.312890897], [407065.9876243076, 6099848.293538149], [407175.20179800096, 6099636.070683911], [407216.30134456384, 6099556.795198902], [407288.63870249287, 6099380.951395396], [407300.590778555, 6099351.783680316], [407312.1232734908, 6099323.64880826], [407333.269001141, 6099271.003327367], [407357.3319973964, 6099216.560959374], [407379.2422854116, 6099164.656827772], [407402.0839755619, 6099111.698290139], [407424.2611530567, 6099060.278675479], [407446.0299972404, 6099009.802695663], [407469.5389289999, 6098955.32799043]], "width_m": 8.0, "highway": "unclassified"}, {"pts_proj": [[407469.5389289999, 6098955.32799043], [407446.0299972404, 6099009.802695663], [407424.2611530567, 6099060.278675479], [407402.0839755619, 6099111.698290139], [407379.2422854116, 6099164.656827772], [407357.3319973964, 6099216.560959374], [407333.269001141, 6099271.003327367], [407313.7502786544, 6099319.785810251], [407300.590778555, 6099351.783680316], [407288.63870249287, 6099380.951395396], [407216.30134456384, 6099556.795198902], [407175.20179800096, 6099636.070683911], [407065.9876243076, 6099848.293538149], [407042.82260644296, 6099893.312890897], [407023.7119258117, 6099927.617351238], [407010.03895175655, 6099951.645585372], [406915.32546923833, 6100115.348872429], [406890.55997865903, 6100150.606692221], [406873.9373985099, 6100171.067988577], [406710.4368780552, 6100401.085675652], [406548.2045680818, 6100648.125907376], [406336.8183683896, 6100958.173196842], [406143.0944707395, 6101240.520906593], [406082.485060695, 6101331.8727354705], [406033.3975484288, 6101410.9162443755], [405939.8600838161, 6101546.810992871], [405782.10398529534, 6101777.502146969], [405760.59378652903, 6101807.466290599], [405744.7478174744, 6101829.964032382], [405729.08235120424, 6101855.252079946], [405704.44885465264, 6101908.547727916], [405657.77009554685, 6102012.947511027], [405646.7276081254, 6102047.088077791], [405639.7361247426, 6102091.183841503], [405641.11061260017, 6102198.219549199], [405647.67816883017, 6102283.104709291], [405656.24059203814, 6102348.411564476], [405661.22852225276, 6102374.298678026], [405668.3616220114, 6102388.619137836], [405684.3469058355, 6102415.16439483], [405685.62692336005, 6102436.732862043]], "width_m": 8.0, "highway": "unclassified"}], "buildings": [{"min_proj": [405311.72035754105, 6100444.2769715125], "max_proj": [405317.0953036415, 6100449.84544797], "height_m": 3.0}, {"min_proj": [405274.13171857566, 6100447.212142079], "max_proj": [405279.4739789033, 6100452.746129328], "height_m": 3.0}, {"min_proj": [405288.5989713808, 6100468.378382847], "max_proj": [405293.9412160116, 6100473.912379893], "height_m": 3.0}, {"min_proj": [405306.0790591091, 6100471.258323248], "max_proj": [405311.42131280503, 6100476.792196642], "height_m": 3.0}, {"min_proj": [405264.2994915436, 6100477.309454908], "max_proj": [405269.64170759625, 6100482.843435523], "height_m": 3.0}, {"min_proj": [405254.955657697, 6100497.5779968], "max_proj": [405260.2976059376, 6100503.111971112], "height_m": 3.0}, {"min_proj": [405293.6272566792, 6100516.794990813], "max_proj": [405298.9694451393, 6100522.328855796], "height_m": 3.0}, {"min_proj": [405266.27812597883, 6100539.549386237], "max_proj": [405271.6202665841, 6100545.083368226], "height_m": 3.0}, {"min_proj": [405275.64789918496, 6100540.39689195], "max_proj": [405280.99004551, 6100545.930880278], "height_m": 3.0}, {"min_proj": [405419.82255813293, 6101338.978173232], "max_proj": [405439.92588170664, 6101412.651675178], "height_m": 3.0}, {"min_proj": [405297.3795203259, 6101340.03690611], "max_proj": [405317.4850901585, 6101413.72202169], "height_m": 3.0}, {"min_proj": [405359.76882366755, 6101340.628802802], "max_proj": [405379.87951718655, 6101414.302679108], "height_m": 3.0}, {"min_proj": [405159.10936149483, 6100514.634994787], "max_proj": [405164.2335179944, 6100519.972559335], "height_m": 3.0}, {"min_proj": [405219.11189682415, 6100534.54739319], "max_proj": [405224.54676610086, 6100540.173746764], "height_m": 3.0}, {"min_proj": [405240.3258847988, 6100534.734333883], "max_proj": [405245.6741658835, 6100540.268298327], "height_m": 3.0}, {"min_proj": [405187.85994498094, 6101341.132573386], "max_proj": [405249.4507772918, 6101360.60177841], "height_m": 3.0}, {"min_proj": [405231.31055958173, 6101376.892984858], "max_proj": [405248.43261750304, 6101383.962766028], "height_m": 3.0}, {"min_proj": [405237.8793075514, 6101398.625374348], "max_proj": [405249.9622671745, 6101410.759789549], "height_m": 3.0}, {"min_proj": [405171.0291682875, 6101434.305461374], "max_proj": [405249.29784640315, 6101454.943505505], "height_m": 3.0}, {"min_proj": [405223.9216416994, 6101481.840213686], "max_proj": [405230.76168675657, 6101490.337806977], "height_m": 3.0}, {"min_proj": [405159.16778441035, 6101483.443047574], "max_proj": [405173.07002741325, 6101540.047478803], "height_m": 3.0}, {"min_proj": [405388.983808044, 6101339.3968151985], "max_proj": [405411.0716975915, 6101418.127312769], "height_m": 3.0}, {"min_proj": [405268.34474062873, 6101340.450787753], "max_proj": [405288.03753221576, 6101419.344834002], "height_m": 3.0}, {"min_proj": [405328.04052185337, 6101340.666171852], "max_proj": [405350.12855913624, 6101419.385701802], "height_m": 3.0}, {"min_proj": [405326.19681950886, 6101434.743325292], "max_proj": [405345.52413799125, 6101513.46286546], "height_m": 3.0}, {"min_proj": [405264.5956324132, 6101434.758621484], "max_proj": [405283.91700081975, 6101513.478322304], "height_m": 3.0}, {"min_proj": [405297.5720578208, 6101439.505739467], "max_proj": [405317.6834149233, 6101513.17987706],