{"id": "chunk_6_7", "ix": 6, "iy": 7, "tile_proj_bounds": [387147.2182111981, 6086938.107330536, 388647.2182111981, 6088438.107330536], "roads": [{"pts_proj": [[388512.58953801845, 6086707.849661771], [388416.48045073095, 6086805.636488656], [388281.3597343484, 6086939.276179481], [388176.3434688464, 6087046.452756399], [388126.95811550226, 6087096.869217461], [388116.9914351186, 6087114.050938286], [388110.7577458252, 6087137.173622242], [388098.7706762579, 6087230.9446284175]], "width_m": 8.0, "highway": "unclassified"}, {"pts_proj": [[388098.7706762579, 6087230.9446284175], [388110.7577458252, 6087137.173622242], [388116.9914351186, 6087114.050938286], [388126.95811550226, 6087096.869217461], [388176.3434688464, 6087046.452756399], [388281.3597343484, 6086939.276179481], [388416.48045073095, 6086805.636488656], [388504.13284428936, 6086716.209065781], [388512.58953801845, 6086707.849661771]], "width_m": 8.0, "highway": "unclassified"}, {"pts_proj": [[389055.39479816635, 6087821.53907022], [388998.03907262464, 6087777.892402979], [388984.88162903837, 6087757.666802078], [388971.79259592394, 6087747.20305518], [388947.67085279507, 6087733.717167967], [388928.80081438343, 6087715.592545131], [388908.5288242849, 6087708.179130842], [388888.8691692746, 6087691.321104186], [388866.34606505977, 6087668.366499763], [388807.4879071962, 6087625.82811849], [388756.664716042, 6087593.444760581], [388718.341180031, 6087557.055717493], [388694.4314844945, 6087534.358980905], [388672.63005803595, 6087521.952480839], [388620.57220735913, 6087499.587426527], [388566.5697901383, 6087473.564013225], [388516.76487544586, 6087452.624831518], [388474.5144182128, 6087437.409924786], [388451.7869564707, 6087432.419724865], [388396.41281257645, 6087410.874432854], [388347.638619751, 6087386.582692123], [388321.8586889707, 6087373.876078505], [388296.2407597863, 6087361.243504031], [388246.4734532022, 6087326.991331594], [388189.4106162465, 6087282.556771752], [388141.93004705943, 6087250.842675539], [388116.07477868994, 6087239.285765198], [388098.7706762579, 6087230.9446284175]], "width_m": 8.0, "highway": "unclassified"}, {"pts_proj": [[388098.7706762579, 6087230.9446284175], [388116.07477868994, 6087239.285765198], [388141.93004705943, 6087250.842675539], [388189.4106162465, 6087282.556771752], [388246.4734532022, 6087326.991331594], [388296.2407597863, 6087361.243504031], [388321.8586889707, 6087373.876078505], [388347.638619751, 6087386.582692123], [388396.41281257645, 6087410.874432854], [388451.7869564707, 6087432.419724865], [388474.5144182128, 6087437.409924786], [388516.76487544586, 6087452.624831518], [388566.5697901383, 6087473.564013225], [388620.57220735913, 6087499.587426527], [388672.63005803595, 6087521.952480839], [388694.4314844945, 6087534.358980905], [388709.951490287, 6087547.6450617295], [388756.664716042, 6087593.444760581], [388807.4879071962, 6087625.82811849], [388859.80611664435, 6087658.542366608], [388888.8691692746, 6087691.321104186], [388908.5288242849, 6087708.179130842], [388928.80081438343, 6087715.592545131], [388947.67085279507, 6087733.717167967], [388971.79259592394, 6087747.20305518], [388984.88162903837, 6087757.666802078], [388995.0031886367, 6087769.2171156965], [389046.6512282023, 6087810.733840138], [389055.39479816635, 6087821.53907022]], "width_m": 8.0, "highway": "unclassified"}, {"pts_proj": [[388060.04495319154, 6088161.009980397], [388068.41517722025, 6088139.314479478], [388068.79498636373, 6088120.623920526], [388063.8337878499, 6088005.076470833], [388051.7458429417, 6087777.909940041], [388048.3919615743, 6087679.244492393], [388048.61245315254, 6087657.507496452], [388058.98295404913, 6087555.081728934], [388080.11469112977, 6087389.976309976], [388094.9877946249, 6087263.357871588], [388098.7706762579, 6087230.9446284175]], "width_m": 8.0, "highway": "unclassified"}, {"pts_proj": [[388098.7706762579, 6087230.9446284175], [388094.9877946249, 6087263.357871588], [388080.11469112977, 6087389.976309976], [388058.98295404913, 6087555.081728934], [388048.61245315254, 6087657.507496452], [388048.3919615743, 6087679.244492393], [388051.7458429417, 6087777.909940041], [388063.8337878499, 6088005.076470833], [388068.79498636373, 6088120.623920526], [388068.41517722025, 6088139.314479478], [388063.1823834738, 6088152.8825500235], [388060.04495319154, 6088161.009980397]], "width_m": 8.0, "highway": "unclassified"}, {"pts_proj": [[388060.04495319154, 6088161.009980397], [388039.0371740697, 6088152.1047926], [388015.9906781986, 6088151.1661338275], [387968.29520956345, 6088154.951342835]], "width_m": 10.0, "highway": "tertiary"}, {"pts_proj": [[387968.29520956345, 6088154.951342835], [388004.8538898723, 6088151.666897222], [388027.2138009224, 6088151.041762786], [388048.1219971733, 6088154.672365786], [388060.04495319154, 6088161.009980397]], "width_m": 10.0, "highway": "tertiary"}, {"pts_proj": [[387968.29520956345, 6088154.951342835], [387892.2943430686, 6088176.967833067], [387869.1841302053, 6088183.73553464]], "width_m": 10.0, "highway": "tertiary"}, {"pts_proj": [[387869.1841302053, 6088183.73553464], [387892.2943430686, 6088176.967833067], [387956.6601737303, 6088158.348108341], [387968.29520956345, 6088154.951342835]], "width_m": 10.0, "highway": "tertiary"}, {"pts_proj": [[387869.1841302053, 6088183.73553464], [387849.23206808086, 6088186.037989654], [387824.8627466055, 6088183.474586111], [387803.7586264061, 6088179.705193928], [387790.24962084444, 6088175.8460527705]], "width_m": 10.0, "highway": "tertiary"}, {"pts_proj": [[387790.24962084444, 6088175.8460527705], [387803.7586264061, 6088179.705193928], [387820.32251002116, 6088182.664118509], [387837.0668866509, 6088185.663121019], [387860.47881308605, 6088185.3225605665], [387869.1841302053, 6088183.73553464]], "width_m": 10.0, "highway": "tertiary"}, {"pts_proj": [[387968.29520956345, 6088154.951342835], [387977.3988235943, 6088179.572684283], [387984.90360448253, 6088204.100381152], [387990.0288888869, 6088226.026744591], [387993.3888207374, 6088256.847902002], [387994.4440386781, 6088284.208611366], [387998.33938458224, 6088336.725659956], [388002.5283016079, 6088370.966202855], [388008.38911128405, 6088405.15386174], [388009.89156843803, 6088433.483107395], [388011.8965103691, 6088471.151487554], [388014.26218656707, 6088526.345266514], [388016.1119517463, 6088554.977566246], [388023.1220942911, 6088615.432582776], [388029.64810840786, 6088665.234325705], [388036.044455518, 6088719.85988552], [388041.41609798314, 6088742.180930341], [388041.2049748205, 6088754.777577362], [388031.96348687354, 6088759.7509858785], [388019.49495788297, 6088762.823340759]], "width_m": 8.0, "highway": "unclassified"}, {"pts_proj": [[388019.49495788297, 6088762.823340759], [388036.93557022617, 6088757.856685652], [388042.3270651484, 6088748.626432284], [388037.33537823206, 6088726.117771578], [388029.64810840786, 6088665.234325705], [388023.1220942911, 6088615.432582776], [388016.1119517463, 6088554.977566246], [388014.26218656707, 6088526.345266514], [388011.8965103691, 6088471.151487554], [388010.59021381906, 6088446.569147241], [388008.38911128405, 6088405.15386174], [388002.5283016079, 6088370.966202855], [387998.33938458224, 6088336.725659956], [387994.4440386781, 6088284.208611366], [387993.3888207374, 6088256.847902002], [387990.0288888869, 6088226.026744591], [387984.90360448253, 6088204.100381152], [387977.3988235943, 6088179.572684283], [387968.29520956345, 6088154.951342835]], "width_m": 8.0, "highway": "unclassified"}, {"pts_proj": [[387869.1841302053, 6088183.73553464], [387851.65514437854, 6088203.712207293], [387837.1772662228, 6088213.659770636], [387825.3064675616, 6088230.43347727], [387813.1142066913, 6088290.221923388], [387789.34332795057, 6088412.500059917], [387721.88551573514, 6088735.542158962], [387718.0066495994, 6088755.4894078085]], "width_m": 8.0,