{"id": "chunk_16_2", "ix": 16, "iy": 2, "tile_proj_bounds": [402147.2182111981, 6079438.107330536, 403647.2182111981, 6080938.107330536], "roads": [], "buildings": [{"min_proj": [403256.70903708204, 6080861.911431001], "max_proj": [403271.70898726553, 6080880.12166679], "height_m": 3.0}, {"min_proj": [403270.37152192043, 6080923.619979567], "max_proj": [403285.13838061155, 6080942.243878864], "height_m": 3.0}]}