{"id": "chunk_2_10", "ix": 2, "iy": 10, "tile_proj_bounds": [381147.2182111981, 6091438.107330536, 382647.2182111981, 6092938.107330536], "roads": [{"pts_proj": [[381725.86195252073, 6091543.946588294], [381736.3283013061, 6091538.259328566], [381756.12196617824, 6091542.713538538], [381770.48530025856, 6091549.704876826], [381839.89795462036, 6091568.604192851], [381883.16242136474, 6091576.058336786], [381908.85263906425, 6091581.092550908], [381925.602895601, 6091576.564983649], [381979.86972165125, 6091480.733270778], [381991.29049696814, 6091466.994167673], [382005.4395672089, 6091456.857315966], [382048.7014855334, 6091441.801062338], [382097.35389892594, 6091420.9697771855], [382118.79690223344, 6091408.236488898], [382218.79873611813, 6091387.937233896], [382295.24250441144, 6091373.759119637], [382308.0950035204, 6091368.133015701], [382324.67101264175, 6091361.807930165], [382375.5096445801, 6091349.005275757], [382426.63711690845, 6091344.7573191235], [382466.0730687047, 6091337.643610369], [382499.4387875794, 6091328.96376225], [382520.775022937, 6091320.410332706], [382571.5764910959, 6091307.8669871185], [382648.1893648574, 6091295.906123577], [382710.4756832911, 6091282.963350552], [382723.43690044945, 6091277.30222121], [382740.30039565754, 6091266.7515841145], [382746.99772686104, 6091252.859816808], [382738.8589266942, 6091190.3800665075], [382727.7644409768, 6091097.972900299], [382726.0550150041, 6091074.770889082]], "width_m": 8.0, "highway": "unclassified"}, {"pts_proj": [[382726.0550150041, 6091074.770889082], [382727.7644409768, 6091097.972900299], [382737.80753069214, 6091181.300378516], [382746.99772686104, 6091252.859816808], [382740.30039565754, 6091266.7515841145], [382723.43690044945, 6091277.30222121], [382710.4756832911, 6091282.963350552], [382648.1893648574, 6091295.906123577], [382571.5764910959, 6091307.8669871185], [382520.775022937, 6091320.410332706], [382499.4387875794, 6091328.96376225], [382466.0730687047, 6091337.643610369], [382426.63711690845, 6091344.7573191235], [382375.5096445801, 6091349.005275757], [382334.7539641163, 6091355.3862381345], [382308.0950035204, 6091368.133015701], [382295.24250441144, 6091373.759119637], [382218.79873611813, 6091387.937233896], [382129.9717918626, 6091404.123636917], [382097.35389892594, 6091420.9697771855], [382048.7014855334, 6091441.801062338], [382005.4395672089, 6091456.857315966], [381992.613240579, 6091465.400621828], [381979.86972165125, 6091480.733270778], [381931.8723081866, 6091569.886587097], [381919.6539606615, 6091579.115513273], [381883.16242136474, 6091576.058336786], [381839.89795462036, 6091568.604192851], [381770.48530025856, 6091549.704876826], [381756.12196617824, 6091542.713538538], [381736.3283013061, 6091538.259328566], [381725.86195252073, 6091543.946588294]], "width_m": 8.0, "highway": "unclassified"}], "buildings": [{"min_proj": [381754.9245241875, 6091426.9614909785], "max_proj": [381789.8988111657, 6091451.1331984345], "height_m": 3.0}, {"min_proj": [381718.5407521641, 6091441.491217247], "max_proj": [381734.1850025623, 6091459.631323176], "height_m": 3.0}, {"min_proj": [381832.8472906357, 6091434.770781402], "max_proj": [381877.8582265937, 6091469.392417243], "height_m": 3.0}, {"min_proj": [381892.403344261, 6091442.807221402], "max_proj": [381905.38970664254, 6091462.282639955], "height_m": 3.0}, {"min_proj": [381841.69847686717, 6091459.140851164], "max_proj": [381887.4973403557, 6091477.929861895], "height_m": 3.0}, {"min_proj": [381776.1579453249, 6091457.9460234735], "max_proj": [381815.10593626136, 6091481.7809764845], "height_m": 3.0}, {"min_proj": [381725.7650486932, 6091472.800164621], "max_proj": [381755.49129408045, 6091491.888041782], "height_m": 3.0}, {"min_proj": [381833.1887242821, 6091503.344463613], "max_proj": [381879.44650151755, 6091526.371236062], "height_m": 3.0}, {"min_proj": [381611.43320203695, 6091512.949406764], "max_proj": [381626.2709532284, 6091526.509883796], "height_m": 3.0}, {"min_proj": [381689.7335842984, 6091540.765655729], "max_proj": [381705.9183941928, 6091558.923112452], "height_m": 3.0}, {"min_proj": [381866.8531600357, 6091544.539939202], "max_proj": [381877.71919264423, 6091558.216156288], "height_m": 3.0}, {"min_proj": [381736.9677663066, 6091555.591280956], "max_proj": [381755.0018394793, 6091575.373194277], "height_m": 3.0}, {"min_proj": [381655.68237475597, 6091562.651569223], "max_proj": [381673.13487934496, 6091576.417893213], "height_m": 3.0}, {"min_proj": [381768.30373260763, 6091562.1717223795], "max_proj": [381788.4458122989, 6091583.9730505], "height_m": 3.0}, {"min_proj": [381696.5051789713, 6091565.690727147], "max_proj": [381715.10562513076, 6091582.428598286], "height_m": 3.0}, {"min_proj": [381829.2182222196, 6091574.880584202], "max_proj": [381848.7531697522, 6091591.045125363], "height_m": 3.0}, {"min_proj": [381713.6782332102, 6091613.977466273], "max_proj": [381728.5648278492, 6091628.789792106], "height_m": 3.0}]}