{"id": "chunk_18_15", "ix": 18, "iy": 15, "tile_proj_bounds": [405147.2182111981, 6098938.107330536, 406647.2182111981, 6100438.107330536], "roads": [{"pts_proj": [[405237.24620708986, 6099088.73838101], [405178.64576667396, 6099062.675544438], [405125.7575583133, 6099039.152639449], [404793.9226296679, 6098891.5578158945], [404552.6902961145, 6098784.284655386]], "width_m": 8.0, "highway": "unclassified"}, {"pts_proj": [[404552.6902961145, 6098784.284655386], [404793.9226296679, 6098891.5578158945], [405125.7575583133, 6099039.152639449], [405178.64576667396, 6099062.675544438], [405237.24620708986, 6099088.73838101]], "width_m": 8.0, "highway": "unclassified"}, {"pts_proj": [[404329.6213478619, 6099862.857699781], [404357.8275374741, 6099867.596950128], [404384.0691338926, 6099868.070434637], [404398.93696164043, 6099869.132557154], [404455.5764923579, 6099886.855876787], [404595.32447609195, 6099933.806048239], [404741.4633830461, 6099972.709538432], [404769.2007289808, 6099978.006802649], [404879.3728831314, 6099999.058266776], [404908.6303762987, 6100011.515110086], [404942.88814229745, 6100032.13659863], [404983.8189026469, 6100041.595985575], [405057.1141207031, 6100047.618174238], [405115.32046306424, 6100058.09192023], [405183.3341721153, 6100075.237616159], [405203.8998597012, 6100068.600751625], [405244.04931181215, 6100041.578228813], [405271.9876524137, 6100024.455077248], [405294.1133443067, 6099993.685435717], [405330.9002977126, 6099925.59229348], [405339.2852433984, 6099910.07512826], [405451.76030127273, 6099647.334221099], [405467.0180094139, 6099623.601417437], [405518.1643168805, 6099493.826188351], [405525.19863199175, 6099477.558775279]], "width_m": 8.0, "highway": "unclassified"}, {"pts_proj": [[405525.19863199175, 6099477.558775279], [405518.1643168805, 6099493.826188351], [405467.0180094139, 6099623.601417437], [405451.76030127273, 6099647.334221099], [405339.2852433984, 6099910.07512826], [405330.9002977126, 6099925.59229348], [405294.1133443067, 6099993.685435717], [405271.9876524137, 6100024.455077248], [405244.04931181215, 6100041.578228813], [405203.8998597012, 6100068.600751625], [405183.3341721153, 6100075.237616159], [405115.32046306424, 6100058.09192023], [405057.1141207031, 6100047.618174238], [404983.8189026469, 6100041.595985575], [404942.88814229745, 6100032.13659863], [404908.6303762987, 6100011.515110086], [404879.3728831314, 6099999.058266776], [404769.2007289808, 6099978.006802649], [404741.4633830461, 6099972.709538432], [404595.32447609195, 6099933.806048239], [404455.5764923579, 6099886.855876787], [404398.93696164043, 6099869.132557154], [404384.0691338926, 6099868.070434637], [404357.8275374741, 6099867.596950128], [404329.6213478619, 6099862.857699781]], "width_m": 8.0, "highway": "unclassified"}, {"pts_proj": [[405237.24620708986, 6099088.73838101], [405257.52240891487, 6099048.022849852], [405306.3505729272, 6098939.745224998], [405330.59786174976, 6098893.535932119], [405359.0068841273, 6098869.891593729], [405366.112420811, 6098856.961951973], [405388.28743314644, 6098813.70226254], [405431.90162614605, 6098720.753602706], [405453.2764125094, 6098726.958052511]], "width_m": 8.0, "highway": "unclassified"}, {"pts_proj": [[405453.2764125094, 6098726.958052511], [405431.90162614605, 6098720.753602706], [405388.28743314644, 6098813.70226254], [405366.112420811, 6098856.961951973], [405359.0068841273, 6098869.891593729], [405336.4830077718, 6098887.600520878], [405306.3505729272, 6098939.745224998], [405262.4147073921, 6099038.401532305], [405237.24620708986, 6099088.73838101]], "width_m": 8.0, "highway": "unclassified"}, {"pts_proj": [[405100.5455120394, 6099302.618686357], [405125.01869433356, 6099272.6667316845], [405139.5148362661, 6099259.757857243], [405158.5233541182, 6099244.348800959], [405170.00460189953, 6099228.565262993], [405177.03489536885, 6099215.458768021], [405211.45877577877, 6099147.548605279], [405222.45714753633, 6099123.4489614], [405237.24620708986, 6099088.73838101]], "width_m": 8.0, "highway": "unclassified"}, {"pts_proj": [[405237.24620708986, 6099088.73838101], [405222.45714753633, 6099123.4489614], [405211.45877577877, 6099147.548605279], [405183.4745752887, 6099203.444592988], [405170.00460189953, 6099228.565262993], [405158.5233541182, 6099244.348800959], [405139.5148362661, 6099259.757857243], [405125.01869433356, 6099272.6667316845], [405100.5455120394, 6099302.618686357]], "width_m": 8.0, "highway": "unclassified"}], "buildings": [{"min_proj": [405171.6484911178, 6098943.649264516], "max_proj": [405177.5935170364, 6098949.710467172], "height_m": 3.0}, {"min_proj": [405173.3761756397, 6098977.753346802], "max_proj": [405179.3211561191, 6098983.814550287], "height_m": 3.0}, {"min_proj": [405182.50409227813, 6098980.910423298], "max_proj": [405188.44907257846, 6098986.971630418], "height_m": 3.0}, {"min_proj": [405220.13245474437, 6098994.037736417], "max_proj": [405226.077434152, 6099000.099094096], "height_m": 3.0}, {"min_proj": [405151.755685669, 6098996.690815802], "max_proj": [405157.70063077786, 6099002.752146452], "height_m": 3.0}, {"min_proj": [405237.1000340918, 6099001.726076805], "max_proj": [405243.04501070135, 6099007.787441227], "height_m": 3.0}, {"min_proj": [405213.69447754027, 6099006.151988112], "max_proj": [405219.6394376427, 6099012.213343294], "height_m": 3.0}, {"min_proj": [405185.4773810334, 6099009.834107698], "max_proj": [405191.4223234745, 6099015.8954517385], "height_m": 3.0}, {"min_proj": [405247.07739244145, 6099019.314054823], "max_proj": [405253.02234969905, 6099025.375423263], "height_m": 3.0}, {"min_proj": [405202.2584737209, 6099024.706209938], "max_proj": [405208.2034035437, 6099030.767560676], "height_m": 3.0}, {"min_proj": [405146.7327443934, 6099034.789892183], "max_proj": [405152.6776356186, 6099040.851221005], "height_m": 3.0}, {"min_proj": [405156.42344557703, 6099038.858760667], "max_proj": [405162.368335641, 6099044.920093339], "height_m": 3.0}, {"min_proj": [405221.8286013728, 6099041.745550078], "max_proj": [405227.77351689467, 6099047.806908629], "height_m": 3.0}, {"min_proj": [405194.4544727568, 6099045.064657801], "max_proj": [405200.39937148837, 6099051.126005538], "height_m": 3.0}, {"min_proj": [405166.13637676626, 6099070.651522816], "max_proj": [405171.90607733646, 6099076.56997962], "height_m": 3.0}, {"min_proj": [405186.1855539775, 6099083.313196317], "max_proj": [405194.3890948419, 6099091.501617309], "height_m": 3.0}, {"min_proj": [405215.08325672935, 6099087.156497468], "max_proj": [405220.85296212614, 6099093.075114066], "height_m": 3.0}, {"min_proj": [405161.99244262796, 6099111.904597192], "max_proj": [405167.7618502994, 6099117.81192539], "height_m": 3.0}, {"min_proj": [405172.22928580514, 6099116.407034238], "max_proj": [405177.99892925075, 6099122.325629823], "height_m": 3.0}, {"min_proj": [405141.52821016323, 6099133.466808861], "max_proj": [405147.2978143706, 6099139.385253696], "height_m": 3.0}, {"min_proj": [405170.1558144516, 6099136.2099235095], "max_proj": [405175.9251944779, 6099142.11725581], "height_m": 3.0}, {"min_proj": [405195.7208623728, 6099145.296335172], "max_proj": [405201.4904804387, 6099151.203680126], "height_m": 3.0}, {"min_proj": [405152.3400312045, 6099172.888376305], "max_proj": [405158.1093530403, 6099178.795835586], "height_m": 3.0}, {"min_proj": [405178.3342776427, 6099187.141808692], "max_proj": [405184.1038309743, 6099193.060407494], "height_m": 3.0}, {"min_proj": [405148.60979520605, 6099211.338499587], "max_proj": [405154.3793004174, 6099217.245957147], "height_m": 3.0}, {"min_proj": [405251.430157935, 6098973.693182209], "max_proj": [405257.3751789664, 6098979.754552178], "height_m": 3.0}, {"min_proj": [405257.53367472556, 6100381.415241341], "max_proj": [405263.03478221846, 6100387.088294766], "height_m": 3.0}, {"min_proj": [405253.81088377844, 6100403.839913965], "max_proj": [405259.153183004, 6100409.373887448],