{"id": "chunk_13_3", "ix": 13, "iy": 3, "tile_proj_bounds": [397647.2182111981, 6080938.107330536, 399147.2182111981, 6082438.107330536], "roads": [{"pts_proj": [[398729.68166644353, 6083033.215925778], [398718.43649523245, 6082870.898970173], [398702.5919503423, 6082695.049168197], [398690.6984436817, 6082557.259392486], [398680.4917287662, 6082428.826948104], [398656.3993229958, 6082103.094108347], [398624.1811270948, 6081688.723320133], [398603.01181342616, 6081423.916620872], [398599.29111381073, 6081372.537807241], [398592.94827619323, 6081325.025263499], [398588.4034448565, 6081296.029029226], [398575.0517699123, 6081227.846869967], [398536.2413215464, 6081048.664352678], [398513.6057225078, 6080960.932797242], [398497.26931079035, 6080908.514189466], [398477.02647746104, 6080853.723702084], [398458.5750252433, 6080812.596196107], [398452.57080793683, 6080799.20656344], [398441.89328189555, 6080775.636635364], [398414.79269389843, 6080715.780459645], [398257.66056126205, 6080387.9368712865], [398103.8537351027, 6080062.983910454], [398084.1438470019, 6080019.314813808]], "width_m": 10.0, "highway": "tertiary"}, {"pts_proj": [[398084.1438470019, 6080019.314813808], [398103.8537351027, 6080062.983910454], [398257.66056126205, 6080387.9368712865], [398414.79269389843, 6080715.780459645], [398441.89328189555, 6080775.636635364], [398452.57080793683, 6080799.20656344], [398458.5750252433, 6080812.596196107], [398477.02647746104, 6080853.723702084], [398497.26931079035, 6080908.514189466], [398513.6057225078, 6080960.932797242], [398536.2413215464, 6081048.664352678], [398575.0517699123, 6081227.846869967], [398588.4034448565, 6081296.029029226], [398592.94827619323, 6081325.025263499], [398599.29111381073, 6081372.537807241], [398603.01181342616, 6081423.916620872], [398624.1811270948, 6081688.723320133], [398656.3993229958, 6082103.094108347], [398680.4917287662, 6082428.826948104], [398690.6984436817, 6082557.259392486], [398702.5919503423, 6082695.049168197], [398718.43649523245, 6082870.898970173], [398729.68166644353, 6083033.215925778]], "width_m": 10.0, "highway": "tertiary"}], "buildings": [{"min_proj": [397934.8972055496, 6082041.761318685], "max_proj": [397959.7419275881, 6082050.628724308], "height_m": 3.0}]}