{"id": "chunk_5_24", "ix": 5, "iy": 24, "tile_proj_bounds": [384147.2182111981, 6105238.107330536, 385347.2182111981, 6106438.107330536], "roads": [], "buildings": [{"min_proj": [385179.68471423106, 6105568.739122807], "max_proj": [385185.328848996, 6105573.511240028], "obb": {"c": [385182.5068644908, 6105571.12532221], "s": [4.792549248315722, 3.163065126094187], "yaw": -2.7436007195034433}, "height_m": 3.0}, {"min_proj": [385339.08701570804, 6105657.6467023], "max_proj": [385344.6435418549, 6105662.264970134], "obb": {"c": [385341.86412049574, 6105659.952525253], "s": [4.807619938489119, 2.833702787571404], "yaw": -2.697334277780805}, "height_m": 3.0}, {"min_proj": [385319.3523637892, 6105665.495217561], "max_proj": [385328.44605492806, 6105672.241435902], "obb": {"c": [385323.8993073266, 6105668.862908725], "s": [8.412338278813777, 3.4857458469499565], "yaw": 0.4442013414893438}, "height_m": 3.0}]}