{"id": "chunk_6_26", "ix": 6, "iy": 26, "tile_proj_bounds": [385347.2182111981, 6107638.107330536, 386547.2182111981, 6108838.107330536], "roads": [{"pts_proj": [[387821.531167545, 6108140.97543854], [387762.1987681476, 6108285.199448086], [387599.32446503796, 6108674.320390661], [387567.5995593702, 6108661.182106987], [387547.7810655176, 6108652.753448343], [384684.4834141463, 6107442.010138237], [384615.04338056745, 6107413.14569751], [384572.6195519359, 6107397.566251382], [384547.89177247015, 6107390.836394221], [384516.71197920386, 6107385.186837129], [384481.06795645546, 6107381.445741116], [384438.8811414428, 6107381.192428659], [384394.84308892477, 6107384.884320968], [384348.5497228573, 6107394.658493716], [384302.85742096463, 6107410.117983903], [384071.45812413975, 6107495.793671462], [383882.1583289096, 6107566.8458044985], [383840.39446150203, 6107582.519535331], [383811.6985022734, 6107591.083589548], [383786.57431687135, 6107598.051620901], [383761.55223031534, 6107603.057598848], [383725.80696119455, 6107607.152226332], [383707.31695346185, 6107608.536604532], [383689.4109506259, 6107609.304593831], [383614.83329716243, 6107608.546481643], [383598.76222843735, 6107608.198067791]], "width_m": 10.0, "highway": "tertiary"}, {"pts_proj": [[383598.76222843735, 6107608.198067791], [383614.83329716243, 6107608.546481643], [383689.4109506259, 6107609.304593831], [383707.31695346185, 6107608.536604532], [383725.80696119455, 6107607.152226332], [383761.55223031534, 6107603.057598848], [383786.57431687135, 6107598.051620901], [383811.6985022734, 6107591.083589548], [383840.39446150203, 6107582.519535331], [383882.1583289096, 6107566.8458044985], [384071.45812413975, 6107495.793671462], [384302.85742096463, 6107410.117983903], [384348.5497228573, 6107394.658493716], [384394.84308892477, 6107384.884320968], [384438.8811414428, 6107381.192428659], [384481.06795645546, 6107381.445741116], [384516.71197920386, 6107385.186837129], [384547.89177247015, 6107390.836394221], [384572.6195519359, 6107397.566251382], [384615.04338056745, 6107413.14569751], [384684.4834141463, 6107442.010138237], [387547.7810655176, 6108652.753448343], [387567.5995593702, 6108661.182106987], [387599.32446503796, 6108674.320390661], [387762.1987681476, 6108285.199448086], [387821.531167545, 6108140.97543854]], "width_m": 10.0, "highway": "tertiary"}], "buildings": [{"min_proj": [385932.0118483104, 6107645.743808426], "max_proj": [385993.98489513923, 6107707.591837489], "obb": {"c": [385963.0366057074, 6107676.6726410985], "s": [61.859723876908234, 61.84146353103736], "yaw": 2.301283176575937}, "height_m": 3.0}, {"min_proj": [385788.14704762504, 6107584.096698717], "max_proj": [385850.12099651655, 6107645.944707097], "obb": {"c": [385819.1706000931, 6107615.031550393], "s": [61.852177150422, 61.83384219697427], "yaw": 2.300145962600411}, "height_m": 3.0}]}