{"id": "chunk_21_22", "ix": 21, "iy": 22, "tile_proj_bounds": [403347.2182111981, 6102838.107330536, 404547.2182111981, 6104038.107330536], "roads": [{"pts_proj": [[404775.61025740654, 6103077.888390388], [404759.203256503, 6103067.66333982], [404744.20030299714, 6103057.074421398], [404697.4138241069, 6103020.169634499], [404660.6913232314, 6102989.061459744], [404630.87807438476, 6102955.724259375], [404605.10604402056, 6102922.868576884], [404571.11216048675, 6102878.110835758], [404556.3285948045, 6102860.504788306], [404530.86496694206, 6102830.169828916], [404508.32314402115, 6102809.201126036], [404457.75160942454, 6102757.162526475], [404446.597600949, 6102743.798259483], [404440.8346938432, 6102727.390912152], [404445.2403281362, 6102717.1109711705], [404505.1009765138, 6102659.213308613]], "width_m": 7.0, "highway": "residential"}, {"pts_proj": [[404505.1009765138, 6102659.213308613], [404449.9007377855, 6102711.567732243], [404442.78284679726, 6102721.994796266], [404442.344518243, 6102737.032128537], [404457.75160942454, 6102757.162526475], [404508.32314402115, 6102809.201126036], [404530.86496694206, 6102830.169828916], [404556.3285948045, 6102860.504788306], [404571.11216048675, 6102878.110835758], [404605.10604402056, 6102922.868576884], [404630.87807438476, 6102955.724259375], [404660.6913232314, 6102989.061459744], [404697.4138241069, 6103020.169634499], [404744.20030299714, 6103057.074421398], [404759.203256503, 6103067.66333982], [404775.61025740654, 6103077.888390388]], "width_m": 7.0, "highway": "residential"}], "buildings": [{"min_proj": [404247.3476277771, 6102991.638709956], "max_proj": [404263.6187247552, 6103007.876279142], "obb": {"c": [404255.4829793256, 6102999.762797689], "s": [11.579890437037964, 11.434941303496647], "yaw": 2.3409422821684505}, "height_m": 3.0}]}