{"id": "chunk_20_3", "ix": 20, "iy": 3, "tile_proj_bounds": [402147.2182111981, 6080038.107330536, 403347.2182111981, 6081238.107330536], "roads": [], "buildings": [{"min_proj": [403256.70903708204, 6080861.911431001], "max_proj": [403271.70898726553, 6080880.12166679], "obb": {"c": [403264.20895917434, 6080871.016551712], "s": [15.990698737729325, 11.663217175885812], "yaw": -1.8006682437206842}, "height_m": 3.0}, {"min_proj": [403270.37152192043, 6080923.619979567], "max_proj": [403285.13838061155, 6080942.243878864], "obb": {"c": [403277.75583838933, 6080932.282514741], "s": [17.8919856835045, 10.984032533867445], "yaw": 1.3411386873452749}, "height_m": 3.0}, {"min_proj": [403286.97099560266, 6080990.229299761], "max_proj": [403297.9889713371, 6081010.118318181], "obb": {"c": [403292.48001482774, 6081000.1737099495], "s": [18.81887952433881, 6.913841610748416], "yaw": -1.8005544663134618}, "height_m": 3.0}]}