{"id": "chunk_11_53", "ix": 11, "iy": 53, "tile_proj_bounds": [391347.2182111981, 6140038.107330536, 392547.2182111981, 6141238.107330536], "roads": [], "buildings": [{"min_proj": [391989.74883331556, 6140943.27812099], "max_proj": [392000.08124955336, 6140953.067216052], "obb": {"c": [391994.9152739935, 6140948.172363786], "s": [8.560911046726524, 5.811710725441852], "yaw": 2.49266408525842}, "height_m": 3.0}, {"min_proj": [392015.71336042497, 6140959.783600819], "max_proj": [392022.70400986675, 6140967.368637335], "obb": {"c": [392019.2089270712, 6140963.57547117], "s": [6.791494015879707, 3.6166499110107346], "yaw": -2.221363894779969}, "height_m": 3.0}, {"min_proj": [392016.3377288486, 6140980.701867377], "max_proj": [392030.65135964303, 6140995.742564037], "obb": {"c": [392022.8143528884, 6140987.49678481], "s": [13.658317736078821, 9.304753235213287], "yaw": 0.9205612143904793}, "height_m": 3.0}]}