{"id": "chunk_9_24", "ix": 9, "iy": 24, "tile_proj_bounds": [388947.2182111981, 6105238.107330536, 390147.2182111981, 6106438.107330536], "roads": [{"pts_proj": [[389827.4717922043, 6103613.421298431], [389811.71284494986, 6103625.95665605], [389769.04347596254, 6103656.858460614], [389756.9671895191, 6103668.969045094], [389736.0240596724, 6103691.719362896], [389722.78900019574, 6103704.760466123], [389684.1322219295, 6103741.564689759], [389671.4390239966, 6103756.095525988], [389662.8822705908, 6103769.188127288], [389168.69593253627, 6104944.395138227], [388882.0349214348, 6105620.199167822]], "width_m": 10.0, "highway": "tertiary"}, {"pts_proj": [[388882.0349214348, 6105620.199167822], [389168.69593253627, 6104944.395138227], [389657.2498776858, 6103780.916978929], [389671.4390239966, 6103756.095525988], [389684.1322219295, 6103741.564689759], [389722.78900019574, 6103704.760466123], [389736.0240596724, 6103691.719362896], [389756.9671895191, 6103668.969045094], [389769.04347596254, 6103656.858460614], [389811.71284494986, 6103625.95665605], [389827.4717922043, 6103613.421298431]], "width_m": 10.0, "highway": "tertiary"}, {"pts_proj": [[388882.0349214348, 6105620.199167822], [389010.2662402798, 6105675.910912031], [389224.21017359395, 6105764.331450085], [389240.4742856574, 6105772.767107973], [389377.34912926523, 6105828.218693975], [389601.0571794943, 6105921.91428176], [389723.19610972994, 6105972.942718727], [389737.1166187569, 6105974.735957629], [389770.3038699662, 6105967.792033679], [389964.3488472947, 6106046.797237386], [390027.94130314013, 6106073.394791067], [390136.9825552149, 6106120.883047978], [390348.07263656915, 6106208.869607256], [390458.1764130589, 6106255.192635761], [390554.2447637197, 6106298.200110673], [390643.13864520856, 6106338.0011481745]], "width_m": 8.0, "highway": "unclassified"}, {"pts_proj": [[390643.13864520856, 6106338.0011481745], [390554.2447637197, 6106298.200110673], [390458.1764130589, 6106255.192635761], [390348.07263656915, 6106208.869607256], [390136.9825552149, 6106120.883047978], [390027.94130314013, 6106073.394791067], [389964.3488472947, 6106046.797237386], [389770.3038699662, 6105967.792033679], [389737.1166187569, 6105974.735957629], [389723.19610972994, 6105972.942718727], [389601.0571794943, 6105921.91428176], [389382.44058578776, 6105830.352394557], [389240.4742856574, 6105772.767107973], [389224.21017359395, 6105764.331450085], [389010.2662402798, 6105675.910912031], [388882.0349214348, 6105620.199167822]], "width_m": 8.0, "highway": "unclassified"}], "buildings": [{"min_proj": [389134.802901769, 6105240.14444334], "max_proj": [389161.4733191199, 6105262.5792867765], "obb": {"c": [389149.07979743835, 6105251.357298897], "s": [25.17963077682549, 13.789877340778503], "yaw": 0.3970691417686231}, "height_m": 3.0}, {"min_proj": [389751.12155996414, 6105220.544824919], "max_proj": [389773.2291022039, 6105239.434822367], "obb": {"c": [389762.17516537994, 6105229.989728845], "s": [18.65437458097314, 12.700892441977219], "yaw": -2.7460278683011845}, "height_m": 3.0}, {"min_proj": [389175.0970868962, 6105302.540892508], "max_proj": [389237.51047671883, 6105340.477947702], "obb": {"c": [389206.3032913458, 6105321.509151214], "s": [61.178150724421, 15.504705058663555], "yaw": -2.7445252513162135}, "height_m": 3.0}, {"min_proj": [389318.4409788848, 6105394.6459091], "max_proj": [389355.1322339532, 6105418.441986726], "obb": {"c": [389336.7864552481, 6105406.543892388], "s": [35.1380968594118, 11.086341498526199], "yaw": -2.744524871317056}, "height_m": 3.0}, {"min_proj": [389306.25760308525, 6105422.621683931], "max_proj": [389335.5620925474, 6105444.515484849], "obb": {"c": [389320.9101952056, 6105433.568707238], "s": [26.473526989038575, 12.647429451252165], "yaw": 0.39735319776783645}, "height_m": 3.0}, {"min_proj": [389078.821338404, 6105366.3662626445], "max_proj": [389196.98244948545, 6105431.27505868], "obb": {"c": [389137.9020049147, 6105398.820804975], "s": [119.6413105540911, 20.241677090309313], "yaw": -2.74452480060606}, "height_m": 3.0}, {"min_proj": [389064.7435545218, 6105402.780635864], "max_proj": [389127.14881339774, 6105445.766031727], "obb": {"c": [389095.9461530523, 6105424.273291767], "s": [58.37757485431045, 22.159956459427796], "yaw": 0.3971376642152558}, "height_m": 3.0}, {"min_proj": [389135.1824708622, 6105432.561987995], "max_proj": [389154.84799019166, 6105456.417685141], "obb": {"c": [389145.01518865384, 6105444.484213249], "s": [20.598295223177306, 12.666666047762066], "yaw": -1.1723906093754715}, "height_m": 3.0}, {"min_proj": [389032.04097722325, 6105444.046923364], "max_proj": [389042.22471551475, 6105457.658672729], "obb": {"c": [389037.1331381554, 6105450.853307536], "s": [12.333308223251152, 5.85425000257401], "yaw": -1.1721915137417085}, "height_m": 3.0}, {"min_proj": [389060.6580451317, 6105456.852074952], "max_proj": [389086.14423003036, 6105486.390293086], "obb": {"c": [389073.4012776577, 6105471.615782797], "s": [24.882661335629606, 17.173693669314304], "yaw": -1.1721626750190344}, "height_m": 3.0}, {"min_proj": [389052.1890780225, 6105504.401065766], "max_proj": [389066.2174256071, 6105520.396931477], "obb": {"c": [389059.20302998315, 6105512.398683912], "s": [13.348782062588388, 9.599566719147491], "yaw": 1.9693220282505108}, "height_m": 3.0}, {"min_proj": [389010.3322388166, 6105536.575115896], "max_proj": [389049.8895929949, 6105576.075434064], "obb": {"c": [389030.11092730286, 6105556.319758049], "s": [30.24538576659629, 30.18466289368441], "yaw": -1.1722042627379579}, "height_m": 3.0}, {"min_proj": [389006.22862177144, 6105600.401568125], "max_proj": [389030.5302451942, 6105620.546528837], "obb": {"c": [389018.37992335175, 6105610.468795151], "s": [20.847996248541065, 13.124385247285716], "yaw": 0.39737861593044027}, "height_m": 3.0}, {"min_proj": [388927.20393676544, 6105720.094286511], "max_proj": [389006.4338770597, 6105799.775729471], "obb": {"c": [388966.818919293, 6105759.935168266], "s": [61.32441857355358, 60.140201634907676], "yaw": 1.9694779123901403}, "height_m": 3.0}, {"min_proj": [389132.84791877767, 6105771.341832934], "max_proj": [389169.60707504663, 6105824.641750849], "obb": {"c": [389151.22716906486, 6105797.991281955], "s": [49.96456460523913, 18.844069328287727], "yaw": -1.1721553645479896}, "height_m": 3.0}, {"min_proj": [389136.35994276596, 6105818.150481169], "max_proj": [389282.25883788115, 6106089.458531501], "obb": {"c": [389209.3093476009, 6105953.809227621], "s": [277.0012603374172, 41.62344526150461], "yaw": 1.9694989935349518}, "height_m": 3.0}, {"min_proj": [389191.85745451774, 6105843.674359698], "max_proj": [389337.7844653753, 6106135.646078669], "obb": {"c": [389264.82104426256, 6105989.659792534], "s": [304.22144956810854, 30.178010092931654], "yaw": 1.9695338063697723}, "height_m": 3.0}, {"min_proj": [389204.4275569241, 6106307.442780838], "max_proj": [389211.6589862117, 6106314.978765289], "obb": {"c": [389208.0425319448, 6106311.211864475], "s": [5.9431992663445135, 5.386029206499586], "yaw": 1.9584234668573746}, "height_m": 3.0}, {"min_proj": [389190.49498921423, 6106391.709144969], "max_proj": [389197.69530945545, 6106400.284899456], "obb": {"c": [389194.09488388983, 6106395.996742971], "s": [7.322068477527725, 4.784156755801655], "yaw": 1.9588776218079142}, "height_m": 3.0}, {"min_proj": [389178.10448489606, 6106416.920637069], "max_proj": [389188.22974817106, 6106429.534762093], "obb": {"c": [389183.16709184204, 6106423.227673531], "s": [11.023614267712096, 6.428094835277987], "yaw": 1.959339562695816}, "height_m": 3.0}, {"min_proj": [389107.25910470245, 6105832.7101060385], "max_proj": [389144.0650346824, 6105886.8653081665], "obb": {"c": [389125.6619375438, 6105859.787349554], "s": [51.063824228144476, 18.424569896870803], "yaw": 1.9695357827528612}, "height_m": 3.0}, {"min_proj": [389079.34925180447, 6105894.984749853], "max_proj": [389116.6778793356, 6105948.264070462],