{"id": "chunk_19_4", "ix": 19, "iy": 4, "tile_proj_bounds": [400947.2182111981, 6081238.107330536, 402147.2182111981, 6082438.107330536], "roads": [{"pts_proj": [[402160.51384980604, 6082080.86907207], [402154.32810815435, 6082066.22097035], [402144.5271554262, 6082041.488433743], [402143.89065047295, 6082026.407821237], [402157.6466824142, 6082006.082510387], [402192.87780586135, 6081979.434560341], [402226.84407741646, 6081951.278258424], [402241.06928796123, 6081938.033851064], [402250.8361300245, 6081918.719556499], [402260.5361866747, 6081882.163882197], [402267.4310826868, 6081858.292479472], [402321.6766141601, 6081768.69480829], [402359.8146114963, 6081707.889015335]], "width_m": 8.0, "highway": "unclassified"}, {"pts_proj": [[402359.8146114963, 6081707.889015335], [402321.6766141601, 6081768.69480829], [402267.4310826868, 6081858.292479472], [402260.5361866747, 6081882.163882197], [402250.8361300245, 6081918.719556499], [402241.06928796123, 6081938.033851064], [402226.84407741646, 6081951.278258424], [402192.87780586135, 6081979.434560341], [402157.6466824142, 6082006.082510387], [402143.89065047295, 6082026.407821237], [402144.5271554262, 6082041.488433743], [402154.32810815435, 6082066.22097035], [402160.51384980604, 6082080.86907207]], "width_m": 8.0, "highway": "unclassified"}], "buildings": [{"min_proj": [401450.9969847651, 6082280.514310763], "max_proj": [401467.6393830492, 6082294.6190270865], "obb": {"c": [401459.31836102664, 6082287.561068044], "s": [14.09793560813561, 9.72830719305201], "yaw": -0.3650630489876572}, "height_m": 3.0}, {"min_proj": [401568.4492794529, 6082405.853319548], "max_proj": [401620.6032257888, 6082429.474781231], "obb": {"c": [401594.5265081139, 6082419.196709751], "s": [49.80999129475751, 16.265235752996166], "yaw": -2.922695352521305}, "height_m": 3.0}]}