{"id": "chunk_14_20", "ix": 14, "iy": 20, "tile_proj_bounds": [394947.2182111981, 6100438.107330536, 396147.2182111981, 6101638.107330536], "roads": [{"pts_proj": [[395841.25447334617, 6100238.076779776], [395809.5828103467, 6100288.009895449], [395809.0842545089, 6100296.237296485], [395847.43546105106, 6100338.637040377], [395860.9210735964, 6100353.540686523], [395903.1548759942, 6100403.197785357], [395943.96794221125, 6100451.18508704], [396007.86918977636, 6100526.521914626], [396039.88166415866, 6100564.272700342], [396065.80657656176, 6100593.738089869], [396123.82724130654, 6100659.66166087], [396131.6598592351, 6100650.929754414], [396140.90692160133, 6100637.044037573], [396236.014107871, 6100524.577488865], [396289.01012354274, 6100473.306186823], [396410.9877174427, 6100366.587531169], [396554.10541054944, 6100242.394695867], [396571.74469303037, 6100221.691811497]], "width_m": 7.0, "highway": "residential"}, {"pts_proj": [[396571.74469303037, 6100221.691811497], [396554.10541054944, 6100242.394695867], [396410.9877174427, 6100366.587531169], [396289.01012354274, 6100473.306186823], [396236.014107871, 6100524.577488865], [396140.90692160133, 6100637.044037573], [396131.6598592351, 6100650.929754414], [396123.82724130654, 6100659.66166087], [396065.80657656176, 6100593.738089869], [396039.88166415866, 6100564.272700342], [396007.86918977636, 6100526.521914626], [395950.4692307655, 6100458.848618266], [395903.1548759942, 6100403.197785357], [395860.9210735964, 6100353.540686523], [395847.43546105106, 6100338.637040377], [395809.0842545089, 6100296.237296485], [395841.25447334617, 6100238.076779776]], "width_m": 7.0, "highway": "residential"}, {"pts_proj": [[396131.16819369915, 6100667.996118724], [396177.34390266356, 6100720.280266334], [396208.82555061526, 6100755.940483598], [396232.8086763896, 6100783.0918246545], [396245.282748201, 6100798.042320133], [396279.3908462496, 6100838.941026403], [396298.420763583, 6100861.765893668], [396308.877458188, 6100865.285847004], [396347.88885432243, 6100836.29302105], [396364.31367052515, 6100823.454613126], [396425.25338177383, 6100773.013541577], [396468.8613123172, 6100733.762446635], [396496.14128393057, 6100710.431074117], [396537.770233119, 6100674.833469862], [396588.37587357074, 6100632.360089546], [396616.5898912878, 6100608.729560303], [396632.572826764, 6100595.512792669], [396669.0330457618, 6100567.416914215], [396716.5518675321, 6100530.961202141], [396731.0164316762, 6100519.238266978], [396781.06341374223, 6100478.717157729], [396811.30587009835, 6100448.717850838]], "width_m": 7.0, "highway": "residential"}, {"pts_proj": [[396811.30587009835, 6100448.717850838], [396790.4834340344, 6100469.448819034], [396731.0164316762, 6100519.238266978], [396716.5518675321, 6100530.961202141], [396672.3431273945, 6100564.868934996], [396632.572826764, 6100595.512792669], [396616.5898912878, 6100608.729560303], [396588.37587357074, 6100632.360089546], [396541.1866612873, 6100671.915553998], [396503.6384018149, 6100704.02316171], [396468.8613123172, 6100733.762446635], [396425.25338177383, 6100773.013541577], [396364.31367052515, 6100823.454613126], [396347.88885432243, 6100836.29302105], [396311.4360227953, 6100864.803405312], [396298.420763583, 6100861.765893668], [396279.3908462496, 6100838.941026403], [396245.282748201, 6100798.042320133], [396232.8086763896, 6100783.0918246545], [396208.82555061526, 6100755.940483598], [396177.34390266356, 6100720.280266334], [396131.16819369915, 6100667.996118724]], "width_m": 7.0, "highway": "residential"}], "buildings": [{"min_proj": [395975.5334812306, 6100439.9213004615], "max_proj": [395981.25400456286, 6100445.626928802], "obb": {"c": [395978.3940155883, 6100442.774557047], "s": [4.108791032445414, 3.9796202600545594], "yaw": -2.3819478008558503}, "height_m": 3.0}, {"min_proj": [395944.4898738263, 6100440.441665404], "max_proj": [395954.84628649463, 6100451.287445058], "obb": {"c": [395949.66779308475, 6100445.865117641], "s": [8.73143546620247, 6.460482396339536], "yaw": -2.1982106307374476}, "height_m": 3.0}, {"min_proj": [395966.07116125326, 6100453.55911672], "max_proj": [395977.3075384047, 6100464.808239113], "obb": {"c": [395971.6895489183, 6100459.188789116], "s": [8.405663308367705, 7.522361008810782], "yaw": -2.3240941936739503}, "height_m": 3.0}, {"min_proj": [396101.83605347684, 6100433.363532486], "max_proj": [396107.5568399766, 6100439.069016795], "obb": {"c": [396104.6963077112, 6100436.221630384], "s": [4.114833093636691, 3.9750440398212263], "yaw": -2.3811144286288317}, "height_m": 3.0}, {"min_proj": [396065.6283623376, 6100435.129795964], "max_proj": [396071.3552785412, 6100440.835427588], "obb": {"c": [396068.4916077041, 6100437.9821938975], "s": [4.113551258841436, 3.9841126583094515], "yaw": 0.7596608483971632}, "height_m": 3.0}, {"min_proj": [396093.76361027255, 6100444.717030784], "max_proj": [396099.48412367975, 6100450.422663514], "obb": {"c": [396096.6243978734, 6100447.570707639], "s": [4.107807557417472, 3.9796792402143852], "yaw": -2.3819051626005914}, "height_m": 3.0}, {"min_proj": [396051.9556859961, 6100447.582369285], "max_proj": [396057.67645601806, 6100453.288000496], "obb": {"c": [396054.8156993056, 6100450.440426187], "s": [4.1103032431763475, 3.979601111575814], "yaw": -2.380026535634808}, "height_m": 3.0}, {"min_proj": [396129.5264793531, 6100449.335359679], "max_proj": [396135.2379084479, 6100455.039674745], "obb": {"c": [396132.38205551344, 6100452.187728137], "s": [4.115785616459354, 3.9786249484003915], "yaw": 0.8348343084702763}, "height_m": 3.0}, {"min_proj": [396085.2745672557, 6100457.672477061], "max_proj": [396090.99532321433, 6100463.377960911], "obb": {"c": [396088.1340146563, 6100460.529912965], "s": [4.114822290940312, 3.97516648422443], "yaw": -2.381115628535103}, "height_m": 3.0}, {"min_proj": [396072.671782363, 6100465.825081833], "max_proj": [396078.3989179028, 6100471.530565259], "obb": {"c": [396075.5348319015, 6100468.682548317], "s": [4.120842196559667, 3.979418570121899], "yaw": -2.3811483754261595}, "height_m": 3.0}, {"min_proj": [396123.6640128201, 6100472.137390469], "max_proj": [396129.3751548809, 6100477.852832501], "obb": {"c": [396126.5185474054, 6100474.995215022], "s": [4.10874552726018, 3.986491526018621], "yaw": 0.8346956710168472}, "height_m": 3.0}, {"min_proj": [396043.7588035183, 6100457.703453401], "max_proj": [396049.47956086986, 6100463.4200621], "obb": {"c": [396046.61724133673, 6100460.560061872], "s": [4.115346088238833, 3.9795497570443508], "yaw": -2.380107863760459}, "height_m": 3.0}, {"min_proj": [396044.89115914074, 6100470.646418133], "max_proj": [396050.61189988826, 6100476.351900529], "obb": {"c": [396047.75113796466, 6100473.5043028435], "s": [4.114817192686907, 3.975069483025352], "yaw": -2.3811234096303315}, "height_m": 3.0}, {"min_proj": [396038.9528024025, 6100476.996405412], "max_proj": [396044.67966581427, 6100482.702036357], "obb": {"c": [396041.8165990721, 6100479.849738359], "s": [4.115670249181893, 3.983953734157562], "yaw": 0.7596248896556841}, "height_m": 3.0}, {"min_proj": [396026.2952440694, 6100479.495425612], "max_proj": [396032.0159741341, 6100485.200907363], "obb": {"c": [396029.15539846115, 6100482.353460703], "s": [4.11481352701606, 3.975034929770857], "yaw": -2.381126691358351}, "height_m": 3.0}, {"min_proj": [395985.66458673275, 6100486.230206485], "max_proj": [395991.391699133, 6100491.946813165], "obb": {"c": [395988.5279410199, 6100489.0881837085], "s": [4.119626886322672, 3.979488306231071], "yaw": -2.381147162280232}, "height_m": 3.0}, {"min_proj": [395994.45429501846, 6100486.13980206], "max_proj": [396005.6839333706, 6100497.388776923], "obb": {"c": [396000.0694111878, 6100491.763611876], "s": [8.399709229486799, 7.518001935481531], "yaw": -2.3249166343129084}, "height_m": 3.0}, {"min_proj": [396045.52563815366, 6100501.201249041], "max_proj": [396051.25272930466, 6100506.906880401],