{"id": "chunk_27_13", "ix": 27, "iy": 13, "tile_proj_bounds": [410547.2182111981, 6092038.107330536, 411747.2182111981, 6093238.107330536], "roads": [], "buildings": [{"min_proj": [410561.18036364025, 6092051.404718005], "max_proj": [410567.41642345174, 6092058.218145245], "obb": {"c": [410564.29863814893, 6092054.811507062], "s": [6.0824148829245885, 5.3799264520819206], "yaw": 1.7224531453639573}, "height_m": 3.0}, {"min_proj": [410545.495743003, 6092134.055103845], "max_proj": [410551.7316655078, 6092140.868515901], "obb": {"c": [410548.6135758278, 6092137.461792772], "s": [6.0821336204056395, 5.378992878034942], "yaw": 1.7223082383451314}, "height_m": 3.0}, {"min_proj": [410541.08168492524, 6092349.709242928], "max_proj": [410547.31728999934, 6092356.5226507075], "obb": {"c": [410544.1994327438, 6092353.115920457], "s": [6.082145647591726, 5.378915983699496], "yaw": 1.722326323223217}, "height_m": 3.0}]}