{"id": "chunk_24_19", "ix": 24, "iy": 19, "tile_proj_bounds": [406947.2182111981, 6099238.107330536, 408147.2182111981, 6100438.107330536], "roads": [{"pts_proj": [[405685.62692336005, 6102436.732862043], [405684.3469058355, 6102415.16439483], [405675.91614274756, 6102399.602320732], [405661.22852225276, 6102374.298678026], [405656.24059203814, 6102348.411564476], [405647.67816883017, 6102283.104709291], [405641.11061260017, 6102198.219549199], [405639.7361247426, 6102091.183841503], [405646.06780034536, 6102051.243018883], [405657.77009554685, 6102012.947511027], [405704.44885465264, 6101908.547727916], [405729.08235120424, 6101855.252079946], [405736.81416032, 6101841.0072155455], [405760.59378652903, 6101807.466290599], [405782.10398529534, 6101777.502146969], [405939.8600838161, 6101546.810992871], [406033.3975484288, 6101410.9162443755], [406082.485060695, 6101331.8727354705], [406143.0944707395, 6101240.520906593], [406336.8183683896, 6100958.173196842], [406548.2045680818, 6100648.125907376], [406710.4368780552, 6100401.085675652], [406873.9373985099, 6100171.067988577], [406885.8391628141, 6100156.59370608], [406915.32546923833, 6100115.348872429], [407010.03895175655, 6099951.645585372], [407023.7119258117, 6099927.617351238], [407042.82260644296, 6099893.312890897], [407065.9876243076, 6099848.293538149], [407175.20179800096, 6099636.070683911], [407216.30134456384, 6099556.795198902], [407288.63870249287, 6099380.951395396], [407300.590778555, 6099351.783680316], [407312.1232734908, 6099323.64880826], [407333.269001141, 6099271.003327367], [407357.3319973964, 6099216.560959374], [407379.2422854116, 6099164.656827772], [407402.0839755619, 6099111.698290139], [407424.2611530567, 6099060.278675479], [407446.0299972404, 6099009.802695663], [407469.5389289999, 6098955.32799043]], "width_m": 8.0, "highway": "unclassified"}, {"pts_proj": [[407469.5389289999, 6098955.32799043], [407446.0299972404, 6099009.802695663], [407424.2611530567, 6099060.278675479], [407402.0839755619, 6099111.698290139], [407379.2422854116, 6099164.656827772], [407357.3319973964, 6099216.560959374], [407333.269001141, 6099271.003327367], [407313.7502786544, 6099319.785810251], [407300.590778555, 6099351.783680316], [407288.63870249287, 6099380.951395396], [407216.30134456384, 6099556.795198902], [407175.20179800096, 6099636.070683911], [407065.9876243076, 6099848.293538149], [407042.82260644296, 6099893.312890897], [407023.7119258117, 6099927.617351238], [407010.03895175655, 6099951.645585372], [406915.32546923833, 6100115.348872429], [406890.55997865903, 6100150.606692221], [406873.9373985099, 6100171.067988577], [406710.4368780552, 6100401.085675652], [406548.2045680818, 6100648.125907376], [406336.8183683896, 6100958.173196842], [406143.0944707395, 6101240.520906593], [406082.485060695, 6101331.8727354705], [406033.3975484288, 6101410.9162443755], [405939.8600838161, 6101546.810992871], [405782.10398529534, 6101777.502146969], [405760.59378652903, 6101807.466290599], [405744.7478174744, 6101829.964032382], [405729.08235120424, 6101855.252079946], [405704.44885465264, 6101908.547727916], [405657.77009554685, 6102012.947511027], [405646.7276081254, 6102047.088077791], [405639.7361247426, 6102091.183841503], [405641.11061260017, 6102198.219549199], [405647.67816883017, 6102283.104709291], [405656.24059203814, 6102348.411564476], [405661.22852225276, 6102374.298678026], [405668.3616220114, 6102388.619137836], [405684.3469058355, 6102415.16439483], [405685.62692336005, 6102436.732862043]], "width_m": 8.0, "highway": "unclassified"}], "buildings": [{"min_proj": [407414.03436512663, 6099233.843151119], "max_proj": [407419.8987001893, 6099239.529588627], "obb": {"c": [407416.9665965084, 6099236.6862827595], "s": [4.6263468555947265, 4.3380899316588515], "yaw": 0.3626791468381326}, "height_m": 3.0}, {"min_proj": [407381.59571346897, 6099237.432045815], "max_proj": [407387.46002752555, 6099243.118463621], "obb": {"c": [407384.5276295093, 6099240.27791775], "s": [4.629194750534374, 4.340476083612251], "yaw": 0.36198095408718367}, "height_m": 3.0}, {"min_proj": [407485.64163772145, 6099240.419110882], "max_proj": [407491.51216052077, 6099246.105591896], "obb": {"c": [407488.5770629894, 6099243.2568003675], "s": [4.628346193446946, 4.350961485378922], "yaw": 0.3627305076722331}, "height_m": 3.0}, {"min_proj": [407399.18089657463, 6099245.23795864], "max_proj": [407405.04520896025, 6099250.924387146], "obb": {"c": [407402.11317288806, 6099248.081125028], "s": [4.6264659617942625, 4.338079533734845], "yaw": 0.36267464351804807}, "height_m": 3.0}, {"min_proj": [407444.614603205, 6099247.335604649], "max_proj": [407450.4789354709, 6099253.02206075], "obb": {"c": [407447.545810321, 6099250.181340703], "s": [4.629184108955843, 4.3404739678014215], "yaw": 0.36199410849695185}, "height_m": 3.0}, {"min_proj": [407462.2726674805, 6099252.802765878], "max_proj": [407468.1370012427, 6099258.489232715], "obb": {"c": [407465.20441282814, 6099255.648736662], "s": [4.629178732402356, 4.340473013154369], "yaw": 0.3619975652607664}, "height_m": 3.0}, {"min_proj": [407232.7551130561, 6099234.820506478], "max_proj": [407238.61935628287, 6099240.506833869], "obb": {"c": [407235.6864954606, 6099237.666263749], "s": [4.629201391999951, 4.340478315031976], "yaw": 0.36194812312703334}, "height_m": 3.0}, {"min_proj": [407133.98958584806, 6099234.890655421], "max_proj": [407139.85377966263, 6099240.576922821], "obb": {"c": [407136.92126482463, 6099237.733365389], "s": [4.625190137128025, 4.338171347773271], "yaw": 0.36263297033893344}, "height_m": 3.0}, {"min_proj": [407248.7677449001, 6099242.012989944], "max_proj": [407254.631755524, 6099247.699194406], "obb": {"c": [407251.698255698, 6099244.849615865], "s": [4.625027526823283, 4.348257046624667], "yaw": 0.3626447257420771}, "height_m": 3.0}, {"min_proj": [407296.4195750544, 6099243.150038006], "max_proj": [407302.2838389182, 6099248.836404088], "obb": {"c": [407299.351510278, 6099245.992951924], "s": [4.625706102046532, 4.33813237677692], "yaw": 0.36266242329318477}, "height_m": 3.0}, {"min_proj": [407268.55086990085, 6099249.1161416955], "max_proj": [407274.4151118584, 6099254.802490855], "obb": {"c": [407271.4828486235, 6099251.962024321], "s": [4.6291876278142166, 4.340475954845122], "yaw": 0.361954857831306}, "height_m": 3.0}, {"min_proj": [407321.83891360636, 6099254.099445605], "max_proj": [407327.7029447002, 6099259.796953879], "obb": {"c": [407324.76876038313, 6099256.952136792], "s": [4.6291833332515475, 4.3506456793567105], "yaw": -2.780480252056258}, "height_m": 3.0}, {"min_proj": [407184.21143992303, 6099256.010124287], "max_proj": [407190.0756305322, 6099261.696422225], "obb": {"c": [407187.1418208509, 6099258.85517542], "s": [4.62918393799424, 4.34047609956288], "yaw": 0.36193554322116045}, "height_m": 3.0}, {"min_proj": [407282.9864697725, 6099256.731078751], "max_proj": [407288.8507087402, 6099262.417436693], "obb": {"c": [407285.9171176355, 6099259.576407396], "s": [4.629180429240512, 4.340474754491118], "yaw": 0.3619574171626682}, "height_m": 3.0}, {"min_proj": [407302.870575618, 6099263.776625721], "max_proj": [407308.734584247, 6099269.462995751], "obb": {"c": [407305.8021612002, 6099266.616844948], "s": [4.625017627351541, 4.35079759227487], "yaw": 0.36196123404203445}, "height_m": 3.0}, {"min_proj": [407200.042364582, 6099263.996547209], "max_proj": [407205.9065524003, 6099269.682854777], "obb": {"c": [407202.9728965526, 6099266.841670816], "s": [4.629176369601305, 4.340474833664244], "yaw": 0.36193838035928166}, "height_m": 3.0}, {"min_proj": [407435.39672396466, 6099259.782362112], "max_proj": [407441.2610349584, 6099265.468812636], "obb": {"c": [407438.3273936652, 6099262.627590205], "s": [4.6291732974486814, 4.340472419985211], "yaw": 0.36199100359261677}, "height_m": 3.0}, {"min_proj": [407447.0676346814, 6099264.204694182], "max_proj": [407452.9319455805, 6099269.891151804],