{"id": "chunk_4_24", "ix": 4, "iy": 24, "tile_proj_bounds": [382947.2182111981, 6105238.107330536, 384147.2182111981, 6106438.107330536], "roads": [{"pts_proj": [[383360.46707970486, 6104456.258793386], [383370.64468416065, 6104493.914031417], [383379.69193937775, 6104519.129102265], [383381.3933159586, 6104533.135343237], [383373.23935217096, 6104578.484557094], [383371.2074550328, 6104594.592482065], [383369.9982707192, 6104628.23673996], [383372.3911482387, 6104671.862807169], [383380.9468746127, 6104765.997201234], [383389.5628156541, 6104844.364716069], [383479.196745498, 6105662.219464474], [383512.3802692273, 6105958.644658295], [383579.8344843111, 6106566.586916017], [383648.34895871836, 6107173.333391044], [383656.85490123683, 6107254.832830973], [383663.62887052505, 6107297.877089872], [383664.49071540684, 6107317.683749616], [383662.6297034887, 6107336.147513052], [383652.92706192844, 6107358.456742608], [383638.413197814, 6107374.745815013], [383619.1092302301, 6107389.734925734], [383601.3263834375, 6107399.162060472]], "width_m": 10.0, "highway": "tertiary"}, {"pts_proj": [[383601.3263834375, 6107399.162060472], [383619.1092302301, 6107389.734925734], [383638.413197814, 6107374.745815013], [383652.92706192844, 6107358.456742608], [383662.6297034887, 6107336.147513052], [383664.49071540684, 6107317.683749616], [383663.62887052505, 6107297.877089872], [383656.85490123683, 6107254.832830973], [383648.34895871836, 6107173.333391044], [383579.8344843111, 6106566.586916017], [383512.3802692273, 6105958.644658295], [383479.196745498, 6105662.219464474], [383389.5628156541, 6104844.364716069], [383380.9468746127, 6104765.997201234], [383372.3911482387, 6104671.862807169], [383369.9982707192, 6104628.23673996], [383371.2074550328, 6104594.592482065], [383373.23935217096, 6104578.484557094], [383379.9577033095, 6104545.175004665], [383379.69193937775, 6104519.129102265], [383370.64468416065, 6104493.914031417], [383360.46707970486, 6104456.258793386]], "width_m": 10.0, "highway": "tertiary"}], "buildings": []}