{"id": "chunk_16_4", "ix": 16, "iy": 4, "tile_proj_bounds": [397347.2182111981, 6081238.107330536, 398547.2182111981, 6082438.107330536], "roads": [], "buildings": [{"min_proj": [397934.8972055496, 6082041.761318685], "max_proj": [397959.7419275881, 6082050.628724308], "obb": {"c": [397947.3195753662, 6082046.19676868], "s": [24.787961202218195, 8.815084108251588], "yaw": 3.132433859763223}, "height_m": 3.0}]}