{"id": "chunk_7_27", "ix": 7, "iy": 27, "tile_proj_bounds": [386547.2182111981, 6108838.107330536, 387747.2182111981, 6110038.107330536], "roads": [], "buildings": [{"min_proj": [387544.1007887114, 6108834.944706337], "max_proj": [387555.5931160259, 6108850.083899183], "obb": {"c": [387549.84704057133, 6108842.51453847], "s": [13.586929082927803, 6.757624676208927], "yaw": 1.9685339706026792}, "height_m": 3.0}]}