{"id": "chunk_4_14", "ix": 4, "iy": 14, "tile_proj_bounds": [382947.2182111981, 6093238.107330536, 384147.2182111981, 6094438.107330536], "roads": [{"pts_proj": [[382994.6103677625, 6093956.125793656], [383058.7412829794, 6093950.486311038], [383126.5140216642, 6093944.529989547], [383144.1590068229, 6093937.545057752], [383205.15545127244, 6093888.579959034], [383261.7500129541, 6093843.148529858], [383293.89937144954, 6093818.462238673], [383336.68399150623, 6093785.605348997], [383517.764228949, 6093642.979224022], [383595.4281036047, 6093581.806904047], [383618.12968854065, 6093616.765809855], [383626.67403733014, 6093630.126508346], [383646.7493048008, 6093661.37957506], [383657.3803944152, 6093677.914792262], [383677.52109625813, 6093708.498274443], [383687.7347177407, 6093724.00899264], [383711.0547095423, 6093759.408725307], [383742.18999992055, 6093807.999131059], [383773.40828444145, 6093852.412530196], [383809.95420569193, 6093902.76669502]], "width_m": 8.0, "highway": "unclassified"}, {"pts_proj": [[385078.23907326156, 6093144.1986426385], [384887.9226959782, 6093256.246107385], [384472.19241491496, 6093504.206799923], [384400.671982582, 6093546.099863348], [384292.5441234704, 6093611.373979783], [384216.9864606106, 6093656.992825909], [383809.95420569193, 6093902.76669502]], "width_m": 8.0, "highway": "unclassified"}, {"pts_proj": [[383809.95420569193, 6093902.76669502], [384216.9864606106, 6093656.992825909], [384292.5441234704, 6093611.373979783], [384400.671982582, 6093546.099863348], [384472.19241491496, 6093504.206799923], [384887.9226959782, 6093256.246107385], [385078.23907326156, 6093144.1986426385]], "width_m": 8.0, "highway": "unclassified"}, {"pts_proj": [[383809.95420569193, 6093902.76669502], [383781.5106046076, 6093863.5805475], [383742.18999992055, 6093807.999131059], [383711.0547095423, 6093759.408725307], [383687.7347177407, 6093724.00899264], [383677.52109625813, 6093708.498274443], [383657.3803944152, 6093677.914792262], [383646.7493048008, 6093661.37957506], [383626.67403733014, 6093630.126508346], [383618.12968854065, 6093616.765809855], [383595.4281036047, 6093581.806904047], [383517.764228949, 6093642.979224022], [383336.68399150623, 6093785.605348997], [383293.89937144954, 6093818.462238673], [383261.7500129541, 6093843.148529858], [383205.15545127244, 6093888.579959034], [383149.35235712596, 6093933.379145635], [383126.5140216642, 6093944.529989547], [383058.7412829794, 6093950.486311038], [382994.6103677625, 6093956.125793656]], "width_m": 8.0, "highway": "unclassified"}, {"pts_proj": [[382994.6103677625, 6093956.125793656], [382964.2285122314, 6093960.148815668], [382867.3464472421, 6093972.981589873], [382803.5840501548, 6093981.430972937], [382775.10728505196, 6093983.36796894], [382756.0708128357, 6093982.67527758], [382740.1434155912, 6093987.245323637], [382553.8694445073, 6094110.122764069], [382541.12844371254, 6094117.259725416]], "width_m": 8.0, "highway": "unclassified"}, {"pts_proj": [[382541.12844371254, 6094117.259725416], [382553.8694445073, 6094110.122764069], [382740.1434155912, 6093987.245323637], [382756.0708128357, 6093982.67527758], [382775.10728505196, 6093983.36796894], [382803.5840501548, 6093981.430972937], [382867.3464472421, 6093972.981589873], [382964.2285122314, 6093960.148815668], [382994.6103677625, 6093956.125793656]], "width_m": 8.0, "highway": "unclassified"}, {"pts_proj": [[383078.4576520134, 6094384.089788819], [383095.0169793024, 6094384.392013705], [383113.812554625, 6094385.73811335], [383322.4302078622, 6094275.695098849], [383366.9568703768, 6094247.93657543], [383428.8254255255, 6094208.693507731], [383443.84548969753, 6094192.158760196], [383459.62352070975, 6094176.695413652], [383475.1583239925, 6094165.6584553085], [383617.4559893909, 6094079.000489847], [383628.59504093375, 6094068.80207069], [383634.85895256465, 6094055.06751132], [383641.7439618263, 6094036.896827708], [383652.45477129275, 6094024.505180382], [383666.8644579794, 6094012.763365632], [383744.2701109836, 6093962.299384062], [383754.6738478901, 6093952.120400986], [383771.4848760268, 6093933.703306304], [383787.67424128193, 6093919.700135678], [383809.95420569193, 6093902.76669502]], "width_m": 7.0, "highway": "residential"}, {"pts_proj": [[383809.95420569193, 6093902.76669502], [383787.67424128193, 6093919.700135678], [383771.4848760268, 6093933.703306304], [383754.6738478901, 6093952.120400986], [383744.2701109836, 6093962.299384062], [383666.8644579794, 6094012.763365632], [383652.45477129275, 6094024.505180382], [383641.7439618263, 6094036.896827708], [383634.85895256465, 6094055.06751132], [383628.59504093375, 6094068.80207069], [383617.4559893909, 6094079.000489847], [383475.1583239925, 6094165.6584553085], [383459.62352070975, 6094176.695413652], [383443.84548969753, 6094192.158760196], [383428.8254255255, 6094208.693507731], [383375.2738485919, 6094242.754303113], [383322.4302078622, 6094275.695098849], [383124.3917479154, 6094380.162264325], [383106.1151363125, 6094386.673970302], [383078.4576520134, 6094384.089788819]], "width_m": 7.0, "highway": "residential"}, {"pts_proj": [[382994.6103677625, 6093956.125793656], [383004.77195830474, 6094070.992039021], [383021.0685877801, 6094169.9774068855], [383044.7167863868, 6094292.050925677], [383061.4184247713, 6094359.7851313995], [383066.8933604816, 6094373.525596474], [383078.4576520134, 6094384.089788819]], "width_m": 8.0, "highway": "unclassified"}, {"pts_proj": [[383078.4576520134, 6094384.089788819], [383066.8933604816, 6094373.525596474], [383061.4184247713, 6094359.7851313995], [383044.7167863868, 6094292.050925677], [383021.0685877801, 6094169.9774068855], [383004.77195830474, 6094070.992039021], [382995.6647313488, 6093968.044512797], [382994.6103677625, 6093956.125793656]], "width_m": 8.0, "highway": "unclassified"}, {"pts_proj": [[382623.34519318864, 6094689.684501624], [382674.6094106313, 6094661.096285559], [382698.6318984803, 6094654.755004163], [382716.730691261, 6094640.786734303], [382724.4596900962, 6094628.125709343], [382730.07550382556, 6094614.2285814965], [382742.46450815024, 6094601.278474352], [382776.95129189343, 6094576.927683498], [382838.95911253756, 6094521.595565975], [382853.61451929295, 6094514.977118258], [382867.90837953077, 6094514.602974201], [382882.5667795326, 6094518.372151392], [382907.7938291978, 6094538.208891657], [382928.89863681427, 6094539.73871108], [382949.4467326081, 6094519.739775221], [383011.68281436106, 6094442.415454481], [383031.4563858198, 6094417.2489477], [383049.2803276606, 6094399.058544344], [383064.1179498179, 6094389.585867759], [383078.4576520134, 6094384.089788819]], "width_m": 7.0, "highway": "residential"}, {"pts_proj": [[383078.4576520134, 6094384.089788819], [383064.1179498179, 6094389.585867759], [383049.2803276606, 6094399.058544344], [383031.4563858198, 6094417.2489477], [383011.68281436106, 6094442.415454481], [382949.4467326081, 6094519.739775221], [382937.82063769276, 6094532.758388281], [382918.8382639607, 6094542.852092375], [382894.1901043274, 6094525.070985276], [382867.90837953077, 6094514.602974201], [382853.61451929295, 6094514.977118258], [382838.95911253756, 6094521.595565975], [382776.95129189343, 6094576.927683498], [382742.46450815024, 6094601.278474352], [382730.07550382556, 6094614.2285814965], [382724.4596900962, 6094628.125709343], [382716.730691261, 6094640.786734303], [382698.6318984803, 6094654.755004163], [382674.6094106313, 6094661.096285559], [382623.34519318864, 6094689.684501624]], "width_m": 7.0,