{"id": "chunk_3_25", "ix": 3, "iy": 25, "tile_proj_bounds": [381747.2182111981, 6106438.107330536, 382947.2182111981, 6107638.107330536], "roads": [{"pts_proj": [[383601.3263834375, 6107399.162060472], [383584.70181410626, 6107403.315020571], [383564.68993736693, 6107404.39457254], [383137.13224774925, 6107412.002107937], [383096.6832724002, 6107412.7958956435], [382875.28195189143, 6107417.117952088], [382845.4335660019, 6107417.045307843], [382817.8263305133, 6107414.79850238], [382787.91393365164, 6107409.138753329], [382759.5215794589, 6107397.438083728], [382739.5378697335, 6107386.974837646], [382654.6654225679, 6107326.881931766], [382567.6401219317, 6107269.252196765], [382484.47981143615, 6107210.586910885], [382443.81389629724, 6107182.422022759], [382405.75745973934, 6107155.658294442], [382294.80904105236, 6107077.276845187], [382267.9754134492, 6107061.874970653], [382243.713527274, 6107052.228302632], [382220.23785742966, 6107046.001346064], [382191.9298085704, 6107042.229227607], [382167.2997807107, 6107041.611125341], [382114.9591849352, 6107042.917398238], [382001.64480582345, 6107043.8119377], [381922.3621862461, 6107046.167929019], [381868.64077941154, 6107047.413476345], [381844.66783642094, 6107048.705900487]], "width_m": 10.0, "highway": "tertiary"}, {"pts_proj": [[381844.66783642094, 6107048.705900487], [381868.64077941154, 6107047.413476345], [381922.3621862461, 6107046.167929019], [382001.64480582345, 6107043.8119377], [382114.9591849352, 6107042.917398238], [382167.2997807107, 6107041.611125341], [382191.9298085704, 6107042.229227607], [382220.23785742966, 6107046.001346064], [382243.713527274, 6107052.228302632], [382267.9754134492, 6107061.874970653], [382294.80904105236, 6107077.276845187], [382405.75745973934, 6107155.658294442], [382443.81389629724, 6107182.422022759], [382484.47981143615, 6107210.586910885], [382567.6401219317, 6107269.252196765], [382654.6654225679, 6107326.881931766], [382730.8592937015, 6107380.823547029], [382759.5215794589, 6107397.438083728], [382787.91393365164, 6107409.138753329], [382817.8263305133, 6107414.79850238], [382845.4335660019, 6107417.045307843], [382875.28195189143, 6107417.117952088], [383096.6832724002, 6107412.7958956435], [383137.13224774925, 6107412.002107937], [383564.68993736693, 6107404.39457254], [383584.70181410626, 6107403.315020571], [383601.3263834375, 6107399.162060472]], "width_m": 10.0, "highway": "tertiary"}], "buildings": [{"min_proj": [381873.1546239037, 6106974.068108931], "max_proj": [381881.0231061416, 6106982.562483204], "obb": {"c": [381877.0888957909, 6106978.309853462], "s": [6.839342587480011, 5.203329436128143], "yaw": 1.0641001359643076}, "height_m": 3.0}, {"min_proj": [381986.13052272744, 6107110.539338873], "max_proj": [381990.289655523, 6107114.197029262], "obb": {"c": [381988.2099587584, 6107112.368441082], "s": [4.084869681407121, 3.5727748518784326], "yaw": 3.1204824580742616}, "height_m": 3.0}, {"min_proj": [381761.18529624667, 6107214.13088025], "max_proj": [381782.1178305638, 6107235.017874029], "obb": {"c": [381771.6654650904, 6107224.573489737], "s": [20.89036509703769, 20.890030261348564], "yaw": 2.2993841999169984}, "height_m": 3.0}, {"min_proj": [381904.92016740574, 6107216.229518653], "max_proj": [381921.85114755796, 6107233.1214419], "obb": {"c": [381913.3940920401, 6107224.675370782], "s": [16.895861946016595, 16.885681951829216], "yaw": 2.305720371511204}, "height_m": 3.0}, {"min_proj": [381903.807215458, 6107257.801958934], "max_proj": [381924.733149241, 6107278.699778847], "obb": {"c": [381914.28249233135, 6107268.257228139], "s": [20.894074386441247, 20.882671780433913], "yaw": 2.302705364974141}, "height_m": 3.0}, {"min_proj": [381852.2101767213, 6107258.3901651865], "max_proj": [381873.14219842723, 6107279.287813981], "obb": {"c": [381862.68938317074, 6107268.842928476], "s": [20.89024505027494, 20.882281382560084], "yaw": 2.299398957071869}, "height_m": 3.0}, {"min_proj": [381762.47884290846, 6107259.033006081], "max_proj": [381783.41116628435, 6107279.920000894], "obb": {"c": [381772.958110196, 6107269.483764425], "s": [20.898046345390537, 20.888738852353], "yaw": 2.2939853578577067}, "height_m": 3.0}, {"min_proj": [381852.44093929837, 6107302.26273147], "max_proj": [381873.3730499956, 6107323.149874557], "obb": {"c": [381862.9250322248, 6107312.711167325], "s": [20.91056294083231, 20.873366676641496], "yaw": -0.20503595581526343}, "height_m": 3.0}, {"min_proj": [381907.2023374969, 6107303.761603362], "max_proj": [381928.13443523925, 6107324.659424623], "obb": {"c": [381917.6796847606, 6107314.212929128], "s": [20.89012682000989, 20.882162473202694], "yaw": 2.2994056112396284}, "height_m": 3.0}, {"min_proj": [381841.80751227034, 6107416.06620001], "max_proj": [381873.5508331618, 6107437.226313844], "obb": {"c": [381857.67933002475, 6107426.642026238], "s": [31.518879863217748, 20.826754475843277], "yaw": -0.010884286620528502}, "height_m": 3.0}, {"min_proj": [381766.9563462217, 6107423.703017773], "max_proj": [381778.68267632887, 6107441.940280976], "obb": {"c": [381772.81952870375, 6107432.821676532], "s": [18.111248804854352, 11.527456758551756], "yaw": 1.5597734681609163}, "height_m": 3.0}, {"min_proj": [381903.6150166772, 6107501.720080812], "max_proj": [381919.3133286196, 6107517.38780287], "obb": {"c": [381911.47168909636, 6107509.554561681], "s": [15.667667701543662, 15.663725849411948], "yaw": 0.7227109018883769}, "height_m": 3.0}, {"min_proj": [381872.5862431571, 6107501.908044744], "max_proj": [381888.2845569337, 6107517.5757658845], "obb": {"c": [381880.44589585456, 6107509.744669507], "s": [15.667670427649522, 15.663728289986487], "yaw": 0.7227038707373645}, "height_m": 3.0}, {"min_proj": [381843.90723277826, 6107503.17536926], "max_proj": [381854.5690954897, 6107546.499135991], "obb": {"c": [381849.2381395705, 6107524.84101711], "s": [43.223049339632134, 10.193257182676104], "yaw": -1.581653173436965}, "height_m": 3.0}, {"min_proj": [381904.1034180904, 6107532.180791575], "max_proj": [381919.8016226974, 6107547.851623389], "obb": {"c": [381911.9643922401, 6107540.019129068], "s": [15.672277812695334, 15.66367656495151], "yaw": 0.7227141719891513}, "height_m": 3.0}, {"min_proj": [381874.3484713119, 6107532.969456087], "max_proj": [381890.0466755334, 6107548.640293427], "obb": {"c": [381882.20870717644, 6107540.808854314], "s": [15.668148347949504, 15.665897702751984], "yaw": 2.2954845435168285}, "height_m": 3.0}, {"min_proj": [381899.609142473, 6107566.852837572], "max_proj": [381918.3193015822, 6107585.524941523], "obb": {"c": [381908.9705062276, 6107576.185877207], "s": [18.672715991669854, 18.662849560743688], "yaw": -0.835914510274739}, "height_m": 3.0}, {"min_proj": [381859.89863719296, 6107567.771684909], "max_proj": [381878.6087962837, 6107586.443956586], "obb": {"c": [381869.2675229869, 6107577.11163462], "s": [18.673177530207152, 18.66795922029869], "yaw": -0.8456004410588068}, "height_m": 3.0}, {"min_proj": [381900.7936704745, 6107604.799173949], "max_proj": [381919.5036702166, 6107623.471278841], "obb": {"c": [381910.1582123651, 6107614.139042368], "s": [18.669073364722646, 18.668686858312398], "yaw": 0.7240523642590936}, "height_m": 3.0}, {"min_proj": [381860.43857399246, 6107605.713014809], "max_proj": [381879.14857379865, 6107624.385118265], "obb": {"c": [381869.80362120323, 6107615.053275773], "s": [18.66907589598588, 18.66868934660306], "yaw": 0.7240433249459695}, "height_m": 3.0}]}