{"id": "chunk_9_17", "ix": 9, "iy": 17, "tile_proj_bounds": [388947.2182111981, 6096838.107330536, 390147.2182111981, 6098038.107330536], "roads": [{"pts_proj": [[389279.394289602, 6098030.0041763885], [389345.04200241924, 6098027.187319499], [389398.48348415864, 6098016.590873367], [389427.53492293565, 6098011.764056068], [389479.1955075645, 6098006.745743276], [389596.77089000563, 6098005.821874234], [389683.34771317826, 6098003.940409927], [389759.82271858683, 6098002.28748215], [389852.51201371686, 6097999.501509513], [389891.3528995319, 6097996.551770408], [389913.3104096796, 6097991.724754234], [389933.01142584905, 6097986.964543077], [389946.83626677515, 6097983.094998978], [389973.2341870947, 6097978.036496224], [390000.31822463707, 6097974.341753142], [390023.02211739717, 6097969.942234512], [390049.4972460645, 6097962.555502111], [390076.0448072423, 6097952.127854433], [390114.5820716339, 6097940.19212343], [390129.3552156944, 6097936.633831045], [390173.53896823514, 6097924.3371767495], [390189.92252723826, 6097923.311229314], [390204.16910825745, 6097917.584068811], [390229.3484381678, 6097907.424752986], [390261.21226891794, 6097889.419757339], [390451.15617845027, 6097782.304620008], [390594.2666872343, 6097701.604347361], [390670.02973061457, 6097658.881984717], [390731.2118218669, 6097628.629898326], [390751.91117936367, 6097620.386658644], [390814.02799699287, 6097597.716654723], [390839.1735137234, 6097588.931060013], [390856.16395901283, 6097582.315217117], [390870.94314595725, 6097572.647348428]], "width_m": 7.0, "highway": "residential"}, {"pts_proj": [[390870.94314595725, 6097572.647348428], [390856.16395901283, 6097582.315217117], [390839.1735137234, 6097588.931060013], [390814.02799699287, 6097597.716654723], [390751.91117936367, 6097620.386658644], [390731.2118218669, 6097628.629898326], [390670.02973061457, 6097658.881984717], [390594.2666872343, 6097701.604347361], [390451.15617845027, 6097782.304620008], [390261.21226891794, 6097889.419757339], [390229.3484381678, 6097907.424752986], [390216.21882833284, 6097914.0929633], [390189.92252723826, 6097923.311229314], [390173.53896823514, 6097924.3371767495], [390129.3552156944, 6097936.633831045], [390114.5820716339, 6097940.19212343], [390076.0448072423, 6097952.127854433], [390049.4972460645, 6097962.555502111], [390023.02211739717, 6097969.942234512], [390000.31822463707, 6097974.341753142], [389973.2341870947, 6097978.036496224], [389957.99979084753, 6097981.038888111], [389933.01142584905, 6097986.964543077], [389913.3104096796, 6097991.724754234], [389891.3528995319, 6097996.551770408], [389852.51201371686, 6097999.501509513], [389759.82271858683, 6098002.28748215], [389692.4394129908, 6098003.738305344], [389596.77089000563, 6098005.821874234], [389479.1955075645, 6098006.745743276], [389427.53492293565, 6098011.764056068], [389398.48348415864, 6098016.590873367], [389358.5630024221, 6098025.794984842], [389279.394289602, 6098030.0041763885]], "width_m": 7.0, "highway": "residential"}], "buildings": [{"min_proj": [390102.21305289306, 6097504.841841786], "max_proj": [390183.2176478185, 6097558.5052519245], "obb": {"c": [390142.71524047083, 6097531.673721078], "s": [91.15183647118313, 6.675140123331067], "yaw": 2.587007458321975}, "height_m": 3.0}, {"min_proj": [390070.63014631753, 6097473.631460705], "max_proj": [390301.58880892495, 6097628.521626724], "obb": {"c": [390186.10960183915, 6097551.076683559], "s": [266.3575687005394, 12.852829666992603], "yaw": 2.5699174983508906}, "height_m": 3.0}, {"min_proj": [390012.7764175993, 6097517.0145122055], "max_proj": [390193.76792888646, 6097640.653802744], "obb": {"c": [390103.271970613, 6097578.834513952], "s": [206.65240685073186, 13.691311729872423], "yaw": 2.567831568566243}, "height_m": 3.0}, {"min_proj": [390083.7234165374, 6097539.68888232], "max_proj": [390233.6666538698, 6097645.316821258], "obb": {"c": [390160.21327510785, 6097592.502386975], "s": [173.8024371655746, 13.181219207849809], "yaw": -0.5755212499020161}, "height_m": 3.0}, {"min_proj": [390096.45338189544, 6097568.5882333815], "max_proj": [390229.74357269274, 6097662.421611701], "obb": {"c": [390163.09867465636, 6097615.504799792], "s": [151.36243412267174, 12.599809747604269], "yaw": 2.558507858613419}, "height_m": 3.0}, {"min_proj": [389881.1795561671, 6097659.877283835], "max_proj": [389963.73988128133, 6097777.127918365], "obb": {"c": [389922.4597329551, 6097718.503181077], "s": [125.34996971551344, 19.99025290651194], "yaw": -2.1207896131885207}, "height_m": 3.0}, {"min_proj": [390112.2864180091, 6097601.232190997], "max_proj": [390211.6574990121, 6097671.966236586], "obb": {"c": [390161.8450899753, 6097636.330423828], "s": [116.12525279644204, 7.174521309377571], "yaw": -0.5983563647326453}, "height_m": 3.0}, {"min_proj": [389997.75786048156, 6097631.35233482], "max_proj": [390034.95571028703, 6097685.838134855], "obb": {"c": [390016.35699838254, 6097658.59599996], "s": [60.5962314417273, 5.944411404394473], "yaw": -2.1302464138223347}, "height_m": 3.0}, {"min_proj": [390040.9190992521, 6097630.651051325], "max_proj": [390129.882745628, 6097752.01174204], "obb": {"c": [390085.4003587898, 6097691.329788323], "s": [138.2873594552445, 13.028361136324168], "yaw": -2.1719953444294346}, "height_m": 3.0}, {"min_proj": [389906.4474272164, 6097641.048748566], "max_proj": [389994.5980569192, 6097761.699108837], "obb": {"c": [389950.52270636905, 6097701.369101676], "s": [125.3654975269194, 26.53428149204594], "yaw": 1.020768642074683}, "height_m": 3.0}, {"min_proj": [390023.0759964259, 6097639.00726958], "max_proj": [390113.31422544393, 6097766.257410535], "obb": {"c": [390068.19515959866, 6097701.752244816], "s": [142.41494002615735, 16.482863031934663], "yaw": 1.0052065384659978}, "height_m": 3.0}, {"min_proj": [390031.8827930575, 6097687.003107599], "max_proj": [390090.8214874611, 6097774.9398785485], "obb": {"c": [390061.3516183292, 6097730.9702384425], "s": [100.5158551888862, 5.890488634207739], "yaw": -2.1375814924766328}, "height_m": 3.0}, {"min_proj": [390112.26687155373, 6097670.8466046285], "max_proj": [390211.3005311, 6097810.220443786], "obb": {"c": [390161.03969772975, 6097740.533472999], "s": [164.10903122358448, 8.246040920915107], "yaw": -2.1788789561039597}, "height_m": 3.0}, {"min_proj": [390007.10658280016, 6097738.92091653], "max_proj": [390024.99969937303, 6097756.912580379], "obb": {"c": [390016.05297146406, 6097747.922441362], "s": [13.280328390946872, 12.864339621571807], "yaw": -2.1174102688073195}, "height_m": 3.0}, {"min_proj": [390058.19714490813, 6097620.9520241665], "max_proj": [390232.07599911274, 6097891.816089097], "obb": {"c": [390148.6347923356, 6097754.220991652], "s": [315.74681931353933, 16.088055214798676], "yaw": 1.011473001935093}, "height_m": 3.0}, {"min_proj": [390080.6878105463, 6097772.848326662], "max_proj": [390085.06625728216, 6097777.0660542715], "obb": {"c": [390082.876874833, 6097774.957287944], "s": [3.3630305098171314, 2.872373667485403], "yaw": 2.5769844001696725}, "height_m": 3.0}, {"min_proj": [389987.834810836, 6097766.666973579], "max_proj": [390006.30708822916, 6097784.485086764], "obb": {"c": [389997.07073939196, 6097775.570770538], "s": [14.538557609471358, 11.402571770593351], "yaw": -0.6445297894803433}, "height_m": 3.0}, {"min_proj": [390087.9289291247, 6097784.606952095], "max_proj": [390094.690514575, 6097792.713806283], "obb": {"c": [390091.3101440224, 6097788.655688448], "s": [7.551344384450155, 3.2386358267435194], "yaw": 1.009232922306083}, "height_m": 3.0}, {"min_proj": [389998.384478879, 6097783.121028031], "max_proj": [390011.10821676115, 6097795.226822699], "obb": {"c": [390005.5187324493, 6097789.6383561585], "s": [12.523607037091615, 7.0356035496067255], "yaw": -0.6282438160119264}, "height_m": 3.0}, {"min_proj": [390125.643619001, 6097754.065274672], "max_proj": [390220.40861744975, 6097907.6077120695], "obb": {"c": [390172.98483366333, 6097830.55977563],