{"id": "chunk_7_26", "ix": 7, "iy": 26, "tile_proj_bounds": [386547.2182111981, 6107638.107330536, 387747.2182111981, 6108838.107330536], "roads": [{"pts_proj": [[387821.531167545, 6108140.97543854], [387762.1987681476, 6108285.199448086], [387599.32446503796, 6108674.320390661], [387567.5995593702, 6108661.182106987], [387547.7810655176, 6108652.753448343], [384684.4834141463, 6107442.010138237], [384615.04338056745, 6107413.14569751], [384572.6195519359, 6107397.566251382], [384547.89177247015, 6107390.836394221], [384516.71197920386, 6107385.186837129], [384481.06795645546, 6107381.445741116], [384438.8811414428, 6107381.192428659], [384394.84308892477, 6107384.884320968], [384348.5497228573, 6107394.658493716], [384302.85742096463, 6107410.117983903], [384071.45812413975, 6107495.793671462], [383882.1583289096, 6107566.8458044985], [383840.39446150203, 6107582.519535331], [383811.6985022734, 6107591.083589548], [383786.57431687135, 6107598.051620901], [383761.55223031534, 6107603.057598848], [383725.80696119455, 6107607.152226332], [383707.31695346185, 6107608.536604532], [383689.4109506259, 6107609.304593831], [383614.83329716243, 6107608.546481643], [383598.76222843735, 6107608.198067791]], "width_m": 10.0, "highway": "tertiary"}, {"pts_proj": [[383598.76222843735, 6107608.198067791], [383614.83329716243, 6107608.546481643], [383689.4109506259, 6107609.304593831], [383707.31695346185, 6107608.536604532], [383725.80696119455, 6107607.152226332], [383761.55223031534, 6107603.057598848], [383786.57431687135, 6107598.051620901], [383811.6985022734, 6107591.083589548], [383840.39446150203, 6107582.519535331], [383882.1583289096, 6107566.8458044985], [384071.45812413975, 6107495.793671462], [384302.85742096463, 6107410.117983903], [384348.5497228573, 6107394.658493716], [384394.84308892477, 6107384.884320968], [384438.8811414428, 6107381.192428659], [384481.06795645546, 6107381.445741116], [384516.71197920386, 6107385.186837129], [384547.89177247015, 6107390.836394221], [384572.6195519359, 6107397.566251382], [384615.04338056745, 6107413.14569751], [384684.4834141463, 6107442.010138237], [387547.7810655176, 6108652.753448343], [387567.5995593702, 6108661.182106987], [387599.32446503796, 6108674.320390661], [387762.1987681476, 6108285.199448086], [387821.531167545, 6108140.97543854]], "width_m": 10.0, "highway": "tertiary"}], "buildings": [{"min_proj": [387623.8611663196, 6107708.74960417], "max_proj": [387670.36549557967, 6107755.152455558], "obb": {"c": [387647.14358013426, 6107731.955017673], "s": [46.41433735491444, 46.39708156968881], "yaw": 2.299928154531144}, "height_m": 3.0}, {"min_proj": [387585.80377864954, 6107797.807717829], "max_proj": [387632.30718759965, 6107844.2216977505], "obb": {"c": [387609.08191671397, 6107821.02098297], "s": [46.41391568931384, 46.40422420153677], "yaw": 2.299908945915039}, "height_m": 3.0}, {"min_proj": [387713.35248770675, 6107850.681810245], "max_proj": [387759.8553153459, 6107897.095803573], "obb": {"c": [387736.6288985792, 6107873.8939730115], "s": [46.41362783649449, 46.40389970778535], "yaw": 2.299930787281022}, "height_m": 3.0}, {"min_proj": [386936.59414775786, 6107640.369772013], "max_proj": [386990.011999147, 6107676.982426268], "obb": {"c": [386963.3028361597, 6107658.67037168], "s": [49.74403007372828, 19.473345227873377], "yaw": 0.38277348985125653}, "height_m": 3.0}, {"min_proj": [387207.58263539505, 6107636.979326219], "max_proj": [387254.0878104639, 6107683.3819783265], "obb": {"c": [387230.8680695904, 6107660.184801172], "s": [46.41466321736767, 46.39810586588556], "yaw": 2.301327836669964}, "height_m": 3.0}, {"min_proj": [387334.919388583, 6107691.429234522], "max_proj": [387381.4239657904, 6107737.843187885], "obb": {"c": [387358.19829534105, 6107714.642593015], "s": [46.41449348505522, 46.40487559685811], "yaw": 2.299866277496131}, "height_m": 3.0}, {"min_proj": [387211.1019860898, 6107754.58166574], "max_proj": [387243.73298973776, 6107777.0294886455], "obb": {"c": [387227.41771183553, 6107765.805869159], "s": [30.34866907929044, 11.98995404169367], "yaw": -2.758585551336887}, "height_m": 3.0}, {"min_proj": [387283.9584761038, 6107785.577002954], "max_proj": [387362.02106236556, 6107832.147059051], "obb": {"c": [387322.9900421218, 6107808.862207689], "s": [76.29561440848127, 19.511659942810056], "yaw": -2.7588399624480844}, "height_m": 3.0}, {"min_proj": [387371.3644293351, 6107601.607994687], "max_proj": [387417.8696539224, 6107648.021945632], "obb": {"c": [387394.6426741569, 6107624.820439474], "s": [46.41491916030908, 46.405359308302096], "yaw": 2.2998852228769757}, "height_m": 3.0}, {"min_proj": [387497.60119720444, 6107654.776562401], "max_proj": [387544.10611882654, 6107701.190365646], "obb": {"c": [387520.8809366041, 6107677.98848353], "s": [46.414488947595714, 46.40556487409574], "yaw": 2.301389891517145}, "height_m": 3.0}, {"min_proj": [387459.82690002484, 6107744.374194019], "max_proj": [387506.3308958858, 6107790.777034339], "obb": {"c": [387483.107631333, 6107767.578419875], "s": [46.41420593538906, 46.39692961093781], "yaw": 2.2998875222399855}, "height_m": 3.0}, {"min_proj": [387544.1007887114, 6108834.944706337], "max_proj": [387555.5931160259, 6108850.083899183], "obb": {"c": [387549.84704057133, 6108842.51453847], "s": [13.586929082927803, 6.757624676208927], "yaw": 1.9685339706026792}, "height_m": 3.0}, {"min_proj": [387739.2354644716, 6108257.204020708], "max_proj": [387747.24602989544, 6108268.225189484], "obb": {"c": [387743.2402161255, 6108262.71469751], "s": [10.036732839010433, 4.577122938412138], "yaw": -1.1860707987999246}, "height_m": 3.0}, {"min_proj": [387700.012155834, 6108610.689662654], "max_proj": [387829.2569693821, 6108692.506064703], "obb": {"c": [387764.6333009556, 6108651.641385148], "s": [124.68159540423804, 36.81313628185645], "yaw": -2.746652774751284}, "height_m": 3.0}, {"min_proj": [387679.4897386237, 6108641.698213075], "max_proj": [387705.0045643789, 6108678.863417699], "obb": {"c": [387692.24686858733, 6108660.280290185], "s": [34.859725059263674, 13.06083925317046], "yaw": 1.967409764395564}, "height_m": 3.0}, {"min_proj": [387610.4068614092, 6108699.526488175], "max_proj": [387619.2608683911, 6108710.912267918], "obb": {"c": [387614.8342126784, 6108705.219834492], "s": [10.111663615014072, 5.357373209939533], "yaw": 1.9685223735210473}, "height_m": 3.0}, {"min_proj": [387737.0868959882, 6108699.935717827], "max_proj": [387800.9088020932, 6108743.220573294], "obb": {"c": [387768.99771179666, 6108721.583775119], "s": [60.012750659622455, 21.909578833639024], "yaw": -2.7464709874490407}, "height_m": 3.0}, {"min_proj": [387601.4402314498, 6108723.37186279], "max_proj": [387610.76549329655, 6108732.809219379], "obb": {"c": [387606.1028786955, 6108728.090649482], "s": [7.299211148248043, 7.047530519113641], "yaw": 1.9686989974984879}, "height_m": 3.0}, {"min_proj": [387574.42192345357, 6108726.00409086], "max_proj": [387588.535212092, 6108747.663483362], "obb": {"c": [387581.4783071556, 6108736.833159887], "s": [20.751488957914493, 6.584857941390889], "yaw": 1.968714459163493}, "height_m": 3.0}, {"min_proj": [387593.05090930295, 6108740.860268081], "max_proj": [387606.6805470359, 6108754.869460314], "obb": {"c": [387599.8653160878, 6108747.8646093365], "s": [10.951096889358231, 10.18598871844589], "yaw": -1.1732833489148036}, "height_m": 3.0}, {"min_proj": [387568.71944481455, 6108773.350440872], "max_proj": [387606.4144182255, 6108816.375872065], "obb": {"c": [387587.56734784594, 6108794.8637077175], "s": [35.91391205243244, 25.799098432334546], "yaw": 1.968570777403226}, "height_m": 3.0}]}