{"id": "chunk_13_0", "ix": 13, "iy": 0, "tile_proj_bounds": [393747.2182111981, 6076438.107330536, 394947.2182111981, 6077638.107330536], "roads": [{"pts_proj": [[393723.2365817352, 6078414.72615541], [393861.6398719114, 6078310.7790110335], [394103.3006323731, 6078133.192188261], [394369.5821023343, 6077933.411189189], [394629.7293362767, 6077747.004330338], [394670.3493680548, 6077725.481173912], [394748.55052878335, 6077684.054444422], [394850.87987598835, 6077635.67546067], [394863.8388598056, 6077629.550585886], [394908.33385777863, 6077612.625761563], [394926.3510606073, 6077605.993331706], [394956.62075376697, 6077597.093454492], [394975.2635687642, 6077594.409661563], [395021.61270611425, 6077597.714318694], [395106.47136171546, 6077607.635899154], [395142.1070065132, 6077613.08396823], [395191.498567181, 6077619.848355298], [395221.1816360772, 6077621.617362401], [395234.68885485106, 6077621.0802605115]], "width_m": 7.0, "highway": "residential"}, {"pts_proj": [[395234.68885485106, 6077621.0802605115], [395191.498567181, 6077619.848355298], [395142.1070065132, 6077613.08396823], [395106.47136171546, 6077607.635899154], [395021.61270611425, 6077597.714318694], [394975.2635687642, 6077594.409661563], [394956.62075376697, 6077597.093454492], [394926.3510606073, 6077605.993331706], [394908.33385777863, 6077612.625761563], [394868.9359522136, 6077627.138290348], [394850.87987598835, 6077635.67546067], [394748.55052878335, 6077684.054444422], [394670.3493680548, 6077725.481173912], [394629.7293362767, 6077747.004330338], [394369.5821023343, 6077933.411189189], [394103.3006323731, 6078133.192188261], [393861.6398719114, 6078310.7790110335], [393723.2365817352, 6078414.72615541]], "width_m": 7.0, "highway": "residential"}], "buildings": []}