{"id": "chunk_14_2", "ix": 14, "iy": 2, "tile_proj_bounds": [394947.2182111981, 6078838.107330536, 396147.2182111981, 6080038.107330536], "roads": [{"pts_proj": [[395352.58081975934, 6079162.628723236], [395459.595835644, 6079188.026241162], [395667.6283128513, 6079236.3073262], [395847.58751169825, 6079280.216146744], [396023.9582183409, 6079325.773486931], [396204.86260379665, 6079373.125439773], [396335.4881806575, 6079409.832005646], [396431.0250262461, 6079436.329440635], [396534.24278852914, 6079463.954609457], [396619.35667674773, 6079485.597287363], [396678.3051514881, 6079501.475054116], [396700.1220430309, 6079505.8719962025]], "width_m": 8.0, "highway": "unclassified"}, {"pts_proj": [[396700.1220430309, 6079505.8719962025], [396678.3051514881, 6079501.475054116], [396619.35667674773, 6079485.597287363], [396534.24278852914, 6079463.954609457], [396431.0250262461, 6079436.329440635], [396335.4881806575, 6079409.832005646], [396204.86260379665, 6079373.125439773], [396023.9582183409, 6079325.773486931], [395847.58751169825, 6079280.216146744], [395667.6283128513, 6079236.3073262], [395459.595835644, 6079188.026241162], [395352.58081975934, 6079162.628723236]], "width_m": 8.0, "highway": "unclassified"}], "buildings": [{"min_proj": [395293.6545051009, 6079168.182989508], "max_proj": [395311.0757268027, 6079192.68551166], "obb": {"c": [395302.3651609923, 6079180.434351431], "s": [22.144968318996625, 11.989122425814504], "yaw": 1.8385881658854681}, "height_m": 3.0}, {"min_proj": [395268.7393217588, 6079237.409548998], "max_proj": [395304.0411885525, 6079257.5881194575], "obb": {"c": [395286.3899611022, 6079247.498686764], "s": [33.212986976051475, 13.973079461081435], "yaw": 0.19640944155178716}, "height_m": 3.0}]}