{"id": "chunk_17_1", "ix": 17, "iy": 1, "tile_proj_bounds": [398547.2182111981, 6077638.107330536, 399747.2182111981, 6078838.107330536], "roads": [], "buildings": [{"min_proj": [398715.26193605666, 6078767.180018365], "max_proj": [398721.748546572, 6078773.562101871], "obb": {"c": [398718.5057137292, 6078770.371540285], "s": [4.91179705415857, 4.710153331541047], "yaw": -2.684869650949085}, "height_m": 3.0}, {"min_proj": [398709.87716245797, 6078776.37520952], "max_proj": [398717.41415362, 6078784.055461168], "obb": {"c": [398713.6457271339, 6078780.215435824], "s": [5.8348370142492385, 5.041202824322594], "yaw": 2.216369118425702}, "height_m": 3.0}]}