{"id": "chunk_5_13", "ix": 5, "iy": 13, "tile_proj_bounds": [384147.2182111981, 6092038.107330536, 385347.2182111981, 6093238.107330536], "roads": [{"pts_proj": [[385767.178299929, 6092105.026145919], [385724.3013463021, 6092132.550249023], [385778.7979587156, 6092224.812850245], [385788.7251063668, 6092248.106470456], [385785.0313944735, 6092275.577291563], [385708.35177545843, 6092453.872940544], [385703.7943677275, 6092490.138904451], [385712.3351266102, 6092523.866195418], [385753.79671260907, 6092592.413274589], [385797.1363281766, 6092664.074641], [385809.78822879936, 6092686.753265795], [385806.88887006475, 6092702.157674914], [385722.2132272704, 6092755.319252321], [385425.6124861202, 6092933.315716359], [385078.23907326156, 6093144.1986426385]], "width_m": 8.0, "highway": "unclassified"}, {"pts_proj": [[385078.23907326156, 6093144.1986426385], [385425.6124861202, 6092933.315716359], [385722.2132272704, 6092755.319252321], [385806.88887006475, 6092702.157674914], [385809.78822879936, 6092686.753265795], [385797.1363281766, 6092664.074641], [385753.79671260907, 6092592.413274589], [385712.3351266102, 6092523.866195418], [385703.7943677275, 6092490.138904451], [385708.35177545843, 6092453.872940544], [385785.0313944735, 6092275.577291563], [385787.1257535649, 6092259.993018104], [385778.7979587156, 6092224.812850245], [385724.3013463021, 6092132.550249023], [385767.178299929, 6092105.026145919]], "width_m": 8.0, "highway": "unclassified"}, {"pts_proj": [[385078.23907326156, 6093144.1986426385], [384887.9226959782, 6093256.246107385], [384472.19241491496, 6093504.206799923], [384400.671982582, 6093546.099863348], [384292.5441234704, 6093611.373979783], [384216.9864606106, 6093656.992825909], [383809.95420569193, 6093902.76669502]], "width_m": 8.0, "highway": "unclassified"}, {"pts_proj": [[383809.95420569193, 6093902.76669502], [384216.9864606106, 6093656.992825909], [384292.5441234704, 6093611.373979783], [384400.671982582, 6093546.099863348], [384472.19241491496, 6093504.206799923], [384887.9226959782, 6093256.246107385], [385078.23907326156, 6093144.1986426385]], "width_m": 8.0, "highway": "unclassified"}], "buildings": []}