{"id": "chunk_3_23", "ix": 3, "iy": 23, "tile_proj_bounds": [381747.2182111981, 6104038.107330536, 382947.2182111981, 6105238.107330536], "roads": [{"pts_proj": [[382319.23790411337, 6104767.45379138], [382329.2373913058, 6104754.94277029], [382419.91918624897, 6104739.524618392], [382510.778095059, 6104725.718065977], [382554.7621094737, 6104705.643323267], [382802.0260453807, 6104608.777456417], [382889.95902939024, 6104574.402557702], [382951.6899202409, 6104558.352817437], [383015.35086122213, 6104543.778647413], [383101.3215405538, 6104518.767288524], [383118.9319645289, 6104512.3381018005], [383162.14470183925, 6104492.401085175], [383183.4932391866, 6104481.120146885], [383209.2084353898, 6104473.8667169055], [383234.6483377152, 6104469.76035126], [383264.81110796833, 6104469.382787473], [383324.1848304409, 6104468.630902108], [383344.0808585059, 6104464.81492488], [383360.46707970486, 6104456.258793386]], "width_m": 7.0, "highway": "residential"}, {"pts_proj": [[383360.46707970486, 6104456.258793386], [383344.0808585059, 6104464.81492488], [383324.1848304409, 6104468.630902108], [383264.81110796833, 6104469.382787473], [383234.6483377152, 6104469.76035126], [383209.2084353898, 6104473.8667169055], [383183.4932391866, 6104481.120146885], [383169.4415472537, 6104488.546958621], [383118.9319645289, 6104512.3381018005], [383101.3215405538, 6104518.767288524], [383015.35086122213, 6104543.778647413], [382951.6899202409, 6104558.352817437], [382889.95902939024, 6104574.402557702], [382802.0260453807, 6104608.777456417], [382554.7621094737, 6104705.643323267], [382510.778095059, 6104725.718065977], [382419.91918624897, 6104739.524618392], [382337.38443490135, 6104751.877573895], [382319.23790411337, 6104767.45379138]], "width_m": 7.0, "highway": "residential"}, {"pts_proj": [[382319.23790411337, 6104767.45379138], [382303.7680097389, 6104783.026254083], [382276.3356919679, 6104808.367124473], [382249.9675754078, 6104835.049538112], [382227.5394820731, 6104855.137058471], [382207.76872009755, 6104872.070446031], [382190.24761117424, 6104883.477794333], [382166.5212542713, 6104893.334554583], [382151.3011434359, 6104900.9180355845], [382132.87626128143, 6104916.791898457], [382120.4291559167, 6104938.653705546], [382110.09842597356, 6104962.519364788], [382101.771868745, 6104984.628592723], [382097.4565474748, 6105002.857420649], [382096.30588531704, 6105024.086656238], [382097.2239279153, 6105032.9583158465]], "width_m": 7.0, "highway": "residential"}, {"pts_proj": [[382097.2239279153, 6105032.9583158465], [382097.4565474748, 6105002.857420649], [382101.771868745, 6104984.628592723], [382110.09842597356, 6104962.519364788], [382120.4291559167, 6104938.653705546], [382132.87626128143, 6104916.791898457], [382151.3011434359, 6104900.9180355845], [382166.5212542713, 6104893.334554583], [382190.24761117424, 6104883.477794333], [382207.76872009755, 6104872.070446031], [382227.5394820731, 6104855.137058471], [382249.9675754078, 6104835.049538112], [382276.3356919679, 6104808.367124473], [382303.7680097389, 6104783.026254083], [382319.23790411337, 6104767.45379138]], "width_m": 7.0, "highway": "residential"}, {"pts_proj": [[382097.2239279153, 6105032.9583158465], [382100.8383322764, 6105066.019308013], [382101.05369791284, 6105087.212429874], [382067.9595313502, 6105092.5410283245]], "width_m": 7.0, "highway": "residential"}, {"pts_proj": [[382067.9595313502, 6105092.5410283245], [382092.23698369414, 6105090.529606019], [382103.5999333582, 6105079.629777042], [382097.9298461585, 6105046.61199751], [382097.2239279153, 6105032.9583158465]], "width_m": 7.0, "highway": "residential"}, {"pts_proj": [[382097.2239279153, 6105032.9583158465], [382065.96630477183, 6105043.014773152], [382050.7286330829, 6105049.908792157], [382034.16393083794, 6105058.552579425], [382022.5531385604, 6105072.877234689], [382020.97693793825, 6105091.044824998], [382019.5452836891, 6105114.675308386], [382017.5428927466, 6105129.770103896], [382014.5374684439, 6105145.581737386], [382012.26010168344, 6105163.077588632], [382011.0764687336, 6105183.283428369], [382010.79119449435, 6105198.332798001]], "width_m": 7.0, "highway": "residential"}, {"pts_proj": [[382010.79119449435, 6105198.332798001], [382011.0764687336, 6105183.283428369], [382012.26010168344, 6105163.077588632], [382014.5374684439, 6105145.581737386], [382017.5428927466, 6105129.770103896], [382019.5452836891, 6105114.675308386], [382020.97693793825, 6105091.044824998], [382022.5531385604, 6105072.877234689], [382034.16393083794, 6105058.552579425], [382050.7286330829, 6105049.908792157], [382065.96630477183, 6105043.014773152], [382084.67047460633, 6105037.732624886], [382097.2239279153, 6105032.9583158465]], "width_m": 7.0, "highway": "residential"}, {"pts_proj": [[382368.6862389633, 6105807.817408276], [382373.3207686367, 6105749.15351386], [382371.76435266907, 6105730.345022759], [382376.3964601195, 6105696.275808565], [382383.213840492, 6105583.310414989], [382384.004176926, 6105546.202834113], [382385.0114581989, 6105500.126814852], [382386.2524398855, 6105349.097341705], [382389.3056105183, 6105194.5909035485], [382391.8667457794, 6105077.841085059], [382389.57900934597, 6105057.459756257], [382376.70273207605, 6105031.111632047], [382359.3190111957, 6104992.991537394], [382343.91911043425, 6104944.364519613], [382334.15839403094, 6104897.392434638], [382330.33648177946, 6104877.708500804], [382326.19396747294, 6104833.527523214], [382318.51649777964, 6104802.332769889], [382316.93917815166, 6104785.406471157], [382319.23790411337, 6104767.45379138]], "width_m": 7.0, "highway": "residential"}, {"pts_proj": [[382319.23790411337, 6104767.45379138], [382316.93917815166, 6104785.406471157], [382318.51649777964, 6104802.332769889], [382326.19396747294, 6104833.527523214], [382330.33648177946, 6104877.708500804], [382334.15839403094, 6104897.392434638], [382343.91911043425, 6104944.364519613], [382359.3190111957, 6104992.991537394], [382376.70273207605, 6105031.111632047], [382389.57900934597, 6105057.459756257], [382391.8667457794, 6105077.841085059], [382389.3056105183, 6105194.5909035485], [382386.2524398855, 6105349.097341705], [382385.0114581989, 6105500.126814852], [382384.004176926, 6105546.202834113], [382383.213840492, 6105583.310414989], [382376.3964601195, 6105696.275808565], [382371.76435266907, 6105730.345022759], [382373.3207686367, 6105749.15351386], [382369.33324698615, 6105799.661515461], [382368.6862389633, 6105807.817408276]], "width_m": 7.0, "highway": "residential"}], "buildings": [{"min_proj": [382041.62314146664, 6105077.320010647], "max_proj": [382052.28630834114, 6105087.068178651], "obb": {"c": [382046.867503331, 6105082.191954281], "s": [10.220523516182363, 9.049178970756818], "yaw": -0.07110686502958603}, "height_m": 3.0}, {"min_proj": [382043.8166369848, 6105107.915536532], "max_proj": [382059.58948656404, 6105123.110223304], "obb": {"c": [382051.7382083135, 6105115.5384581825], "s": [15.774650940590256, 15.171092591369739], "yaw": -0.004743297370434455}, "height_m": 3.0}, {"min_proj": [382027.7941714524, 6105148.539531172], "max_proj": [382043.0798249072, 6105162.874194629], "obb": {"c": [382035.4369949469, 6105155.817568131], "s": [13.342570265988142, 12.583733709530444], "yaw": -2.9709600594912433}, "height_m": 3.0}]}