{"id": "chunk_6_10", "ix": 6, "iy": 10, "tile_proj_bounds": [385347.2182111981, 6088438.107330536, 386547.2182111981, 6089638.107330536], "roads": [{"pts_proj": [[387483.6204315775, 6089512.030934593], [387498.32393557427, 6089487.269441765], [387508.8376135373, 6089462.835804113], [387502.6931928976, 6089447.092045413], [387486.7165553443, 6089431.606196375], [387473.9277719734, 6089423.365907374], [387453.54275992187, 6089414.581581093], [387423.0656731196, 6089410.515120712], [387371.7454351132, 6089406.994758214], [387308.0214023487, 6089416.433909785], [387228.0657749773, 6089428.820616124], [387109.1426772651, 6089450.461790777], [387006.06255053467, 6089469.212976708], [386957.6008121926, 6089466.193096995], [386942.59231439565, 6089464.010991236], [386929.0359583081, 6089450.536768379], [386923.2852152415, 6089436.253362423], [386905.065526525, 6089389.107956922], [386895.8979094107, 6089367.696552232], [386866.072251369, 6089361.546655504], [386563.00867285824, 6089474.535647348], [386197.49657440203, 6089601.555299144], [386146.14124247624, 6089614.304287009], [386055.413100028, 6089633.097879894], [385949.25940138055, 6089653.699708817], [385818.88595195743, 6089685.386166352], [385703.84104203, 6089711.130127524], [385533.90985845996, 6089749.990536542], [385467.58449534775, 6089767.460572231], [385408.13953374006, 6089782.284125049], [385391.32199949503, 6089784.050095819], [385370.5805163292, 6089781.496589046], [385348.87016809627, 6089774.392202789], [385334.3258640205, 6089771.0680209575], [385312.9699641084, 6089771.558734096], [385266.56908621895, 6089780.906888842]], "width_m": 8.0, "highway": "unclassified"}, {"pts_proj": [[385266.56908621895, 6089780.906888842], [385312.9699641084, 6089771.558734096], [385334.3258640205, 6089771.0680209575], [385348.87016809627, 6089774.392202789], [385370.5805163292, 6089781.496589046], [385391.32199949503, 6089784.050095819], [385408.13953374006, 6089782.284125049], [385467.58449534775, 6089767.460572231], [385533.90985845996, 6089749.990536542], [385703.84104203, 6089711.130127524], [385818.88595195743, 6089685.386166352], [385949.25940138055, 6089653.699708817], [386055.413100028, 6089633.097879894], [386146.14124247624, 6089614.304287009], [386197.49657440203, 6089601.555299144], [386563.00867285824, 6089474.535647348], [386866.072251369, 6089361.546655504], [386885.57083240134, 6089361.811661924], [386905.065526525, 6089389.107956922], [386923.2852152415, 6089436.253362423], [386929.0359583081, 6089450.536768379], [386942.59231439565, 6089464.010991236], [386957.6008121926, 6089466.193096995], [387006.06255053467, 6089469.212976708], [387109.1426772651, 6089450.461790777], [387228.0657749773, 6089428.820616124], [387308.0214023487, 6089416.433909785], [387371.7454351132, 6089406.994758214], [387423.0656731196, 6089410.515120712], [387453.54275992187, 6089414.581581093], [387473.9277719734, 6089423.365907374], [387486.7165553443, 6089431.606196375], [387498.92006135045, 6089442.577665678], [387506.6865971288, 6089455.786916073], [387498.32393557427, 6089487.269441765], [387483.6204315775, 6089512.030934593]], "width_m": 8.0, "highway": "unclassified"}], "buildings": [{"min_proj": [386518.57989544584, 6089518.213987743], "max_proj": [386542.7260963379, 6089535.824548495], "obb": {"c": [386530.65246805013, 6089525.804059531], "s": [20.758887042421602, 14.520310418205572], "yaw": -0.30314038551217554}, "height_m": 3.0}, {"min_proj": [386466.13786455884, 6089525.117560359], "max_proj": [386506.96491894644, 6089549.1867855275], "obb": {"c": [386486.55145480396, 6089537.152156587], "s": [38.67384202705094, 13.119140547678436], "yaw": 2.8380314508572506}, "height_m": 3.0}, {"min_proj": [386442.9026447994, 6089534.453243509], "max_proj": [386461.4721459761, 6089547.224918001], "obb": {"c": [386452.18717694783, 6089540.83919687], "s": [16.898727500087993, 8.843330581720357], "yaw": -0.2520026589610412}, "height_m": 3.0}, {"min_proj": [386421.17236084916, 6089538.317838766], "max_proj": [386443.3580604934, 6089556.638410312], "obb": {"c": [386432.26504983206, 6089547.483829855], "s": [19.313902813960887, 13.959376872904787], "yaw": 2.889498322788087}, "height_m": 3.0}, {"min_proj": [386447.5431813218, 6089570.57158047], "max_proj": [386458.02439685946, 6089592.860259637], "obb": {"c": [386452.78375290235, 6089581.716144866], "s": [21.456401832809558, 6.465989434958637], "yaw": -1.7647967196798415}, "height_m": 3.0}, {"min_proj": [386428.703027029, 6089581.196580016], "max_proj": [386443.49135498295, 6089590.8630836895], "obb": {"c": [386436.0973404494, 6089586.029465712], "s": [13.601543984881099, 6.467951660749076], "yaw": -0.2532050588108315}, "height_m": 3.0}]}