{"id": "chunk_3_17", "ix": 3, "iy": 17, "tile_proj_bounds": [381747.2182111981, 6096838.107330536, 382947.2182111981, 6098038.107330536], "roads": [{"pts_proj": [[382220.8213408485, 6096305.230162745], [382293.7094234436, 6096417.676149992], [382338.3222954937, 6096482.558135868], [382355.84340382396, 6096505.110445035], [382474.113555071, 6096669.484109486], [382503.6514676529, 6096710.292055324], [382720.72531667096, 6097014.052709385], [382933.846399329, 6097309.932467427], [383002.7560454138, 6097405.614495255], [383023.34428607987, 6097436.093974593], [383034.84657492995, 6097453.128047825], [383062.2848231082, 6097493.548922589]], "width_m": 8.0, "highway": "unclassified"}, {"pts_proj": [[383062.2848231082, 6097493.548922589], [383034.84657492995, 6097453.128047825], [383023.34428607987, 6097436.093974593], [383002.7560454138, 6097405.614495255], [382933.846399329, 6097309.932467427], [382720.72531667096, 6097014.052709385], [382503.6514676529, 6096710.292055324], [382474.113555071, 6096669.484109486], [382362.6853685238, 6096514.616738616], [382338.3222954937, 6096482.558135868], [382293.7094234436, 6096417.676149992], [382228.68149360793, 6096316.680115074], [382220.8213408485, 6096305.230162745]], "width_m": 8.0, "highway": "unclassified"}], "buildings": [{"min_proj": [382637.1886628647, 6096538.815483728], "max_proj": [383212.29756862443, 6097202.037887731], "obb": {"c": [382924.74322342715, 6096870.474045371], "s": [657.3333387371716, 228.44403579331993], "yaw": -2.209055303512748}, "height_m": 6.0}]}