{"id": "chunk_6_11", "ix": 6, "iy": 11, "tile_proj_bounds": [385347.2182111981, 6089638.107330536, 386547.2182111981, 6090838.107330536], "roads": [{"pts_proj": [[387483.6204315775, 6089512.030934593], [387498.32393557427, 6089487.269441765], [387508.8376135373, 6089462.835804113], [387502.6931928976, 6089447.092045413], [387486.7165553443, 6089431.606196375], [387473.9277719734, 6089423.365907374], [387453.54275992187, 6089414.581581093], [387423.0656731196, 6089410.515120712], [387371.7454351132, 6089406.994758214], [387308.0214023487, 6089416.433909785], [387228.0657749773, 6089428.820616124], [387109.1426772651, 6089450.461790777], [387006.06255053467, 6089469.212976708], [386957.6008121926, 6089466.193096995], [386942.59231439565, 6089464.010991236], [386929.0359583081, 6089450.536768379], [386923.2852152415, 6089436.253362423], [386905.065526525, 6089389.107956922], [386895.8979094107, 6089367.696552232], [386866.072251369, 6089361.546655504], [386563.00867285824, 6089474.535647348], [386197.49657440203, 6089601.555299144], [386146.14124247624, 6089614.304287009], [386055.413100028, 6089633.097879894], [385949.25940138055, 6089653.699708817], [385818.88595195743, 6089685.386166352], [385703.84104203, 6089711.130127524], [385533.90985845996, 6089749.990536542], [385467.58449534775, 6089767.460572231], [385408.13953374006, 6089782.284125049], [385391.32199949503, 6089784.050095819], [385370.5805163292, 6089781.496589046], [385348.87016809627, 6089774.392202789], [385334.3258640205, 6089771.0680209575], [385312.9699641084, 6089771.558734096], [385266.56908621895, 6089780.906888842]], "width_m": 8.0, "highway": "unclassified"}, {"pts_proj": [[385266.56908621895, 6089780.906888842], [385312.9699641084, 6089771.558734096], [385334.3258640205, 6089771.0680209575], [385348.87016809627, 6089774.392202789], [385370.5805163292, 6089781.496589046], [385391.32199949503, 6089784.050095819], [385408.13953374006, 6089782.284125049], [385467.58449534775, 6089767.460572231], [385533.90985845996, 6089749.990536542], [385703.84104203, 6089711.130127524], [385818.88595195743, 6089685.386166352], [385949.25940138055, 6089653.699708817], [386055.413100028, 6089633.097879894], [386146.14124247624, 6089614.304287009], [386197.49657440203, 6089601.555299144], [386563.00867285824, 6089474.535647348], [386866.072251369, 6089361.546655504], [386885.57083240134, 6089361.811661924], [386905.065526525, 6089389.107956922], [386923.2852152415, 6089436.253362423], [386929.0359583081, 6089450.536768379], [386942.59231439565, 6089464.010991236], [386957.6008121926, 6089466.193096995], [387006.06255053467, 6089469.212976708], [387109.1426772651, 6089450.461790777], [387228.0657749773, 6089428.820616124], [387308.0214023487, 6089416.433909785], [387371.7454351132, 6089406.994758214], [387423.0656731196, 6089410.515120712], [387453.54275992187, 6089414.581581093], [387473.9277719734, 6089423.365907374], [387486.7165553443, 6089431.606196375], [387498.92006135045, 6089442.577665678], [387506.6865971288, 6089455.786916073], [387498.32393557427, 6089487.269441765], [387483.6204315775, 6089512.030934593]], "width_m": 8.0, "highway": "unclassified"}, {"pts_proj": [[385670.9662682455, 6090109.813449311], [385690.06413047476, 6090107.544993616], [385803.8096414446, 6090094.091025842], [385881.83141443424, 6090084.84486659], [386060.3584014173, 6090063.357979903], [386473.3174527588, 6090013.701045204], [386731.8744362053, 6089982.7888797205], [386747.2220607442, 6089980.953735641], [386778.3564582184, 6089977.16118175], [387053.51303115103, 6089943.354603361], [387114.4138088883, 6089935.875257159], [387256.09983824525, 6089918.771144168], [387895.3180512782, 6089841.661846797], [387986.27456153254, 6089831.706059652], [388033.8157921706, 6089825.797823377], [388265.2816978346, 6089797.054402297], [388298.29697732045, 6089794.851015241], [388324.6261398078, 6089794.384199813], [388348.29847016116, 6089795.319673869], [388374.4337903813, 6089799.422487654], [388393.24712425465, 6089805.46676908], [388411.38505171787, 6089813.988323075], [388440.0423045183, 6089830.330627657], [388466.79360006837, 6089849.670764361], [388486.5954514188, 6089866.868296682], [388524.7168752569, 6089908.937667977], [388608.4681889863, 6090008.276401469]], "width_m": 14.0, "highway": "primary"}, {"pts_proj": [[388608.4681889863, 6090008.276401469], [388524.7168752569, 6089908.937667977], [388486.5954514188, 6089866.868296682], [388466.79360006837, 6089849.670764361], [388440.0423045183, 6089830.330627657], [388411.38505171787, 6089813.988323075], [388393.24712425465, 6089805.46676908], [388374.4337903813, 6089799.422487654], [388348.29847016116, 6089795.319673869], [388324.6261398078, 6089794.384199813], [388298.29697732045, 6089794.851015241], [388265.2816978346, 6089797.054402297], [388033.8157921706, 6089825.797823377], [387986.27456153254, 6089831.706059652], [387895.3180512782, 6089841.661846797], [387256.09983824525, 6089918.771144168], [387114.4138088883, 6089935.875257159], [387053.51303115103, 6089943.354603361], [386778.3564582184, 6089977.16118175], [386753.18362407014, 6089980.2464436535], [386731.8744362053, 6089982.7888797205], [386473.3174527588, 6090013.701045204], [386060.3584014173, 6090063.357979903], [385881.83141443424, 6090084.84486659], [385803.8096414446, 6090094.091025842], [385690.06413047476, 6090107.544993616], [385670.9662682455, 6090109.813449311]], "width_m": 14.0, "highway": "primary"}, {"pts_proj": [[385263.8813850826, 6090094.521110473], [385284.169313991, 6090094.179906069], [385307.1701373013, 6090100.928039602], [385351.0356965738, 6090119.867781616], [385366.3163761011, 6090125.967582637], [385380.00870805385, 6090129.603078601], [385394.93782004766, 6090131.982333467], [385415.2956984789, 6090133.632775096], [385523.3126448567, 6090119.249316553], [385574.2001457768, 6090112.806247149], [385670.9662682455, 6090109.813449311]], "width_m": 7.0, "highway": "primary_link"}, {"pts_proj": [[385670.9662682455, 6090109.813449311], [385552.94408392266, 6090128.434503616], [385451.89441866643, 6090142.850702836], [385404.3871178459, 6090149.386879049]], "width_m": 14.0, "highway": "primary"}, {"pts_proj": [[385245.2542337222, 6090162.476611616], [385320.8983764233, 6090152.546695352], [385376.40253591863, 6090145.215033998], [385450.4890322732, 6090135.004299588], [385552.7514530067, 6090120.8911024295], [385670.9662682455, 6090109.813449311]], "width_m": 14.0, "highway": "primary"}, {"pts_proj": [[385404.3871178459, 6090149.386879049], [385377.55187003314, 6090153.067967691], [385322.2146089785, 6090160.406481168], [385249.234444789, 6090170.501967919], [385177.73612848844, 6090180.393689635], [385112.5873493287, 6090190.468918192], [385044.31501529115, 6090202.684877542]], "width_m": 14.0, "highway": "primary"}], "buildings": [{"min_proj": [385576.7350767037, 6090160.217272403], "max_proj": [385631.0024518401, 6090183.995619687], "obb": {"c": [385604.4605450714, 6090173.2603753405], "s": [53.45559856554961, 19.78804809980764], "yaw": 3.020780090511429}, "height_m": 3.0}]}