{"id": "chunk_11_55", "ix": 11, "iy": 55, "tile_proj_bounds": [391347.2182111981, 6142438.107330536, 392547.2182111981, 6143602.201706217], "roads": [], "buildings": [{"min_proj": [391411.82279134885, 6142504.492488587], "max_proj": [391427.618843899, 6142522.126151258], "obb": {"c": [391419.7206327616, 6142513.309911675], "s": [15.827258117198063, 8.200469667393259], "yaw": -2.1816841811648033}, "height_m": 3.0}, {"min_proj": [391420.0985527375, 6142521.624558135], "max_proj": [391461.5094787884, 6142559.712076656], "obb": {"c": [391440.80390451563, 6142540.668392886], "s": [35.177776773067635, 21.951533657747646], "yaw": 2.5324748792531646}, "height_m": 3.0}, {"min_proj": [391354.8051102742, 6142559.736361492], "max_proj": [391395.57269202697, 6142599.376048906], "obb": {"c": [391375.1890230444, 6142579.55608231], "s": [31.05448185296808, 26.738484423116255], "yaw": 2.5324298228911695}, "height_m": 3.0}]}