{"id": "chunk_6_12", "ix": 6, "iy": 12, "tile_proj_bounds": [385347.2182111981, 6090838.107330536, 386547.2182111981, 6092038.107330536], "roads": [{"pts_proj": [[386918.0837831079, 6092033.046409722], [386832.9589623024, 6091966.738812655], [386811.6363408346, 6091951.390626744], [386755.864665326, 6091928.296340055], [386715.815256457, 6091904.2817949895], [386697.259791944, 6091892.749609386], [386684.6318635994, 6091891.677419739], [386675.1510656448, 6091901.814647248], [386684.22708332073, 6091968.606550883], [386683.6664798567, 6092007.976401401], [386667.45459987584, 6092030.06282794], [386652.50848203374, 6092034.827506458], [386598.25139994523, 6092029.298371316], [386521.25200534903, 6092017.911070098], [386494.3990634167, 6092014.1493725255], [386427.3576528305, 6092005.183278905], [386369.565760352, 6091997.464220322], [386314.58312122745, 6091990.142186823], [386260.55406214553, 6091982.540542075], [386197.700869398, 6091973.315628172], [386127.19159214693, 6091963.061574226], [386099.04280827596, 6091958.756238693], [386023.42931118474, 6091944.80377953], [385945.6430948897, 6091927.812870364], [385913.1342184595, 6091921.359671741], [385885.7268708738, 6091913.741340025], [385857.82252990105, 6091907.238026325], [385843.7936227203, 6091904.244453324], [385829.1275666451, 6091903.64967409], [385821.7941372851, 6091914.268439015], [385818.9694931061, 6092014.049612673], [385819.84067763976, 6092062.546006434], [385817.8968787179, 6092079.774130934], [385811.51661185327, 6092083.543958904]], "width_m": 8.0, "highway": "unclassified"}, {"pts_proj": [[385811.51661185327, 6092083.543958904], [385820.3260120803, 6092074.045390862], [385818.9694931061, 6092014.049612673], [385821.7941372851, 6091914.268439015], [385829.1275666451, 6091903.64967409], [385843.7936227203, 6091904.244453324], [385857.82252990105, 6091907.238026325], [385885.7268708738, 6091913.741340025], [385913.1342184595, 6091921.359671741], [385945.6430948897, 6091927.812870364], [386023.42931118474, 6091944.80377953], [386099.04280827596, 6091958.756238693], [386113.5447741751, 6091960.970378545], [386197.700869398, 6091973.315628172], [386260.55406214553, 6091982.540542075], [386314.58312122745, 6091990.142186823], [386369.565760352, 6091997.464220322], [386427.3576528305, 6092005.183278905], [386494.3990634167, 6092014.1493725255], [386521.25200534903, 6092017.911070098], [386598.25139994523, 6092029.298371316], [386652.50848203374, 6092034.827506458], [386667.45459987584, 6092030.06282794], [386678.09312273987, 6092020.375004283], [386684.22708332073, 6091968.606550883], [386676.34436314483, 6091909.733520723], [386678.0398622236, 6091895.217536587], [386690.345406766, 6091891.143217851], [386715.815256457, 6091904.2817949895], [386755.864665326, 6091928.296340055], [386811.6363408346, 6091951.390626744], [386832.9589623024, 6091966.738812655], [386918.0837831079, 6092033.046409722]], "width_m": 8.0, "highway": "unclassified"}], "buildings": [{"min_proj": [386192.862258971, 6092007.172817982], "max_proj": [386199.8332456448, 6092015.232896236], "obb": {"c": [386196.3478872095, 6092011.202743626], "s": [6.924926181978317, 5.404820555666994], "yaw": -1.8247153097961064}, "height_m": 3.0}, {"min_proj": [386330.4508406393, 6092014.958207207], "max_proj": [386338.8652522203, 6092024.025532843], "obb": {"c": [386334.65818348055, 6092019.491952683], "s": [7.623778531267558, 6.713977736482241], "yaw": 1.3166071106311796}, "height_m": 3.0}, {"min_proj": [386308.7384463402, 6092021.5627612015], "max_proj": [386318.1870564125, 6092029.440783172], "obb": {"c": [386313.4627041782, 6092025.501802012], "s": [8.20229281761453, 6.023265071611835], "yaw": 2.888685671963037}, "height_m": 3.0}, {"min_proj": [386247.67502783984, 6092024.561669569], "max_proj": [386253.28154052375, 6092028.872006626], "obb": {"c": [386250.47829158534, 6092026.716834321], "s": [4.971500893760584, 3.1652320729204435], "yaw": -0.25353441968656953}, "height_m": 3.0}, {"min_proj": [386239.2795968933, 6092030.186291969], "max_proj": [386248.6519967949, 6092038.062464004], "obb": {"c": [386243.9656798698, 6092034.124450575], "s": [8.117923496886629, 6.034091612024862], "yaw": -0.2537258509546799}, "height_m": 3.0}, {"min_proj": [385890.8250493182, 6091937.510743031], "max_proj": [385896.9652817247, 6091943.3180507235], "obb": {"c": [385893.89514541754, 6091940.41446307], "s": [5.842218109868495, 5.489488330490203], "yaw": -0.056005857338994255}, "height_m": 3.0}, {"min_proj": [385921.54203660594, 6091953.2369951485], "max_proj": [385931.7093966125, 6091962.441317775], "obb": {"c": [385926.62522069755, 6091957.839488833], "s": [8.296636196444695, 6.509599472236069], "yaw": 2.745336985773469}, "height_m": 3.0}, {"min_proj": [385915.20107855607, 6091960.122803444], "max_proj": [385923.0737503439, 6091966.413302862], "obb": {"c": [385919.1368616876, 6091963.262900569], "s": [6.881087112558451, 3.9532575910091774], "yaw": -0.3963812958164634}, "height_m": 3.0}, {"min_proj": [386036.5836491354, 6091977.261796791], "max_proj": [386049.0702964158, 6091985.617109627], "obb": {"c": [386042.8269458459, 6091981.43948889], "s": [11.558524520384399, 6.511671051307455], "yaw": -2.9731299246884233}, "height_m": 3.0}, {"min_proj": [385906.76905978675, 6091981.233810011], "max_proj": [385914.96099210985, 6091987.37292065], "obb": {"c": [385910.8647445697, 6091984.303643654], "s": [7.386082830156358, 3.5726192413601936], "yaw": -0.39590665384880114}, "height_m": 3.0}, {"min_proj": [386068.7100194945, 6091984.7305332655], "max_proj": [386075.6134546424, 6091990.861811561], "obb": {"c": [386072.1618040959, 6091987.796153545], "s": [6.3901289515601185, 5.529614956955537], "yaw": -3.043008010759543}, "height_m": 3.0}, {"min_proj": [386143.0096775919, 6091990.343596138], "max_proj": [386150.3488202303, 6091997.568654948], "obb": {"c": [386146.67908945563, 6091993.950671333], "s": [6.048949111170216, 5.909217556550406], "yaw": -0.25393197432810916}, "height_m": 3.0}, {"min_proj": [386180.7571054023, 6091993.835538286], "max_proj": [386190.5756243699, 6091999.877082401], "obb": {"c": [386185.6663784683, 6091996.856379091], "s": [9.463806592356647, 5.392526631898891], "yaw": -0.07014733777394075}, "height_m": 3.0}, {"min_proj": [386120.6225326166, 6092014.953066049], "max_proj": [386126.55519160663, 6092022.841114911], "obb": {"c": [386123.5886918946, 6092018.897185804], "s": [7.018367746390313, 4.1207594089109785], "yaw": -1.8566631043724187}, "height_m": 3.0}, {"min_proj": [386151.1079372567, 6092019.820979853], "max_proj": [386160.801969224, 6092028.551702392], "obb": {"c": [386155.954674119, 6092024.1866052495], "s": [8.228851345692911, 6.892060093924849], "yaw": -0.253563676839104}, "height_m": 3.0}, {"min_proj": [386346.646989797, 6092036.3044915525], "max_proj": [386355.61294201517, 6092044.761659136], "obb": {"c": [386351.12973284215, 6092040.533191748], "s": [7.502955991776519, 6.799621262737952], "yaw": -0.2530696562684711}, "height_m": 3.0}, {"min_proj": [386229.5409413742, 6092036.789900336], "max_proj": [386238.44233198394, 6092044.31223704], "obb": {"c": [386233.9918618674, 6092040.551016399], "s": [7.698137747363445, 5.782421206440615], "yaw": -0.25312107334869544}, "height_m": 3.0}, {"min_proj": [386331.16508209467, 6092035.508351301], "max_proj": [386341.05590726505, 6092046.253272444], "obb": {"c": [386336.1107017085, 6092040.880605322], "s": [9.090074041761898, 7.855016853473674], "yaw": -1.8253586526937546}, "height_m": 3.0}]}