{"id": "chunk_14_4", "ix": 14, "iy": 4, "tile_proj_bounds": [394947.2182111981, 6081238.107330536, 396147.2182111981, 6082438.107330536], "roads": [{"pts_proj": [[396272.28823051363, 6082013.245470845], [395619.59769809374, 6082158.14851343], [395198.7319349465, 6082245.346651826], [395151.6654348757, 6082257.665900816], [394843.76533267443, 6082326.511220039], [394696.2016075265, 6082353.244574351], [394446.6256082843, 6082404.987741193], [394404.5614892427, 6082413.701895951], [394366.91173102293, 6082421.511143851]], "width_m": 8.0, "highway": "unclassified"}, {"pts_proj": [[394366.91173102293, 6082421.511143851], [394404.5614892427, 6082413.701895951], [394446.6256082843, 6082404.987741193], [394696.2016075265, 6082353.244574351], [394843.76533267443, 6082326.511220039], [395151.6654348757, 6082257.665900816], [395198.7319349465, 6082245.346651826], [395619.59769809374, 6082158.14851343], [396272.28823051363, 6082013.245470845]], "width_m": 8.0, "highway": "unclassified"}], "buildings": []}