{"id": "chunk_1_11", "ix": 1, "iy": 11, "tile_proj_bounds": [379347.2182111981, 6089638.107330536, 380547.2182111981, 6090838.107330536], "roads": [{"pts_proj": [[378702.6608908303, 6090617.938094716], [378738.19241327967, 6090625.349118909], [378769.80780666583, 6090628.958372179], [378841.4651801806, 6090626.675175022], [379012.7213437951, 6090607.384730776], [379036.273487427, 6090598.376233364], [379072.84692963574, 6090579.586078039], [379103.756965009, 6090571.069691457], [380188.31782399426, 6090451.479044452], [380465.77663642645, 6090420.666451114], [380507.9209428893, 6090412.2610567035], [380597.1825776554, 6090386.768289333], [380648.232032942, 6090373.896171737], [380682.4435475048, 6090361.183448129], [380741.5752166953, 6090335.794514761], [380822.3790381429, 6090313.170105126], [380936.0720000331, 6090279.608442854], [380988.42610694224, 6090272.3503876375], [381069.5171478033, 6090261.4354965575], [381151.9333091054, 6090253.593231127]], "width_m": 8.0, "highway": "unclassified"}, {"pts_proj": [[381151.9333091054, 6090253.593231127], [381069.5171478033, 6090261.4354965575], [380988.42610694224, 6090272.3503876375], [380936.0720000331, 6090279.608442854], [380822.3790381429, 6090313.170105126], [380741.5752166953, 6090335.794514761], [380682.4435475048, 6090361.183448129], [380648.232032942, 6090373.896171737], [380597.1825776554, 6090386.768289333], [380507.9209428893, 6090412.2610567035], [380465.77663642645, 6090420.666451114], [380188.31782399426, 6090451.479044452], [379103.756965009, 6090571.069691457], [379072.84692963574, 6090579.586078039], [379036.273487427, 6090598.376233364], [379012.7213437951, 6090607.384730776], [378841.4651801806, 6090626.675175022], [378769.80780666583, 6090628.958372179], [378738.19241327967, 6090625.349118909], [378702.6608908303, 6090617.938094716]], "width_m": 8.0, "highway": "unclassified"}, {"pts_proj": [[380776.3744099507, 6090727.419986747], [380740.0710882987, 6090732.227187321], [380466.1776069608, 6090766.992219195], [380315.84347002435, 6090784.911205744], [380160.7042901225, 6090803.320067335], [379965.17884899175, 6090828.33842153], [379864.3919495312, 6090841.560967871], [379777.284102896, 6090851.568505482], [379684.8722481409, 6090862.83354951]], "width_m": 14.0, "highway": "primary"}, {"pts_proj": [[379449.5998053704, 6090885.679847235], [379495.33883700904, 6090877.713529054], [379545.6883444644, 6090871.282675474], [379685.27129885793, 6090854.784232856], [379702.2482052352, 6090852.691736711], [380774.6114751673, 6090719.92938786]], "width_m": 14.0, "highway": "primary"}], "buildings": [{"min_proj": [380204.8224687847, 6090459.482422858], "max_proj": [380227.161325902, 6090478.069385968], "obb": {"c": [380215.9918143173, 6090468.780908759], "s": [20.74125055430147, 16.54300970677923], "yaw": 3.0381141551639983}, "height_m": 3.0}]}