{"id": "chunk_22_5", "ix": 22, "iy": 5, "tile_proj_bounds": [404547.2182111981, 6082438.107330536, 405747.2182111981, 6083638.107330536], "roads": [{"pts_proj": [[404095.4892248906, 6083224.4016655935], [404185.6863960781, 6083193.089715967], [404238.06753419567, 6083180.985956807], [404277.6524349497, 6083174.264825648], [404313.280825547, 6083172.793325497], [404347.2920274192, 6083173.426996911], [404371.0502799499, 6083178.052752438], [404397.6791317357, 6083186.702781861], [404495.49970879906, 6083221.967954537], [404538.6269642291, 6083242.434726853], [404567.3940250461, 6083262.6615305515], [404631.64779177954, 6083321.039325693], [404667.8247809489, 6083351.216772696], [404692.86956911354, 6083367.849971092], [404721.3944527668, 6083379.756540305], [404736.4707684292, 6083381.7298381245], [404751.54731090844, 6083380.386013527], [404767.07652124437, 6083374.969668779], [404854.67806491524, 6083327.407548039], [405060.1245921885, 6083213.527358252], [405125.9584981048, 6083181.124304645], [405278.40293916536, 6083118.532301335], [405616.2897059453, 6082980.882690207], [405728.8987973155, 6082942.3078631135], [405851.1711940819, 6082905.425718317], [405911.80607649236, 6082890.285726584], [406010.6731154408, 6082875.003266165], [406110.6345834807, 6082867.536577696], [406218.49867771403, 6082863.268800695], [406332.2538095245, 6082865.147709048], [406459.2080187556, 6082872.208977196]], "width_m": 8.0, "highway": "unclassified"}, {"pts_proj": [[406459.2080187556, 6082872.208977196], [406332.2538095245, 6082865.147709048], [406218.49867771403, 6082863.268800695], [406110.6345834807, 6082867.536577696], [406010.6731154408, 6082875.003266165], [405911.80607649236, 6082890.285726584], [405851.1711940819, 6082905.425718317], [405728.8987973155, 6082942.3078631135], [405616.2897059453, 6082980.882690207], [405278.40293916536, 6083118.532301335], [405125.9584981048, 6083181.124304645], [405060.1245921885, 6083213.527358252], [404854.67806491524, 6083327.407548039], [404767.07652124437, 6083374.969668779], [404751.54731090844, 6083380.386013527], [404736.4707684292, 6083381.7298381245], [404721.3944527668, 6083379.756540305], [404692.86956911354, 6083367.849971092], [404667.8247809489, 6083351.216772696], [404631.64779177954, 6083321.039325693], [404567.3940250461, 6083262.6615305515], [404538.6269642291, 6083242.434726853], [404495.49970879906, 6083221.967954537], [404397.6791317357, 6083186.702781861], [404371.0502799499, 6083178.052752438], [404347.2920274192, 6083173.426996911], [404313.280825547, 6083172.793325497], [404277.6524349497, 6083174.264825648], [404238.06753419567, 6083180.985956807], [404185.6863960781, 6083193.089715967], [404095.4892248906, 6083224.4016655935]], "width_m": 8.0, "highway": "unclassified"}], "buildings": []}