{"id": "chunk_8_25", "ix": 8, "iy": 25, "tile_proj_bounds": [387747.2182111981, 6106438.107330536, 388947.2182111981, 6107638.107330536], "roads": [{"pts_proj": [[388665.2012210812, 6106110.170794553], [388645.891252658, 6106183.542356407], [388633.12496400694, 6106222.326591001], [388582.9042914232, 6106335.53737914], [388532.8240524601, 6106454.256293541], [388460.1738994798, 6106623.673690421], [388394.7294911252, 6106769.554486697], [388307.7245619279, 6106990.146617522], [388250.1430949488, 6107142.624247223], [388236.0847791501, 6107178.247056769], [388234.75632452266, 6107200.624883129], [388241.67480229103, 6107239.751875387], [388256.5233089668, 6107283.255795224], [388264.90506530384, 6107305.390126734], [388280.92203012394, 6107330.840026664], [388287.07509226137, 6107361.101903209], [388283.9164966717, 6107374.908432904], [388276.312556789, 6107394.482130718], [388195.95492809487, 6107579.005781712], [388163.42969283595, 6107653.736029856]], "width_m": 8.0, "highway": "unclassified"}, {"pts_proj": [[388163.42969283595, 6107653.736029856], [388195.95492809487, 6107579.005781712], [388276.312556789, 6107394.482130718], [388283.9164966717, 6107374.908432904], [388287.07509226137, 6107361.101903209], [388286.32150868344, 6107341.737744685], [388264.90506530384, 6107305.390126734], [388256.5233089668, 6107283.255795224], [388241.67480229103, 6107239.751875387], [388234.75632452266, 6107200.624883129], [388236.0847791501, 6107178.247056769], [388250.1430949488, 6107142.624247223], [388307.7245619279, 6106990.146617522], [388394.7294911252, 6106769.554486697], [388460.1738994798, 6106623.673690421], [388532.8240524601, 6106454.256293541], [388582.9042914232, 6106335.53737914], [388633.12496400694, 6106222.326591001], [388645.891252658, 6106183.542356407], [388665.2012210812, 6106110.170794553]], "width_m": 8.0, "highway": "unclassified"}, {"pts_proj": [[388163.42969283595, 6107653.736029856], [388128.6615195649, 6107639.0890272865], [388070.65431287314, 6107614.672031833], [388048.71338282037, 6107611.337732513], [388033.9938113784, 6107633.217159478], [387955.78642694, 6107820.675439091], [387907.7716934486, 6107937.12429598], [387897.66496844485, 6107961.638126335], [387835.5284862347, 6108107.000298578], [387821.531167545, 6108140.97543854]], "width_m": 10.0, "highway": "tertiary"}, {"pts_proj": [[387821.531167545, 6108140.97543854], [387835.5284862347, 6108107.000298578], [387897.66496844485, 6107961.638126335], [387907.7716934486, 6107937.12429598], [387955.78642694, 6107820.675439091], [388033.9938113784, 6107633.217159478], [388042.24996213295, 6107616.287459756], [388057.68206154753, 6107610.822931491], [388128.6615195649, 6107639.0890272865], [388163.42969283595, 6107653.736029856]], "width_m": 10.0, "highway": "tertiary"}], "buildings": [{"min_proj": [387713.6785818868, 6107495.341756843], "max_proj": [387760.18511647696, 6107541.744602701], "obb": {"c": [387736.9607964006, 6107518.546078723], "s": [46.415347986269936, 46.3982298340448], "yaw": 2.299973875475259}, "height_m": 3.0}, {"min_proj": [388233.90620711434, 6106413.945006541], "max_proj": [388295.72750554787, 6106450.484801961], "obb": {"c": [388264.8173552897, 6106432.209585467], "s": [59.94793383452349, 16.296878118331257], "yaw": 0.3639539721567434}, "height_m": 3.0}, {"min_proj": [388322.130527459, 6106433.706665485], "max_proj": [388382.9874849351, 6106475.334554038], "obb": {"c": [388352.5581028559, 6106454.522507591], "s": [57.272843088921036, 20.84696810808571], "yaw": -2.7380919194745714}, "height_m": 3.0}, {"min_proj": [388199.3008503922, 6106447.450650176], "max_proj": [388216.98676041287, 6106469.052377623], "obb": {"c": [388208.1436864132, 6106458.251279352], "s": [18.695808887724603, 11.237408206993557], "yaw": 1.9750539758573404}, "height_m": 3.0}, {"min_proj": [388354.32169504196, 6106471.569962636], "max_proj": [388374.77060805727, 6106502.412027748], "obb": {"c": [388364.54716773285, 6106486.985791046], "s": [29.476542644736707, 9.608465177788906], "yaw": 1.976026791423583}, "height_m": 3.0}, {"min_proj": [387932.0109565178, 6106420.124511019], "max_proj": [387976.7148579262, 6106495.673730439], "obb": {"c": [387954.3628783907, 6106457.893459625], "s": [75.23327318420783, 16.387396946703888], "yaw": -1.1658092677097471}, "height_m": 3.0}, {"min_proj": [387819.9663656963, 6106515.557901202], "max_proj": [387871.37257610366, 6106561.435082323], "obb": {"c": [387846.87388531066, 6106538.502360529], "s": [45.48435204863048, 30.516283343790995], "yaw": -2.738072743113369}, "height_m": 3.0}, {"min_proj": [387911.2824200254, 6106565.166993427], "max_proj": [387923.51784529584, 6106577.385242445], "obb": {"c": [387917.40827382036, 6106571.2713895785], "s": [12.230298912464379, 12.198952823137441], "yaw": -0.20743715458056203}, "height_m": 3.0}, {"min_proj": [387812.7671757161, 6106563.438934747], "max_proj": [387829.64991429937, 6106586.466568388], "obb": {"c": [387821.20836429956, 6106574.946791758], "s": [21.079575287502582, 9.33643294293001], "yaw": -1.1659966549636491}, "height_m": 3.0}, {"min_proj": [387934.1142044254, 6106574.2675962215], "max_proj": [387946.35598430294, 6106586.485845872], "obb": {"c": [387940.2454909869, 6106580.377551566], "s": [12.218919380087275, 12.21047797862799], "yaw": 2.3029045862993414}, "height_m": 3.0}, {"min_proj": [387835.0463951719, 6106573.309119869], "max_proj": [387851.9263695467, 6106596.405759354], "obb": {"c": [387843.4866867496, 6106584.863504173], "s": [21.18242690673469, 9.28687751475788], "yaw": 1.9757790867885185}, "height_m": 3.0}, {"min_proj": [387824.6182841933, 6106581.657926734], "max_proj": [387834.8456402732, 6106591.5325239245], "obb": {"c": [387829.7323201771, 6106586.595498063], "s": [7.98827487921117, 7.334454338384562], "yaw": -2.738084080981376}, "height_m": 3.0}, {"min_proj": [387861.69621399447, 6106637.913722174], "max_proj": [387880.83722124516, 6106657.031221687], "obb": {"c": [387871.2822764844, 6106647.476559964], "s": [19.106822349946015, 19.101031616264386], "yaw": 2.3084603396487657}, "height_m": 3.0}, {"min_proj": [387893.06162852165, 6106648.937203218], "max_proj": [387912.1962046144, 6106668.054864517], "obb": {"c": [387902.6387280076, 6106658.500099311], "s": [19.120192915159308, 19.094000183515448], "yaw": -0.47614314795905244}, "height_m": 3.0}, {"min_proj": [388082.8588467669, 6106426.911547876], "max_proj": [388098.5230264801, 6106439.407703047], "obb": {"c": [388090.69095257996, 6106433.159727553], "s": [13.72910364502064, 7.737300038273354], "yaw": -2.7383454230761965}, "height_m": 3.0}, {"min_proj": [388113.95129909914, 6106435.030272363], "max_proj": [388133.150398242, 6106448.7328149155], "obb": {"c": [388123.55064601096, 6106441.875879895], "s": [17.738387284127707, 7.347234008990432], "yaw": 0.4035313152672256}, "height_m": 3.0}, {"min_proj": [388016.43089998385, 6106446.590448497], "max_proj": [388268.89399672975, 6106632.26923253], "obb": {"c": [388148.05122472876, 6106543.790260283], "s": [239.5780012295833, 109.26877518178279], "yaw": 0.40341457165831707}, "height_m": 3.0}, {"min_proj": [387983.26683542714, 6106612.508047874], "max_proj": [388002.5807430183, 6106626.811757694], "obb": {"c": [387992.9240718418, 6106619.659981887], "s": [17.55500501605793, 8.071709025298496], "yaw": 0.4035551435229208}, "height_m": 3.0}, {"min_proj": [388002.76051169174, 6106641.54974974], "max_proj": [388018.94704442134, 6106666.719116477], "obb": {"c": [388010.8537824179, 6106654.134302793], "s": [24.331948520196764, 7.178622059659697], "yaw": 1.9758637705595934}, "height_m": 3.0}, {"min_proj": [388060.15781574615, 6106660.691002801], "max_proj": [388083.54741832725, 6106694.190109924], "obb": {"c": [388071.8525722559, 6106677.429236155], "s": [31.344276336200057, 12.016069270531464], "yaw": -1.1659750705281187}, "height_m": 3.0}, {"min_proj": [388094.5354602953, 6106686.014716337], "max_proj": [388127.0743329675, 6106714.004179829], "obb": {"c": [388110.80537445523, 6106699.9987406405],