{"id": "chunk_6_34", "ix": 6, "iy": 34, "tile_proj_bounds": [385347.2182111981, 6117238.107330536, 386547.2182111981, 6118438.107330536], "roads": [], "buildings": [{"min_proj": [385941.5075399926, 6118097.39396594], "max_proj": [385967.83371404686, 6118159.997494614], "obb": {"c": [385954.6713939671, 6118128.695833729], "s": [62.22658012167014, 25.330443181773205], "yaw": 1.5868750839691212}, "height_m": 3.0}, {"min_proj": [386031.38063383795, 6118143.828822569], "max_proj": [386056.90702162654, 6118208.33637878], "obb": {"c": [386044.14393173665, 6118176.0869389195], "s": [64.13138636126635, 24.500895968799274], "yaw": 1.586839916917962}, "height_m": 3.0}, {"min_proj": [385954.2245774569, 6118189.90469271], "max_proj": [385972.7349775576, 6118214.64492999], "obb": {"c": [385963.4797472615, 6118202.270341258], "s": [24.462781542431458, 18.121983157908744], "yaw": -1.554820756862597}, "height_m": 3.0}]}