{"id": "chunk_12_2", "ix": 12, "iy": 2, "tile_proj_bounds": [392547.2182111981, 6078838.107330536, 393747.2182111981, 6080038.107330536], "roads": [{"pts_proj": [[393278.46693378576, 6079769.124018898], [393258.1941790833, 6079828.016446427], [393240.4925390694, 6079890.488220268], [393225.30778457475, 6079933.429885537], [393201.09098188154, 6080009.537812329], [393156.64361203014, 6080149.124442258], [393105.3269100446, 6080310.293574562], [393075.3278791281, 6080406.366554752]], "width_m": 8.0, "highway": "unclassified"}, {"pts_proj": [[393075.3278791281, 6080406.366554752], [393104.64063323574, 6080312.491829465], [393156.64361203014, 6080149.124442258], [393201.09098188154, 6080009.537812329], [393225.30778457475, 6079933.429885537], [393240.4925390694, 6079890.488220268], [393258.1941790833, 6079828.016446427], [393278.46693378576, 6079769.124018898]], "width_m": 8.0, "highway": "unclassified"}], "buildings": []}