{"id": "chunk_25_10", "ix": 25, "iy": 10, "tile_proj_bounds": [408147.2182111981, 6088438.107330536, 409347.2182111981, 6089638.107330536], "roads": [{"pts_proj": [[408406.5107080577, 6090367.270434819], [408408.28107611695, 6090338.22613102], [408415.6817448324, 6090289.063850191], [408424.6846279837, 6090235.215975444], [408434.39960584923, 6090178.893568458], [408442.8008292278, 6090122.8540538605], [408452.17157440557, 6090067.217750062], [408460.9208697762, 6090011.883584013], [408470.35283601313, 6089957.33695609], [408478.76719015127, 6089901.263893335], [408486.4497301597, 6089847.621284811], [408495.0680829666, 6089798.378706231], [408504.3327937443, 6089743.1232087165], [408513.3592014491, 6089686.225179578], [408519.66353794, 6089638.788649871], [408519.02312702296, 6089629.072999176]], "width_m": 8.0, "highway": "unclassified"}, {"pts_proj": [[408519.02312702296, 6089629.072999176], [408513.3592014491, 6089686.225179578], [408504.3327937443, 6089743.1232087165], [408495.0680829666, 6089798.378706231], [408486.4497301597, 6089847.621284811], [408478.76719015127, 6089901.263893335], [408470.35283601313, 6089957.33695609], [408460.9208697762, 6090011.883584013], [408452.17157440557, 6090067.217750062], [408442.8008292278, 6090122.8540538605], [408434.39960584923, 6090178.893568458], [408424.6846279837, 6090235.215975444], [408415.6817448324, 6090289.063850191], [408408.28107611695, 6090338.22613102], [408405.84125277656, 6090353.63716709], [408406.5107080577, 6090367.270434819]], "width_m": 8.0, "highway": "unclassified"}], "buildings": [{"min_proj": [408528.4570863194, 6089636.041464277], "max_proj": [408537.20459194994, 6089645.284070883], "obb": {"c": [408532.8277463335, 6089640.662855422], "s": [8.023886976960542, 7.412101148977736], "yaw": 1.754572416164022}, "height_m": 3.0}]}