{"id": "chunk_16_23", "ix": 16, "iy": 23, "tile_proj_bounds": [397347.2182111981, 6104038.107330536, 398547.2182111981, 6105238.107330536], "roads": [], "buildings": [{"min_proj": [398480.95200121857, 6104010.205058317], "max_proj": [398699.2048546848, 6104222.586541815], "obb": {"c": [398601.7209968093, 6104105.8113305485], "s": [223.08511396704057, 116.68497292099833], "yaw": -0.7197445895464272}, "height_m": 3.0}]}