{"id": "chunk_3_15", "ix": 3, "iy": 15, "tile_proj_bounds": [381747.2182111981, 6094438.107330536, 382947.2182111981, 6095638.107330536], "roads": [{"pts_proj": [[382020.4476623109, 6094460.955204221], [382053.2547965488, 6094440.261448498], [382111.2552110558, 6094403.673437749], [382167.36077096994, 6094368.282868814], [382218.60508237954, 6094335.97137809], [382280.6565099155, 6094294.090803209], [382337.9843860401, 6094255.4081880255], [382387.27856450086, 6094222.136841899], [382429.2942703805, 6094193.789035069], [382541.12844371254, 6094117.259725416]], "width_m": 8.0, "highway": "unclassified"}, {"pts_proj": [[382541.12844371254, 6094117.259725416], [382429.2942703805, 6094193.789035069], [382387.27856450086, 6094222.136841899], [382337.9843860401, 6094255.4081880255], [382280.6565099155, 6094294.090803209], [382218.60508237954, 6094335.97137809], [382167.36077096994, 6094368.282868814], [382111.2552110558, 6094403.673437749], [382053.2547965488, 6094440.261448498], [382020.4476623109, 6094460.955204221]], "width_m": 8.0, "highway": "unclassified"}, {"pts_proj": [[382623.34519318864, 6094689.684501624], [382674.6094106313, 6094661.096285559], [382698.6318984803, 6094654.755004163], [382716.730691261, 6094640.786734303], [382724.4596900962, 6094628.125709343], [382730.07550382556, 6094614.2285814965], [382742.46450815024, 6094601.278474352], [382776.95129189343, 6094576.927683498], [382838.95911253756, 6094521.595565975], [382853.61451929295, 6094514.977118258], [382867.90837953077, 6094514.602974201], [382882.5667795326, 6094518.372151392], [382907.7938291978, 6094538.208891657], [382928.89863681427, 6094539.73871108], [382949.4467326081, 6094519.739775221], [383011.68281436106, 6094442.415454481], [383031.4563858198, 6094417.2489477], [383049.2803276606, 6094399.058544344], [383064.1179498179, 6094389.585867759], [383078.4576520134, 6094384.089788819]], "width_m": 7.0, "highway": "residential"}, {"pts_proj": [[383078.4576520134, 6094384.089788819], [383064.1179498179, 6094389.585867759], [383049.2803276606, 6094399.058544344], [383031.4563858198, 6094417.2489477], [383011.68281436106, 6094442.415454481], [382949.4467326081, 6094519.739775221], [382937.82063769276, 6094532.758388281], [382918.8382639607, 6094542.852092375], [382894.1901043274, 6094525.070985276], [382867.90837953077, 6094514.602974201], [382853.61451929295, 6094514.977118258], [382838.95911253756, 6094521.595565975], [382776.95129189343, 6094576.927683498], [382742.46450815024, 6094601.278474352], [382730.07550382556, 6094614.2285814965], [382724.4596900962, 6094628.125709343], [382716.730691261, 6094640.786734303], [382698.6318984803, 6094654.755004163], [382674.6094106313, 6094661.096285559], [382623.34519318864, 6094689.684501624]], "width_m": 7.0, "highway": "residential"}], "buildings": [{"min_proj": [382800.7654337812, 6094445.9438379975], "max_proj": [382829.8771437182, 6094469.669834949], "obb": {"c": [382815.3214649639, 6094457.812254813], "s": [27.299556260945415, 11.15696639945908], "yaw": 2.5930547098929377}, "height_m": 3.0}, {"min_proj": [382841.65763142635, 6094472.572576155], "max_proj": [382864.51223230036, 6094495.15053947], "obb": {"c": [382853.0849570557, 6094483.861539027], "s": [16.8955962905777, 16.186559870320135], "yaw": 2.5935472143504286}, "height_m": 3.0}, {"min_proj": [382747.53660238924, 6094487.811362285], "max_proj": [382759.79437900486, 6094500.639079604], "obb": {"c": [382753.6656831852, 6094494.225044572], "s": [10.04613926371878, 8.217824688838785], "yaw": -2.121045690488443}, "height_m": 3.0}, {"min_proj": [382901.50627633807, 6094484.89083262], "max_proj": [382933.0400089427, 6094507.351023785], "obb": {"c": [382917.27365673485, 6094496.120624233], "s": [33.282187329677356, 6.005427378286948], "yaw": -0.5483700126789551}, "height_m": 3.0}, {"min_proj": [382908.9139713759, 6094506.642608401], "max_proj": [382937.7261138784, 6094530.351610645], "obb": {"c": [382923.32044465904, 6094518.496841795], "s": [26.75789827922029, 11.468361709854374], "yaw": 2.5932568695750113}, "height_m": 3.0}, {"min_proj": [382877.7329533122, 6094523.890304925], "max_proj": [382896.1244023886, 6094541.851278001], "obb": {"c": [382886.9287807913, 6094532.87077139], "s": [13.846791029071053, 12.611072403931896], "yaw": 2.592917788135508}, "height_m": 3.0}, {"min_proj": [382727.5003318379, 6094540.5442167735], "max_proj": [382747.4280859093, 6094558.176076758], "obb": {"c": [382737.46440853446, 6094549.359957841], "s": [17.085760128995677, 10.258323938115128], "yaw": 2.5936689757884848}, "height_m": 3.0}, {"min_proj": [382823.614900465, 6094556.944535679], "max_proj": [382838.5803010131, 6094568.734847103], "obb": {"c": [382831.0973068615, 6094562.839949415], "s": [14.505687802575158, 4.962243361903557], "yaw": 2.5929880837366066}, "height_m": 3.0}, {"min_proj": [382843.2715662258, 6094566.1069079805], "max_proj": [382857.87146614015, 6094578.671156762], "obb": {"c": [382850.5719108092, 6094572.388739177], "s": [12.931360396881631, 6.839950501416665], "yaw": 2.593098784580076}, "height_m": 3.0}, {"min_proj": [382724.1224320917, 6094567.418229092], "max_proj": [382744.1821571531, 6094583.469061335], "obb": {"c": [382734.1525005055, 6094575.438074854], "s": [19.148467490747834, 7.135041981932293], "yaw": -0.5486630923548831}, "height_m": 3.0}, {"min_proj": [382799.1358195998, 6094568.3920132695], "max_proj": [382817.9225789965, 6094582.784801347], "obb": {"c": [382808.52958358807, 6094575.588255549], "s": [18.6767946998183, 5.466015700056496], "yaw": -0.5487452750703378}, "height_m": 3.0}, {"min_proj": [382813.8904886064, 6094581.419467662], "max_proj": [382835.26080680836, 6094599.935081527], "obb": {"c": [382824.57580261806, 6094590.682777487], "s": [18.77815138227751, 10.254970333249673], "yaw": 2.5931799697513456}, "height_m": 3.0}, {"min_proj": [382719.26303066587, 6094586.411780121], "max_proj": [382733.1969354913, 6094600.941551464], "obb": {"c": [382726.22970410774, 6094593.676891781], "s": [11.295762510961216, 9.421960212356408], "yaw": 1.021304419376487}, "height_m": 3.0}, {"min_proj": [382673.8521306991, 6094587.667738963], "max_proj": [382709.0407693807, 6094614.713392432], "obb": {"c": [382691.4467400115, 6094601.195818736], "s": [34.86824201753314, 10.425052841310787], "yaw": 2.5931100338324256}, "height_m": 3.0}, {"min_proj": [382777.4757099392, 6094601.937024797], "max_proj": [382803.25431215676, 6094622.091942184], "obb": {"c": [382790.3652621399, 6094612.014278286], "s": [25.150462577299862, 8.27776021138283], "yaw": 2.5934113781619863}, "height_m": 3.0}, {"min_proj": [382640.72931236634, 6094617.583300206], "max_proj": [382662.6202052598, 6094635.937658798], "obb": {"c": [382651.67493168876, 6094626.7604129], "s": [19.944853435795988, 9.343546077191128], "yaw": 2.593287636261472}, "height_m": 3.0}, {"min_proj": [382598.7350435203, 6094638.3520530965], "max_proj": [382630.22541186726, 6094662.6117449775], "obb": {"c": [382614.4806610201, 6094650.48154816], "s": [31.1461977291027, 9.42357541092637], "yaw": 2.5931411664110233}, "height_m": 3.0}, {"min_proj": [382711.90143241984, 6094654.748850051], "max_proj": [382732.8991883304, 6094673.255050299], "obb": {"c": [382722.40072230465, 6094664.001540948], "s": [18.097147060033027, 10.65608438502395], "yaw": 2.593264382461739}, "height_m": 3.0}, {"min_proj": [382676.58705919905, 6094664.309872397], "max_proj": [382697.0908653252, 6094683.583338807], "obb": {"c": [382686.8391212691, 6094673.946613155], "s": [16.29140555229476, 12.662066619704358], "yaw": -0.5483800377202717}, "height_m": 3.0}, {"min_proj": [382646.0055483332, 6094681.674458904], "max_proj": [382666.60670636, 6094700.942387947], "obb": {"c": [382656.30578986654, 6094691.308815469], "s": [16.47591780457784, 12.546693780642368], "yaw": 2.593375041715218}, "height_m": 3.0}, {"min_proj": [382830.182545056, 6095615.538145754], "max_proj": [382875.6374049002, 6095690.078497308], "obb": {"c": [382853.2966113778, 6095652.807708825],