{"id": "chunk_21_3", "ix": 21, "iy": 3, "tile_proj_bounds": [403347.2182111981, 6080038.107330536, 404547.2182111981, 6081238.107330536], "roads": [], "buildings": [{"min_proj": [403356.9186096043, 6081125.590587342], "max_proj": [403375.02979686274, 6081150.251054754], "obb": {"c": [403365.97427478834, 6081137.920552992], "s": [23.360891821979227, 8.505751962464693], "yaw": 1.1038638964620613}, "height_m": 3.0}]}