{"id": "chunk_15_4", "ix": 15, "iy": 4, "tile_proj_bounds": [396147.2182111981, 6081238.107330536, 397347.2182111981, 6082438.107330536], "roads": [{"pts_proj": [[396272.28823051363, 6082013.245470845], [395619.59769809374, 6082158.14851343], [395198.7319349465, 6082245.346651826], [395151.6654348757, 6082257.665900816], [394843.76533267443, 6082326.511220039], [394696.2016075265, 6082353.244574351], [394446.6256082843, 6082404.987741193], [394404.5614892427, 6082413.701895951], [394366.91173102293, 6082421.511143851]], "width_m": 8.0, "highway": "unclassified"}, {"pts_proj": [[394366.91173102293, 6082421.511143851], [394404.5614892427, 6082413.701895951], [394446.6256082843, 6082404.987741193], [394696.2016075265, 6082353.244574351], [394843.76533267443, 6082326.511220039], [395151.6654348757, 6082257.665900816], [395198.7319349465, 6082245.346651826], [395619.59769809374, 6082158.14851343], [396272.28823051363, 6082013.245470845]], "width_m": 8.0, "highway": "unclassified"}, {"pts_proj": [[397066.9967878516, 6082854.65502248], [397084.6310371631, 6082763.480295583], [397087.6097519419, 6082745.856823164], [397109.76219236094, 6082614.826222675], [397132.8154954917, 6082487.192714617], [397152.76952948305, 6082380.569692445], [397161.49352601706, 6082329.285111508], [397176.4526084719, 6082241.344814268], [397218.1509691239, 6082012.651861273], [397248.04283744236, 6081840.145568336], [397270.91549018037, 6081708.14245089], [397288.83828473167, 6081605.563219886], [397326.0836385309, 6081321.591959329], [397390.67714371794, 6080816.939825645], [397393.8109246937, 6080785.164405441]], "width_m": 10.0, "highway": "tertiary"}, {"pts_proj": [[397393.8109246937, 6080785.164405441], [397390.67714371794, 6080816.939825645], [397326.0836385309, 6081321.591959329], [397288.83828473167, 6081605.563219886], [397270.91549018037, 6081708.14245089], [397248.04283744236, 6081840.145568336], [397218.1509691239, 6082012.651861273], [397176.4526084719, 6082241.344814268], [397161.49352601706, 6082329.285111508], [397152.76952948305, 6082380.569692445], [397132.8154954917, 6082487.192714617], [397109.76219236094, 6082614.826222675], [397087.6097519419, 6082745.856823164], [397084.6310371631, 6082763.480295583], [397066.9967878516, 6082854.65502248]], "width_m": 10.0, "highway": "tertiary"}], "buildings": []}