{"id": "chunk_16_7", "ix": 16, "iy": 7, "tile_proj_bounds": [397347.2182111981, 6084838.107330536, 398547.2182111981, 6086038.107330536], "roads": [{"pts_proj": [[396819.80946428224, 6085973.951697769], [396829.446549858, 6085953.747971074], [396844.5900669313, 6085906.344367649], [396852.07385067723, 6085885.088113964], [396859.594811049, 6085872.981627573], [396871.7253719083, 6085857.997332283], [396890.53215864126, 6085839.074765375], [396959.6101363065, 6085777.363732773], [396977.447695377, 6085760.055700346], [397108.93931682955, 6085637.180014131], [397188.28862132714, 6085563.537455869], [397256.5420774112, 6085500.191506908], [397322.57598142006, 6085440.960646731], [397368.9006548244, 6085398.033485359], [397388.4358000871, 6085379.931406349], [397441.84739542165, 6085330.442109069], [397581.75498496735, 6085190.713129047]], "width_m": 7.0, "highway": "residential"}, {"pts_proj": [[397581.75498496735, 6085190.713129047], [397441.84739542165, 6085330.442109069], [397388.4358000871, 6085379.931406349], [397368.9006548244, 6085398.033485359], [397322.57598142006, 6085440.960646731], [397256.5420774112, 6085500.191506908], [397188.28862132714, 6085563.537455869], [397108.93931682955, 6085637.180014131], [396977.447695377, 6085760.055700346], [396959.6101363065, 6085777.363732773], [396890.53215864126, 6085839.074765375], [396871.7253719083, 6085857.997332283], [396859.594811049, 6085872.981627573], [396852.07385067723, 6085885.088113964], [396844.5900669313, 6085906.344367649], [396829.446549858, 6085953.747971074], [396819.80946428224, 6085973.951697769]], "width_m": 7.0, "highway": "residential"}, {"pts_proj": [[398203.7338681696, 6085774.287398115], [398204.0455855897, 6085785.7685615625], [398206.8728541896, 6085859.520793642], [398209.1248553072, 6085920.918416271], [398207.7299886866, 6085950.4721489865], [398209.1582067275, 6086028.708936228], [398210.04042833054, 6086082.590136917], [398211.51425176056, 6086124.947419379], [398213.55088173004, 6086144.616023366], [398215.11896691634, 6086187.171547794], [398216.2424341062, 6086217.759109819]], "width_m": 8.0, "highway": "unclassified"}, {"pts_proj": [[398216.2424341062, 6086217.759109819], [398215.11896691634, 6086187.171547794], [398213.55088173004, 6086144.616023366], [398211.51425176056, 6086124.947419379], [398210.04042833054, 6086082.590136917], [398209.1582067275, 6086028.708936228], [398207.7299886866, 6085950.4721489865], [398208.5422021117, 6085933.121184235], [398206.8728541896, 6085859.520793642], [398204.0455855897, 6085785.7685615625], [398203.7338681696, 6085774.287398115]], "width_m": 8.0, "highway": "unclassified"}, {"pts_proj": [[397581.75498496735, 6085190.713129047], [397706.7903962012, 6085059.788040924], [397823.6339389293, 6084926.014099856], [397926.95118915784, 6084799.141120482], [398025.91290565673, 6084662.428784271]], "width_m": 8.0, "highway": "unclassified"}, {"pts_proj": [[398025.91290565673, 6084662.428784271], [397926.95118915784, 6084799.141120482], [397823.6339389293, 6084926.014099856], [397706.7903962012, 6085059.788040924], [397581.75498496735, 6085190.713129047]], "width_m": 8.0, "highway": "unclassified"}, {"pts_proj": [[397581.75498496735, 6085190.713129047], [397624.8542368302, 6085202.186773229], [397640.440407048, 6085209.712833522], [397648.98048694234, 6085221.340339537]], "width_m": 7.0, "highway": "residential"}, {"pts_proj": [[397648.98048694234, 6085221.340339537], [397640.440407048, 6085209.712833522], [397624.8542368302, 6085202.186773229], [397581.75498496735, 6085190.713129047]], "width_m": 7.0, "highway": "residential"}], "buildings": [{"min_proj": [397720.5347087353, 6085190.582820631], "max_proj": [397776.5782774551, 6085211.625222521], "obb": {"c": [397748.55636869994, 6085201.104054802], "s": [55.10267380950025, 10.269246330712612], "yaw": -0.20067252534738805}, "height_m": 3.0}, {"min_proj": [397724.24043556204, 6085216.96301711], "max_proj": [397761.19226990326, 6085230.339720376], "obb": {"c": [397742.7163857878, 6085223.651362406], "s": [36.59893237414827, 5.626690092582818], "yaw": -0.21710909969519268}, "height_m": 3.0}, {"min_proj": [397654.9891723883, 6085215.396382746], "max_proj": [397674.9298841961, 6085232.355495907], "obb": {"c": [397664.9595705961, 6085223.875963068], "s": [17.375667426996742, 13.412156100918386], "yaw": -0.22615329916351695}, "height_m": 3.0}, {"min_proj": [397668.2595776133, 6085252.438603001], "max_proj": [397684.8644406061, 6085264.392967582], "obb": {"c": [397676.5619855579, 6085258.415800402], "s": [15.010387298614987, 8.819608286897957], "yaw": -0.22598541915061143}, "height_m": 3.0}, {"min_proj": [397760.748599591, 6085292.717440613], "max_proj": [397789.6174982915, 6085312.494822249], "obb": {"c": [397775.18297244696, 6085302.611757761], "s": [26.528953042123, 15.157949300971179], "yaw": 2.956170247502186}, "height_m": 3.0}, {"min_proj": [397764.34026079404, 6085312.766932913], "max_proj": [397793.97464471235, 6085332.506621902], "obb": {"c": [397779.15729144326, 6085322.636857425], "s": [27.33443407596244, 14.904286404965772], "yaw": -0.18762069755741115}, "height_m": 3.0}, {"min_proj": [397822.8973303539, 6085496.070949276], "max_proj": [397840.398267853, 6085520.370189035], "obb": {"c": [397831.6479026645, 6085508.220525707], "s": [22.10491228184107, 13.373121183316096], "yaw": -1.7709454314452542}, "height_m": 3.0}, {"min_proj": [397629.13481235434, 6085295.281326795], "max_proj": [397659.9405715413, 6085311.354398237], "obb": {"c": [397644.537589841, 6085303.317873494], "s": [29.502277481488903, 8.953897343751356], "yaw": 2.8877022915436075}, "height_m": 3.0}, {"min_proj": [397632.3702760264, 6085310.496019777], "max_proj": [397663.4324471891, 6085326.4547240315], "obb": {"c": [397647.90140517475, 6085318.475320129], "s": [29.82055827522504, 8.748597436454515], "yaw": 2.88752274358616}, "height_m": 3.0}, {"min_proj": [397635.4510227684, 6085325.909526724], "max_proj": [397667.14080469427, 6085342.378980409], "obb": {"c": [397651.29615144915, 6085334.144238177], "s": [30.36872824673629, 9.137719630517987], "yaw": 2.8876237853750144}, "height_m": 3.0}, {"min_proj": [397641.7327895202, 6085354.6261944445], "max_proj": [397674.1568732742, 6085373.049155318], "obb": {"c": [397657.9445195066, 6085363.837825862], "s": [30.618718583509285, 11.092930580166714], "yaw": 2.8876748840885873}, "height_m": 3.0}, {"min_proj": [397638.4740844612, 6085395.03377016], "max_proj": [397689.02606321254, 6085495.294351424], "obb": {"c": [397663.75018125225, 6085445.16390045], "s": [95.8205627001231, 32.135687440899176], "yaw": -1.7710282661177577}, "height_m": 3.0}, {"min_proj": [397707.53752042586, 6085450.94789255], "max_proj": [397743.79915848165, 6085485.850599622], "obb": {"c": [397725.6684843951, 6085468.399079946], "s": [31.05986521094591, 29.330254041452772], "yaw": 2.941848895015113}, "height_m": 3.0}, {"min_proj": [397676.5756278312, 6085498.7181851175], "max_proj": [397827.2900767431, 6085549.952671448], "obb": {"c": [397751.9329343098, 6085524.335397143], "s": [149.29731642865073, 22.093278712124462], "yaw": -0.1994850995023487}, "height_m": 3.0}, {"min_proj": [397665.3703892081, 6085528.300802307], "max_proj": [397680.9690632775, 6085552.211893114], "obb": {"c": [397673.1697828095, 6085540.261880065], "s": [22.09633641818819, 11.433061519652668], "yaw": -1.7709848651154003}, "height_m": 3.0}, {"min_proj": [397623.23328165186, 6085265.40183051], "max_proj": [397653.1880026019, 6085281.387126447], "obb": {"c": [397638.2108958118, 6085273.3998968825], "s": [28.584786187862573, 9.10203170384899], "yaw": 2.887380267352859}, "height_m": 3.0}, {"min_proj": [397626.55498653767, 6085280.543458001], "max_proj": [397656.4312172704, 6085296.1968491925], "obb": {"c": [397641.49305437104, 6085288.370100617], "s": [28.594913073955, 8.748527863231391], "yaw": 2.887430009913795}, "height_m": 3.0}, {"min_proj": [398053.77423891943, 6086029.703627878], "max_proj": [398097.34790345107, 6086049.397024932],