{"id": "chunk_14_12", "ix": 14, "iy": 12, "tile_proj_bounds": [394947.2182111981, 6090838.107330536, 396147.2182111981, 6092038.107330536], "roads": [{"pts_proj": [[395448.9549732016, 6092634.545294555], [395452.22282055963, 6092623.370024815], [395498.2007598084, 6092439.559042734], [395520.72807000816, 6092353.191785263], [395532.23588248424, 6092305.633069367], [395541.2017754468, 6092262.764743714], [395551.21065011004, 6092234.3998420015], [395556.5888562358, 6092204.38404519], [395565.35523974674, 6092174.912661638], [395572.9369950006, 6092140.503893881], [395580.49086835654, 6092096.377254414], [395577.66167865205, 6092058.270393083], [395570.58210101683, 6092019.728282662], [395560.77096497884, 6091980.515140705], [395552.9392528799, 6091948.458486477], [395547.1793956206, 6091929.990653125], [395540.1084051324, 6091914.904241444], [395506.75336002535, 6091863.449287434], [395494.8216053194, 6091847.040267343], [395480.79928940814, 6091822.297397448], [395456.6375571479, 6091758.883633343], [395439.5979537588, 6091725.09390391], [395428.6541938504, 6091707.40402359], [395416.85358752613, 6091693.897673991], [395404.48007533455, 6091679.725657263], [395377.7769589139, 6091645.80556521]], "width_m": 8.0, "highway": "unclassified"}, {"pts_proj": [[395377.7769589139, 6091645.80556521], [395404.48007533455, 6091679.725657263], [395416.85358752613, 6091693.897673991], [395428.6541938504, 6091707.40402359], [395439.5979537588, 6091725.09390391], [395456.6375571479, 6091758.883633343], [395480.79928940814, 6091822.297397448], [395494.8216053194, 6091847.040267343], [395503.98703523976, 6091859.639766488], [395540.1084051324, 6091914.904241444], [395547.1793956206, 6091929.990653125], [395552.9392528799, 6091948.458486477], [395560.77096497884, 6091980.515140705], [395570.58210101683, 6092019.728282662], [395577.66167865205, 6092058.270393083], [395580.49086835654, 6092096.377254414], [395573.6609111248, 6092137.214103676], [395565.35523974674, 6092174.912661638], [395556.5888562358, 6092204.38404519], [395551.21065011004, 6092234.3998420015], [395541.2017754468, 6092262.764743714], [395532.23588248424, 6092305.633069367], [395520.72807000816, 6092353.191785263], [395498.2007598084, 6092439.559042734], [395453.54931875877, 6092618.741386176], [395448.9549732016, 6092634.545294555]], "width_m": 8.0, "highway": "unclassified"}], "buildings": [{"min_proj": [395421.5242435257, 6091594.353311627], "max_proj": [395435.268223752, 6091607.916906533], "obb": {"c": [395428.3965398382, 6091601.14013985], "s": [10.148696252221137, 9.3942795059114], "yaw": 2.505376331003781}, "height_m": 3.0}, {"min_proj": [395394.2084283911, 6091632.1865891], "max_proj": [395431.77819346124, 6091675.027785075], "obb": {"c": [395409.1881576144, 6091654.430795088], "s": [41.7753432876671, 25.281113156302617], "yaw": -2.2083001133888893}, "height_m": 3.0}, {"min_proj": [395431.2863302792, 6091694.960413586], "max_proj": [395437.06175746024, 6091700.4867936], "obb": {"c": [395434.17362251127, 6091697.723135286], "s": [4.792189120344518, 3.2556786340556947], "yaw": -2.4679897024089312}, "height_m": 3.0}, {"min_proj": [395348.1959351037, 6091551.7618067935], "max_proj": [395371.8851954123, 6091572.11174704], "obb": {"c": [395360.04049202666, 6091561.93677452], "s": [23.61017226682929, 7.895513492423867], "yaw": 2.506282423941715}, "height_m": 3.0}]}