{"id": "chunk_10_51", "ix": 10, "iy": 51, "tile_proj_bounds": [390147.2182111981, 6137638.107330536, 391347.2182111981, 6138838.107330536], "roads": [], "buildings": [{"min_proj": [390108.83593369124, 6137722.074751228], "max_proj": [390155.29685044545, 6137789.988397676], "obb": {"c": [390132.0661755136, 6137756.03570841], "s": [73.02527127449595, 10.361333180133766], "yaw": -2.111304412639868}, "height_m": 3.0}, {"min_proj": [390120.51183823776, 6137833.728960319], "max_proj": [390174.41491343745, 6137899.049611744], "obb": {"c": [390147.4633477967, 6137866.3894417975], "s": [60.27634544430007, 26.690258894608977], "yaw": -2.1113320367534407}, "height_m": 3.0}]}