{"id": "chunk_22_22", "ix": 22, "iy": 22, "tile_proj_bounds": [404547.2182111981, 6102838.107330536, 405747.2182111981, 6104038.107330536], "roads": [{"pts_proj": [[405347.5813905535, 6103076.984606742], [405310.3692502812, 6103046.037475205], [405284.2384975243, 6103024.3062747605], [405248.49105456437, 6102997.391635571], [405224.0603432782, 6102983.539351624], [405200.6761066391, 6102965.123208722], [405180.6047638321, 6102947.783359601], [405168.83798822726, 6102937.925760694], [405148.28958441195, 6102920.69637355], [405134.09624041466, 6102908.797668817], [405112.5459124132, 6102890.732592029], [405099.3677733124, 6102881.216866982], [405086.5358706662, 6102874.165066838], [405042.40983655717, 6102865.552734225], [405009.2574224287, 6102865.234170863], [404987.3527420296, 6102867.16988169], [404978.2142558058, 6102870.960020478], [404963.8230107506, 6102882.498436438], [404938.3350036815, 6102906.662939036], [404894.59603301756, 6102951.58768546], [404857.13230306964, 6102987.852145481], [404842.0358627609, 6103004.337394551], [404827.6078648066, 6103020.1071395585], [404814.1119653879, 6103034.643687202], [404803.2850921473, 6103048.210531626], [404791.03609411884, 6103060.995126592], [404781.58818627015, 6103071.515890902], [404775.61025740654, 6103077.888390388]], "width_m": 8.0, "highway": "unclassified"}, {"pts_proj": [[404775.61025740654, 6103077.888390388], [404788.07639788627, 6103086.961955135], [404808.15689240466, 6103102.886139837], [404852.70391086576, 6103138.21454609], [404876.96330501913, 6103155.697425968], [404891.53307542356, 6103162.778360714], [404996.0472535803, 6103234.422392187], [405014.5500317968, 6103248.922794173], [405053.937872035, 6103275.212630692], [405070.86579178635, 6103282.666959782], [405085.5532622935, 6103286.606842451], [405110.3610529905, 6103286.70258169], [405132.5552789102, 6103281.354932458], [405155.1016877566, 6103267.628821031], [405170.3562812478, 6103254.670039731], [405185.1637048056, 6103248.622508849], [405215.2283238974, 6103249.876157115], [405239.111153097, 6103247.6212019045], [405255.644773343, 6103247.047469343], [405272.01620865235, 6103253.879859397], [405285.7715186797, 6103266.879173201], [405298.5067176693, 6103280.579215041], [405319.9468927699, 6103297.790310125], [405336.99318152416, 6103312.055752438], [405353.5609327624, 6103326.353671003], [405384.5175052449, 6103351.02185346], [405434.1824588253, 6103393.371644452]], "width_m": 8.0, "highway": "unclassified"}, {"pts_proj": [[404775.61025740654, 6103077.888390388], [404759.203256503, 6103067.66333982], [404744.20030299714, 6103057.074421398], [404697.4138241069, 6103020.169634499], [404660.6913232314, 6102989.061459744], [404630.87807438476, 6102955.724259375], [404605.10604402056, 6102922.868576884], [404571.11216048675, 6102878.110835758], [404556.3285948045, 6102860.504788306], [404530.86496694206, 6102830.169828916], [404508.32314402115, 6102809.201126036], [404457.75160942454, 6102757.162526475], [404446.597600949, 6102743.798259483], [404440.8346938432, 6102727.390912152], [404445.2403281362, 6102717.1109711705], [404505.1009765138, 6102659.213308613]], "width_m": 7.0, "highway": "residential"}, {"pts_proj": [[404505.1009765138, 6102659.213308613], [404449.9007377855, 6102711.567732243], [404442.78284679726, 6102721.994796266], [404442.344518243, 6102737.032128537], [404457.75160942454, 6102757.162526475], [404508.32314402115, 6102809.201126036], [404530.86496694206, 6102830.169828916], [404556.3285948045, 6102860.504788306], [404571.11216048675, 6102878.110835758], [404605.10604402056, 6102922.868576884], [404630.87807438476, 6102955.724259375], [404660.6913232314, 6102989.061459744], [404697.4138241069, 6103020.169634499], [404744.20030299714, 6103057.074421398], [404759.203256503, 6103067.66333982], [404775.61025740654, 6103077.888390388]], "width_m": 7.0, "highway": "residential"}, {"pts_proj": [[404775.61025740654, 6103077.888390388], [404791.03609411884, 6103060.995126592], [404803.2850921473, 6103048.210531626], [404814.1119653879, 6103034.643687202], [404827.6078648066, 6103020.1071395585], [404842.0358627609, 6103004.337394551], [404857.13230306964, 6102987.852145481], [404894.59603301756, 6102951.58768546], [404938.3350036815, 6102906.662939036], [404962.7695955507, 6102883.433675899], [404972.1871991452, 6102875.051269951], [404982.3875698915, 6102869.223657734], [405009.2574224287, 6102865.234170863], [405032.4282572551, 6102865.45344971], [405073.64104469033, 6102869.263071524], [405099.3677733124, 6102881.216866982], [405112.5459124132, 6102890.732592029], [405133.4588271857, 6102908.265762915], [405148.28958441195, 6102920.69637355], [405168.83798822726, 6102937.925760694], [405180.6047638321, 6102947.783359601], [405200.6761066391, 6102965.123208722], [405224.0603432782, 6102983.539351624], [405244.51748040284, 6102994.693071071], [405278.6586472577, 6103019.671455429], [405310.3692502812, 6103046.037475205], [405347.5813905535, 6103076.984606742]], "width_m": 8.0, "highway": "unclassified"}, {"pts_proj": [[405434.1824588253, 6103393.371644452], [405384.5175052449, 6103351.02185346], [405353.5609327624, 6103326.353671003], [405336.99318152416, 6103312.055752438], [405319.9468927699, 6103297.790310125], [405298.5067176693, 6103280.579215041], [405285.7715186797, 6103266.879173201], [405272.01620865235, 6103253.879859397], [405255.644773343, 6103247.047469343], [405239.111153097, 6103247.6212019045], [405222.67329596035, 6103249.695749373], [405198.10751458036, 6103247.468071371], [405177.79487589875, 6103250.582443234], [405163.01135176397, 6103261.3604913615], [405144.3441509013, 6103275.159937297], [405122.57702884416, 6103284.372300266], [405095.59682586876, 6103288.163159669], [405070.86579178635, 6103282.666959782], [405053.937872035, 6103275.212630692], [405022.70047281956, 6103256.074007473], [405004.8831177507, 6103241.358608848], [404891.53307542356, 6103162.778360714], [404876.96330501913, 6103155.697425968], [404852.70391086576, 6103138.21454609], [404808.15689240466, 6103102.886139837], [404788.07639788627, 6103086.961955135], [404775.61025740654, 6103077.888390388]], "width_m": 8.0, "highway": "unclassified"}], "buildings": [{"min_proj": [404596.2148186495, 6102843.260119574], "max_proj": [404608.42280970886, 6102855.277925313], "obb": {"c": [404602.3193248496, 6102849.268192955], "s": [10.381701696406207, 6.7770620026083925], "yaw": 2.3885641909791064}, "height_m": 3.0}, {"min_proj": [405632.4559566584, 6102955.8676468935], "max_proj": [405651.34325256496, 6102980.4223802155], "obb": {"c": [405638.9963095666, 6102968.143964926], "s": [18.217139295704417, 16.670284829437875], "yaw": 0.7398263362739035}, "height_m": 3.0}, {"min_proj": [405688.7271437394, 6102961.7484173775], "max_proj": [405719.68591491005, 6102991.431866713], "obb": {"c": [405704.206425042, 6102976.590050175], "s": [25.245294086586167, 17.980617792739096], "yaw": -2.475185562824911}, "height_m": 3.0}, {"min_proj": [405179.68028255104, 6102822.464193377], "max_proj": [405289.62221931515, 6102919.8867889745], "obb": {"c": [405231.11548706895, 6102866.585953904], "s": [122.31353388557307, 36.45994084256649], "yaw": -2.441108290661778}, "height_m": 15.0}, {"min_proj": [405125.80650758784, 6102860.016975898], "max_proj": [405162.17118657683, 6102899.517410551], "obb": {"c": [405143.9900240745, 6102879.768762568], "s": [40.50111644969047, 13.35866795323437], "yaw": -0.8682587398602066}, "height_m": 9.0}, {"min_proj": [405158.0170217164, 6102886.972640676], "max_proj": [405194.3816264898, 6102926.461833063], "obb": {"c": [405176.199474294, 6102906.724288518], "s": [40.50228240994711, 13.355923974335093], "yaw": 2.273479970438945}, "height_m": 9.0}, {"min_proj": [405306.7055376872, 6102926.068141738], "max_proj": [405332.52135924855, 6102945.110319516], "obb": {"c": [405319.61082358204, 6102935.52555741], "s": [25.513629993909486, 18.742266632083357], "yaw": -0.016851191133736326},