{"id": "chunk_15_6", "ix": 15, "iy": 6, "tile_proj_bounds": [396147.2182111981, 6083638.107330536, 397347.2182111981, 6084838.107330536], "roads": [{"pts_proj": [[397043.6692638298, 6082985.256485271], [397033.32267089444, 6083049.057667267], [397015.8181630619, 6083153.621606774], [397006.16955564736, 6083235.229326179], [397001.8263465844, 6083275.036983149], [396986.42733733717, 6083405.846794967], [396969.7950584297, 6083559.216321746], [396960.97712457244, 6083659.317835864], [396958.9451868345, 6083682.630489605], [396956.025625776, 6083706.1304919915], [396956.1316743889, 6083727.813343138], [396961.0636534014, 6083747.8381146435], [396985.8113714544, 6083805.658138954]], "width_m": 8.0, "highway": "unclassified"}, {"pts_proj": [[396985.8113714544, 6083805.658138954], [396961.0636534014, 6083747.8381146435], [396956.1316743889, 6083727.813343138], [396956.025625776, 6083706.1304919915], [396958.9451868345, 6083682.630489605], [396960.97712457244, 6083659.317835864], [396969.4190587714, 6083562.687021301], [396986.42733733717, 6083405.846794967], [397001.8263465844, 6083275.036983149], [397006.16955564736, 6083235.229326179], [397015.8181630619, 6083153.621606774], [397033.32267089444, 6083049.057667267], [397043.6692638298, 6082985.256485271]], "width_m": 8.0, "highway": "unclassified"}, {"pts_proj": [[396913.43382408924, 6085345.774497771], [396923.390664259, 6085330.472970908], [396932.2431281479, 6085314.28399337], [396944.5138473854, 6085289.956913063], [396955.3357202431, 6085268.73559138], [397005.0534844391, 6085163.50944126], [397056.20191137027, 6085060.70019226], [397075.20238393807, 6085028.215236415], [397089.4496928949, 6085008.607834267], [397102.2783274263, 6084993.151871105], [397126.529119359, 6084968.038713972], [397209.5817586759, 6084881.309902985], [397511.8280694312, 6084569.392916005], [397535.3888601686, 6084546.7358060265], [397552.02372950304, 6084532.073807845], [397573.13206357433, 6084516.92020242], [397596.1480010391, 6084505.229786001], [397623.69499880687, 6084496.697864168], [397648.90078054, 6084491.280791146], [397663.57911695563, 6084489.554717719], [397681.750118673, 6084487.938345873], [397759.61448578717, 6084487.511644607], [397843.6745509849, 6084488.414752235], [397956.01828172035, 6084487.207123912], [398006.0444551939, 6084487.617824027], [398031.6209438102, 6084485.511830039], [398047.7704063443, 6084483.018896408], [398063.55167923606, 6084478.719864775], [398079.91816715937, 6084473.350066225], [398091.20656868914, 6084469.53160732]], "width_m": 14.0, "highway": "primary"}, {"pts_proj": [[398091.20656868914, 6084469.53160732], [398063.55167923606, 6084478.719864775], [398047.7704063443, 6084483.018896408], [398031.6209438102, 6084485.511830039], [398006.0444551939, 6084487.617824027], [397956.01828172035, 6084487.207123912], [397843.6745509849, 6084488.414752235], [397759.61448578717, 6084487.511644607], [397681.750118673, 6084487.938345873], [397663.57911695563, 6084489.554717719], [397648.90078054, 6084491.280791146], [397623.69499880687, 6084496.697864168], [397596.1480010391, 6084505.229786001], [397573.13206357433, 6084516.92020242], [397552.02372950304, 6084532.073807845], [397535.3888601686, 6084546.7358060265], [397511.8280694312, 6084569.392916005], [397209.5817586759, 6084881.309902985], [397126.529119359, 6084968.038713972], [397102.2783274263, 6084993.151871105], [397089.4496928949, 6085008.607834267], [397075.20238393807, 6085028.215236415], [397056.20191137027, 6085060.70019226], [397005.0534844391, 6085163.50944126], [396955.3357202431, 6085268.73559138], [396944.5138473854, 6085289.956913063], [396932.2431281479, 6085314.28399337], [396923.390664259, 6085330.472970908], [396913.43382408924, 6085345.774497771]], "width_m": 14.0, "highway": "primary"}], "buildings": [{"min_proj": [396813.52285700914, 6083880.952332565], "max_proj": [396856.81998241495, 6083913.89023808], "obb": {"c": [396835.1716939727, 6083897.421196788], "s": [39.38963698391686, 17.980607481526235], "yaw": 2.7045311205668163}, "height_m": 3.0}, {"min_proj": [396832.0561396021, 6083920.58869906], "max_proj": [396875.06604876695, 6083953.549118832], "obb": {"c": [396853.5608309394, 6083937.074626225], "s": [38.968766431355505, 18.200036948173178], "yaw": 2.704215502270939}, "height_m": 3.0}, {"min_proj": [396874.1149727122, 6084249.704255156], "max_proj": [396890.0224795257, 6084265.334263319], "obb": {"c": [396882.0689279641, 6084257.518930563], "s": [12.600842094987671, 9.764859935204239], "yaw": 2.4174268726812103}, "height_m": 3.0}, {"min_proj": [396821.91715607134, 6084309.758050255], "max_proj": [396846.63150274276, 6084335.918216427], "obb": {"c": [396834.27441428904, 6084322.838131558], "s": [20.811259124496182, 16.20013642370205], "yaw": -2.1235624821336208}, "height_m": 3.0}, {"min_proj": [396898.7415738506, 6084343.735977939], "max_proj": [396927.24650764203, 6084376.404959366], "obb": {"c": [396912.99414519063, 6084360.070264192], "s": [28.715662362005336, 15.777894089436522], "yaw": -2.123557420208731}, "height_m": 3.0}, {"min_proj": [396870.0036293387, 6084519.246560816], "max_proj": [396910.8719435122, 6084568.4989460325], "obb": {"c": [396890.4376634867, 6084543.873159684], "s": [45.71740466608654, 19.81657644049341], "yaw": -2.123532191223933}, "height_m": 3.0}, {"min_proj": [396716.5245613094, 6083685.582500786], "max_proj": [396759.4884638323, 6083714.295532499], "obb": {"c": [396738.0060002447, 6083699.933733892], "s": [41.71277757647853, 12.22453100019303], "yaw": -0.4372220266365272}, "height_m": 3.0}, {"min_proj": [396742.06101067754, 6083742.59236761], "max_proj": [396784.2432725007, 6083770.400460412], "obb": {"c": [396763.1516135223, 6083756.502344845], "s": [41.205970464582805, 11.458726955995099], "yaw": 2.704309351618973}, "height_m": 3.0}, {"min_proj": [396711.8367257874, 6084377.580978865], "max_proj": [396742.20940916316, 6084412.544778793], "obb": {"c": [396727.0232186702, 6084395.057005391], "s": [30.888845625871372, 16.63260140958445], "yaw": 1.0180923551425045}, "height_m": 3.0}, {"min_proj": [396990.0803433081, 6083873.819176763], "max_proj": [397004.4701508008, 6083891.974233739], "obb": {"c": [396997.2753877778, 6083882.891058815], "s": [15.993724507176887, 10.669056983025179], "yaw": 1.3133393437406484}, "height_m": 3.0}, {"min_proj": [396981.37325504393, 6084273.835224463], "max_proj": [397012.44116869546, 6084302.423863311], "obb": {"c": [396996.90739462106, 6084288.129461528], "s": [25.41883838529755, 17.97737203993457], "yaw": 2.5907771716375554}, "height_m": 3.0}, {"min_proj": [397041.1059345779, 6084372.5099504925], "max_proj": [397073.7233912115, 6084401.674138539], "obb": {"c": [397057.4149300016, 6084387.091861311], "s": [27.670141762106255, 17.27070031125076], "yaw": -0.5508754833983682}, "height_m": 3.0}, {"min_proj": [396995.36540073826, 6084501.780453209], "max_proj": [397023.8480435192, 6084533.1390396785], "obb": {"c": [397009.6064047031, 6084517.454655788], "s": [26.25647425922692, 17.272967033815355], "yaw": 1.0182888347323111}, "height_m": 3.0}, {"min_proj": [397341.1446174641, 6084311.309080788], "max_proj": [397349.9039628016, 6084320.005949959], "obb": {"c": [397345.52319168055, 6084315.661358417], "s": [6.582711763087939, 6.457559288157207], "yaw": 2.6829358261418146}, "height_m": 3.0}, {"min_proj": [397237.5995400382, 6084452.358128477], "max_proj": [397263.7105785827, 6084472.896098616], "obb": {"c": [397250.19419538515, 6084462.621220677], "s": [25.637430817742104, 9.44772715643396], "yaw": -0.4988466335102109}, "height_m": 3.0}, {"min_proj": [397073.33907225257, 6084427.235167845], "max_proj": [397105.06321413, 6084456.589800604], "obb": {"c": [397089.20095096703, 6084441.907135214], "s": [25.75815480882385, 18.677305000997382], "yaw": -0.5511387843705388}, "height_m": 3.0}]}