{"id": "chunk_17_4", "ix": 17, "iy": 4, "tile_proj_bounds": [398547.2182111981, 6081238.107330536, 399747.2182111981, 6082438.107330536], "roads": [{"pts_proj": [[398729.68166644353, 6083033.215925778], [398718.43649523245, 6082870.898970173], [398702.5919503423, 6082695.049168197], [398690.6984436817, 6082557.259392486], [398680.4917287662, 6082428.826948104], [398656.3993229958, 6082103.094108347], [398624.1811270948, 6081688.723320133], [398603.01181342616, 6081423.916620872], [398599.29111381073, 6081372.537807241], [398592.94827619323, 6081325.025263499], [398588.4034448565, 6081296.029029226], [398575.0517699123, 6081227.846869967], [398536.2413215464, 6081048.664352678], [398513.6057225078, 6080960.932797242], [398497.26931079035, 6080908.514189466], [398477.02647746104, 6080853.723702084], [398458.5750252433, 6080812.596196107], [398452.57080793683, 6080799.20656344], [398441.89328189555, 6080775.636635364], [398414.79269389843, 6080715.780459645], [398257.66056126205, 6080387.9368712865], [398103.8537351027, 6080062.983910454], [398084.1438470019, 6080019.314813808]], "width_m": 10.0, "highway": "tertiary"}, {"pts_proj": [[398084.1438470019, 6080019.314813808], [398103.8537351027, 6080062.983910454], [398257.66056126205, 6080387.9368712865], [398414.79269389843, 6080715.780459645], [398441.89328189555, 6080775.636635364], [398452.57080793683, 6080799.20656344], [398458.5750252433, 6080812.596196107], [398477.02647746104, 6080853.723702084], [398497.26931079035, 6080908.514189466], [398513.6057225078, 6080960.932797242], [398536.2413215464, 6081048.664352678], [398575.0517699123, 6081227.846869967], [398588.4034448565, 6081296.029029226], [398592.94827619323, 6081325.025263499], [398599.29111381073, 6081372.537807241], [398603.01181342616, 6081423.916620872], [398624.1811270948, 6081688.723320133], [398656.3993229958, 6082103.094108347], [398680.4917287662, 6082428.826948104], [398690.6984436817, 6082557.259392486], [398702.5919503423, 6082695.049168197], [398718.43649523245, 6082870.898970173], [398729.68166644353, 6083033.215925778]], "width_m": 10.0, "highway": "tertiary"}], "buildings": [{"min_proj": [399426.9959776965, 6082252.993447923], "max_proj": [399451.2562616259, 6082281.981379735], "obb": {"c": [399439.12609867123, 6082267.487620142], "s": [29.14397601167397, 9.077088466266291], "yaw": -2.1874914330289985}, "height_m": 3.0}, {"min_proj": [399348.2351919688, 6082203.728970767], "max_proj": [399410.23318120535, 6082280.372127543], "obb": {"c": [399379.2342213177, 6082242.050523586], "s": [80.7095050182451, 18.785095263032165], "yaw": -2.187408628520326}, "height_m": 3.0}, {"min_proj": [399391.33328532503, 6082269.542302696], "max_proj": [399432.4038746885, 6082314.152161142], "obb": {"c": [399411.86875618744, 6082291.846939646], "s": [38.38635314295396, 23.131996825846528], "yaw": -2.1874625102663328}, "height_m": 3.0}, {"min_proj": [399383.02878594724, 6082428.986982777], "max_proj": [399393.6285523624, 6082439.71270726], "obb": {"c": [399388.3289076407, 6082434.343830044], "s": [8.318117344898695, 6.822772948391698], "yaw": 0.8591715264827251}, "height_m": 3.0}, {"min_proj": [399227.165923494, 6082167.011478498], "max_proj": [399254.2928029718, 6082199.432598932], "obb": {"c": [399240.72964727035, 6082183.221497794], "s": [29.866474405710324, 13.438136682486649], "yaw": -2.12405529783859}, "height_m": 3.0}, {"min_proj": [399227.97323125886, 6082202.553076217], "max_proj": [399243.88053173426, 6082217.016251966], "obb": {"c": [399235.92652002757, 6082209.790527601], "s": [13.214138715977612, 8.877126491100126], "yaw": 2.5899095268708168}, "height_m": 3.0}, {"min_proj": [399225.6213479093, 6082434.071661051], "max_proj": [399311.01592490287, 6082512.218554244], "obb": {"c": [399268.3193626401, 6082473.144400162], "s": [91.37269019853466, 24.659911856865385], "yaw": 2.4322842255934356}, "height_m": 3.0}]}