{"id": "chunk_2_25", "ix": 2, "iy": 25, "tile_proj_bounds": [380547.2182111981, 6106438.107330536, 381747.2182111981, 6107638.107330536], "roads": [], "buildings": [{"min_proj": [381695.67246131785, 6107297.113408624], "max_proj": [381707.9460842154, 6107302.769345585], "obb": {"c": [381701.8092102085, 6107299.941288679], "s": [12.22104153122621, 5.5213751985704445], "yaw": 3.1305541630735663}, "height_m": 3.0}, {"min_proj": [381694.85853795544, 6107305.111080497], "max_proj": [381713.28243237495, 6107312.410219834], "obb": {"c": [381704.07043429033, 6107308.760573272], "s": [18.354248584390845, 7.1020197053643335], "yaw": 3.1308302763736213}, "height_m": 3.0}, {"min_proj": [381724.4605475988, 6107333.612293253], "max_proj": [381743.47206416476, 6107372.695726424], "obb": {"c": [381733.96955819847, 6107353.154067467], "s": [38.88215587446836, 18.593684414158062], "yaw": 1.5598528623631158}, "height_m": 3.0}, {"min_proj": [381676.5639239523, 6107415.967433534], "max_proj": [381683.70307310997, 6107426.750374523], "obb": {"c": [381680.132094249, 6107421.358881766], "s": [10.708346517773736, 7.02759635858735], "yaw": -1.5815138072838395}, "height_m": 3.0}]}