{"id": "chunk_3_28", "ix": 3, "iy": 28, "tile_proj_bounds": [381747.2182111981, 6110038.107330536, 382947.2182111981, 6111238.107330536], "roads": [], "buildings": [{"min_proj": [382391.9485192478, 6110357.291203996], "max_proj": [382402.06140683015, 6110367.932316836], "obb": {"c": [382397.0049481648, 6110362.611779955], "s": [9.838317090814302, 9.254642612226519], "yaw": 1.4794973928028512}, "height_m": 3.0}]}