{"id": "chunk_4_26", "ix": 4, "iy": 26, "tile_proj_bounds": [382947.2182111981, 6107638.107330536, 384147.2182111981, 6108838.107330536], "roads": [{"pts_proj": [[383600.65394847293, 6107479.977112679], [383556.4450853164, 6107497.610111999], [383516.826832516, 6107512.317852066], [383471.6875058288, 6107527.303942747], [383341.32320167014, 6107568.447437692], [383216.5428088722, 6107606.019279305], [383108.0965903297, 6107638.078006943], [383085.1626315794, 6107644.7810408715], [383059.7449006909, 6107652.195142177], [382927.0548943258, 6107692.521377384], [382743.26308226923, 6107748.8037903635], [382684.38050001324, 6107766.809606845], [382667.1525369992, 6107772.941516728], [382649.0020528968, 6107791.066660302]], "width_m": 8.0, "highway": "unclassified"}, {"pts_proj": [[382649.0020528968, 6107791.066660302], [382667.1525369992, 6107772.941516728], [382684.38050001324, 6107766.809606845], [382743.26308226923, 6107748.8037903635], [382927.0548943258, 6107692.521377384], [383059.7449006909, 6107652.195142177], [383085.1626315794, 6107644.7810408715], [383108.0965903297, 6107638.078006943], [383216.5428088722, 6107606.019279305], [383341.32320167014, 6107568.447437692], [383471.6875058288, 6107527.303942747], [383516.826832516, 6107512.317852066], [383556.4450853164, 6107497.610111999], [383600.65394847293, 6107479.977112679]], "width_m": 8.0, "highway": "unclassified"}, {"pts_proj": [[383813.3772822984, 6109547.848906679], [383803.3499576155, 6109478.301940328], [383786.12717769423, 6109352.383321145], [383767.3580882247, 6109215.170960567], [383749.69160889933, 6109081.848964203], [383730.9759623047, 6108940.6383227], [383692.02479394723, 6108682.973843085], [383659.82739941566, 6108468.488047601], [383654.9719764962, 6108434.345196161], [383627.2302671063, 6108239.038000318], [383602.16288966546, 6108025.468539766], [383592.0681273727, 6107940.102684845], [383593.7766411262, 6107919.494024302], [383595.7153271094, 6107893.279080567], [383593.5870678352, 6107854.82307969], [383593.05881141045, 6107820.433626743], [383598.76222843735, 6107608.198067791]], "width_m": 7.0, "highway": "residential"}, {"pts_proj": [[383598.76222843735, 6107608.198067791], [383593.05881141045, 6107820.433626743], [383593.5870678352, 6107854.82307969], [383595.7153271094, 6107893.279080567], [383593.7766411262, 6107919.494024302], [383592.0681273727, 6107940.102684845], [383602.16288966546, 6108025.468539766], [383627.2302671063, 6108239.038000318], [383654.9719764962, 6108434.345196161], [383659.82739941566, 6108468.488047601], [383692.02479394723, 6108682.973843085], [383730.9759623047, 6108940.6383227], [383749.69160889933, 6109081.848964203], [383767.3580882247, 6109215.170960567], [383786.12717769423, 6109352.383321145], [383803.3499576155, 6109478.301940328], [383813.3772822984, 6109547.848906679]], "width_m": 7.0, "highway": "residential"}], "buildings": [{"min_proj": [383629.50390907563, 6108494.551156212], "max_proj": [383636.87196315714, 6108504.629165628], "obb": {"c": [383633.18785362074, 6108499.5901902085], "s": [9.161179962301167, 5.742296204509612], "yaw": -1.7606593989404224}, "height_m": 3.0}]}