{"id": "chunk_2_12", "ix": 2, "iy": 12, "tile_proj_bounds": [380547.2182111981, 6090838.107330536, 381747.2182111981, 6092038.107330536], "roads": [{"pts_proj": [[380892.1058223612, 6091448.254215213], [380879.12644996424, 6091404.465379143], [380870.38375546713, 6091359.77341885], [380864.238565996, 6091315.903091581], [380858.42277327186, 6091271.411658487], [380852.0623144086, 6091226.199893539], [380846.7452433234, 6091183.120322072], [380841.031108956, 6091137.401498699], [380835.5477515851, 6091093.135056682], [380830.5918362397, 6091048.464912483], [380824.81140200375, 6091004.1173140295], [380819.7149746381, 6090959.951933893], [380814.9082206959, 6090916.079463071], [380809.2373500326, 6090870.559930475], [380804.55494982586, 6090825.826867942], [380800.15661734936, 6090783.825139792], [380780.60638226056, 6090757.379475392]], "width_m": 8.0, "highway": "unclassified"}, {"pts_proj": [[380780.60638226056, 6090757.379475392], [380793.63653026934, 6090772.876042172], [380804.55494982586, 6090825.826867942], [380809.2373500326, 6090870.559930475], [380814.9082206959, 6090916.079463071], [380819.7149746381, 6090959.951933893], [380824.81140200375, 6091004.1173140295], [380830.5918362397, 6091048.464912483], [380835.5477515851, 6091093.135056682], [380841.031108956, 6091137.401498699], [380846.7452433234, 6091183.120322072], [380852.0623144086, 6091226.199893539], [380858.42277327186, 6091271.411658487], [380864.238565996, 6091315.903091581], [380870.38375546713, 6091359.77341885], [380879.12644996424, 6091404.465379143], [380892.1058223612, 6091448.254215213]], "width_m": 8.0, "highway": "unclassified"}, {"pts_proj": [[380780.60638226056, 6090757.379475392], [380770.1906356958, 6090775.114237414], [380753.4490744705, 6090787.9960769825], [380557.44972974376, 6090875.372119944], [380536.6100608041, 6090886.1707155], [380521.3520283271, 6090897.93394228], [380505.47423239966, 6090914.568053554], [380488.36505346664, 6090941.489226314], [380417.346217928, 6091081.275317366], [380410.9297696172, 6091097.757493911], [380386.5775191816, 6091198.466431668], [380382.318329001, 6091217.017611891], [380380.1791839166, 6091233.374514953], [380380.58550015744, 6091251.712062532], [380392.7897824123, 6091524.018044689], [380399.377361864, 6091670.918874545], [380397.0798359619, 6091686.133241746], [380394.09682185354, 6091696.789946042]], "width_m": 8.0, "highway": "unclassified"}, {"pts_proj": [[380394.09682185354, 6091696.789946042], [380399.377361864, 6091670.918874545], [380392.7897824123, 6091524.018044689], [380380.58550015744, 6091251.712062532], [380380.1791839166, 6091233.374514953], [380382.318329001, 6091217.017611891], [380386.5775191816, 6091198.466431668], [380410.9297696172, 6091097.757493911], [380417.346217928, 6091081.275317366], [380488.36505346664, 6090941.489226314], [380505.47423239966, 6090914.568053554], [380521.3520283271, 6090897.93394228], [380536.6100608041, 6090886.1707155], [380557.44972974376, 6090875.372119944], [380745.8438508186, 6090792.139806836], [380759.9301454214, 6090784.472361262], [380776.83876770234, 6090765.585044559], [380780.60638226056, 6090757.379475392]], "width_m": 8.0, "highway": "unclassified"}, {"pts_proj": [[381725.86195252073, 6091543.946588294], [381736.3283013061, 6091538.259328566], [381756.12196617824, 6091542.713538538], [381770.48530025856, 6091549.704876826], [381839.89795462036, 6091568.604192851], [381883.16242136474, 6091576.058336786], [381908.85263906425, 6091581.092550908], [381925.602895601, 6091576.564983649], [381979.86972165125, 6091480.733270778], [381991.29049696814, 6091466.994167673], [382005.4395672089, 6091456.857315966], [382048.7014855334, 6091441.801062338], [382097.35389892594, 6091420.9697771855], [382118.79690223344, 6091408.236488898], [382218.79873611813, 6091387.937233896], [382295.24250441144, 6091373.759119637], [382308.0950035204, 6091368.133015701], [382324.67101264175, 6091361.807930165], [382375.5096445801, 6091349.005275757], [382426.63711690845, 6091344.7573191235], [382466.0730687047, 6091337.643610369], [382499.4387875794, 6091328.96376225], [382520.775022937, 6091320.410332706], [382571.5764910959, 6091307.8669871185], [382648.1893648574, 6091295.906123577], [382710.4756832911, 6091282.963350552], [382723.43690044945, 6091277.30222121], [382740.30039565754, 6091266.7515841145], [382746.99772686104, 6091252.859816808], [382738.8589266942, 6091190.3800665075], [382727.7644409768, 6091097.972900299], [382726.0550150041, 6091074.770889082]], "width_m": 8.0, "highway": "unclassified"}, {"pts_proj": [[382726.0550150041, 6091074.770889082], [382727.7644409768, 6091097.972900299], [382737.80753069214, 6091181.300378516], [382746.99772686104, 6091252.859816808], [382740.30039565754, 6091266.7515841145], [382723.43690044945, 6091277.30222121], [382710.4756832911, 6091282.963350552], [382648.1893648574, 6091295.906123577], [382571.5764910959, 6091307.8669871185], [382520.775022937, 6091320.410332706], [382499.4387875794, 6091328.96376225], [382466.0730687047, 6091337.643610369], [382426.63711690845, 6091344.7573191235], [382375.5096445801, 6091349.005275757], [382334.7539641163, 6091355.3862381345], [382308.0950035204, 6091368.133015701], [382295.24250441144, 6091373.759119637], [382218.79873611813, 6091387.937233896], [382129.9717918626, 6091404.123636917], [382097.35389892594, 6091420.9697771855], [382048.7014855334, 6091441.801062338], [382005.4395672089, 6091456.857315966], [381992.613240579, 6091465.400621828], [381979.86972165125, 6091480.733270778], [381931.8723081866, 6091569.886587097], [381919.6539606615, 6091579.115513273], [381883.16242136474, 6091576.058336786], [381839.89795462036, 6091568.604192851], [381770.48530025856, 6091549.704876826], [381756.12196617824, 6091542.713538538], [381736.3283013061, 6091538.259328566], [381725.86195252073, 6091543.946588294]], "width_m": 8.0, "highway": "unclassified"}, {"pts_proj": [[380465.5186973945, 6091699.08088967], [380549.4682805107, 6091684.638899465]], "width_m": 7.0, "highway": "residential"}, {"pts_proj": [[380549.4682805107, 6091684.638899465], [380465.5186973945, 6091699.08088967]], "width_m": 7.0, "highway": "residential"}], "buildings": [{"min_proj": [381676.1287691036, 6091304.147451534], "max_proj": [381825.15138620255, 6091416.5859632455], "obb": {"c": [381748.81445676816, 6091360.598860935], "s": [138.68783277546032, 79.73047256019922], "yaw": -0.28682350523679173}, "height_m": 6.0}, {"min_proj": [381718.5407521641, 6091441.491217247], "max_proj": [381734.1850025623, 6091459.631323176], "obb": {"c": [381726.3631154213, 6091450.561055318], "s": [15.305123133889952, 11.083015873679269], "yaw": -1.9194052347935957}, "height_m": 3.0}, {"min_proj": [381725.7650486932, 6091472.800164621], "max_proj": [381755.49129408045, 6091491.888041782], "obb": {"c": [381740.62835859135, 6091482.344098242], "s": [27.549309441024363, 11.573131179628604], "yaw": -0.295609668192256}, "height_m": 3.0}, {"min_proj": [381611.43320203695, 6091512.949406764], "max_proj": [381626.2709532284, 6091526.509883796], "obb": {"c": [381618.85222513304, 6091519.7351498995], "s": [13.083630659540624, 11.537157045219258], "yaw": 2.9725590095146193}, "height_m": 3.0}, {"min_proj": [381689.7335842984, 6091540.765655729], "max_proj": [381705.9183941928, 6091558.923112452], "obb": {"c": [381698.5639938413, 6091549.844383151], "s": [14.654767756505638, 13.882539638343312], "yaw": -1.8776795052484423}, "height_m": 3.0}, {"min_proj": [381736.9677663066, 6091555.591280956], "max_proj": [381755.0018394793, 6091575.373194277], "obb": {"c": [381745.98466037423, 6091565.482031027], "s": [17.011193229807944, 14.688679289262845], "yaw": 1.7897923164597693}, "height_m": 3.0}, {"min_proj": [381655.68237475597, 6091562.651569223], "max_proj": [381673.13487934496, 6091576.417893213], "obb": {"c": [381664.4088495748, 6091569.534524365], "s": [15.403663102825048, 10.343321243938867], "yaw": 2.8965185097965866},