{"id": "chunk_25_5", "ix": 25, "iy": 5, "tile_proj_bounds": [408147.2182111981, 6082438.107330536, 409347.2182111981, 6083638.107330536], "roads": [{"pts_proj": [[410008.3684377222, 6082393.5513641955], [409985.3787703684, 6082398.2973216735], [409923.79266773723, 6082406.24356604], [409590.82001438126, 6082448.70644961], [409256.8405379052, 6082485.871600945], [408206.5810176037, 6082614.187709852], [407335.5794787609, 6082750.081093485], [406652.1980090446, 6082865.779209781], [406585.6588500083, 6082873.607330109], [406556.14446471434, 6082875.100515345], [406515.49177825544, 6082874.232072599], [406459.2080187556, 6082872.208977196]], "width_m": 8.0, "highway": "unclassified"}, {"pts_proj": [[406459.2080187556, 6082872.208977196], [406515.49177825544, 6082874.232072599], [406556.14446471434, 6082875.100515345], [406585.6588500083, 6082873.607330109], [406652.1980090446, 6082865.779209781], [407335.5794787609, 6082750.081093485], [408206.5810176037, 6082614.187709852], [409256.8405379052, 6082485.871600945], [409590.82001438126, 6082448.70644961], [409923.79266773723, 6082406.24356604], [409985.3787703684, 6082398.2973216735], [410008.3684377222, 6082393.5513641955]], "width_m": 8.0, "highway": "unclassified"}], "buildings": []}