{"id": "chunk_7_12", "ix": 7, "iy": 12, "tile_proj_bounds": [386547.2182111981, 6090838.107330536, 387747.2182111981, 6092038.107330536], "roads": [{"pts_proj": [[387698.6187765329, 6090153.845924114], [387712.35061012534, 6090176.803254398], [387722.6993357511, 6090197.74123806], [387729.7015015864, 6090217.093125737], [387728.04699445254, 6090230.349462259], [387716.5497800279, 6090261.019505907], [387711.13326140837, 6090275.53907696], [387705.422136285, 6090288.529681844], [387698.5405021784, 6090302.885589591], [387697.4669261181, 6090314.769157913], [387699.557204681, 6090331.438571741], [387697.14265455166, 6090351.69437674], [387693.43379156943, 6090367.863403382], [387687.2292574378, 6090383.14867446], [387682.25467773376, 6090392.023907184], [387675.97148704634, 6090401.867120383], [387673.1001517187, 6090414.374678285], [387676.69638077007, 6090426.185739094], [387696.4719565431, 6090434.885982179], [387711.7127900643, 6090442.653432391], [387723.51586743817, 6090455.928844014], [387750.4378615663, 6090524.301372535], [387758.60336001375, 6090545.093710079], [387775.0743441983, 6090579.995107364], [387791.2877658248, 6090611.529703401], [387805.773402168, 6090626.530551746], [387823.7282879692, 6090629.866258808], [387845.94444094034, 6090631.9264131095], [387863.6709594977, 6090632.284347347], [387870.5124208565, 6090641.42034019], [387894.6981106151, 6090681.484068067], [387903.6222860434, 6090693.9635680355], [387916.95778329315, 6090699.64180134], [387928.71322303556, 6090704.146094341], [387938.20893297857, 6090711.55697962], [387961.96629536897, 6090737.604167069], [387974.6535675416, 6090749.399657971], [387990.1461265449, 6090760.379144231], [388000.95233137294, 6090760.498679558], [388025.91252558504, 6090749.576833899], [388045.13091606234, 6090741.192183803], [388056.58904599, 6090738.6793126], [388089.1754532874, 6090784.234236796], [388117.593141984, 6090834.27986599], [388161.3413416853, 6090907.355640833], [388103.94385070994, 6090943.523643178], [388061.3127890089, 6090969.815889417], [387923.4856133516, 6091054.610370597], [387763.522174085, 6091152.510711715], [387658.7708800623, 6091217.069238843], [387596.5100013355, 6091255.971141605], [387586.6972673412, 6091273.696237179], [387591.3209954516, 6091289.700872256], [387598.7834184812, 6091310.321300894], [387605.7871283132, 6091341.006389845], [387612.24112305196, 6091378.38510685], [387612.2287324842, 6091397.04440495], [387605.4012052702, 6091421.129484026], [387579.6594667702, 6091488.796370633], [387560.6879297823, 6091549.480072048], [387560.4340056409, 6091569.481413005], [387586.26576147764, 6091595.80848399], [387597.1597729783, 6091605.37673032], [387609.7151175563, 6091616.306082985], [387575.63508019503, 6091636.555061799], [387536.98542622733, 6091659.524172584], [387516.23714141984, 6091671.846183825], [387434.9918287371, 6091711.104947244], [387240.3530318202, 6091831.884728679], [387128.1871491985, 6091900.495317252], [387009.99551314756, 6091977.44369337], [386918.0837831079, 6092033.046409722]], "width_m": 8.0, "highway": "unclassified"}, {"pts_proj": [[386918.0837831079, 6092033.046409722], [387009.99551314756, 6091977.44369337], [387128.1871491985, 6091900.495317252], [387240.3530318202, 6091831.884728679], [387434.9918287371, 6091711.104947244], [387516.23714141984, 6091671.846183825], [387536.98542622733, 6091659.524172584], [387575.63508019503, 6091636.555061799], [387609.7151175563, 6091616.306082985], [387597.1597729783, 6091605.37673032], [387586.26576147764, 6091595.80848399], [387564.90873600775, 6091575.982131715], [387559.25565092335, 6091562.352435816], [387579.6594667702, 6091488.796370633], [387605.4012052702, 6091421.129484026], [387612.2287324842, 6091397.04440495], [387612.24112305196, 6091378.38510685], [387605.7871283132, 6091341.006389845], [387598.7834184812, 6091310.321300894], [387591.3209954516, 6091289.700872256], [387586.6972673412, 6091273.696237179], [387596.5100013355, 6091255.971141605], [387658.7708800623, 6091217.069238843], [387763.522174085, 6091152.510711715], [387923.4856133516, 6091054.610370597], [388061.3127890089, 6090969.815889417], [388103.94385070994, 6090943.523643178], [388151.6420785185, 6090913.57616895], [388117.593141984, 6090834.27986599], [388089.1754532874, 6090784.234236796], [388062.93209060153, 6090742.506460974], [388052.49210190476, 6090739.093391938], [388025.91252558504, 6090749.576833899], [388008.92157767934, 6090756.837128625], [387995.6367519131, 6090761.889577361], [387974.6535675416, 6090749.399657971], [387961.96629536897, 6090737.604167069], [387938.20893297857, 6090711.55697962], [387928.71322303556, 6090704.146094341], [387916.95778329315, 6090699.64180134], [387903.6222860434, 6090693.9635680355], [387894.6981106151, 6090681.484068067], [387874.0247352434, 6090650.67304534], [387867.70367264544, 6090635.701461186], [387859.435828277, 6090631.533092054], [387823.7282879692, 6090629.866258808], [387805.773402168, 6090626.530551746], [387791.2877658248, 6090611.529703401], [387777.8105715376, 6090585.626685591], [387763.2241524467, 6090555.610003534], [387750.4378615663, 6090524.301372535], [387728.45312094514, 6090466.281315372], [387718.98525308387, 6090450.297722091], [387706.463007909, 6090439.01088734], [387686.0050801491, 6090431.975390628], [387674.19050719665, 6090421.060560822], [387673.85529298376, 6090407.687069283], [387679.5461645985, 6090396.199878182], [387687.2292574378, 6090383.14867446], [387693.43379156943, 6090367.863403382], [387697.14265455166, 6090351.69437674], [387699.23357978987, 6090337.703438402], [387698.71465339616, 6090323.644305941], [387697.49675934314, 6090307.520814893], [387705.422136285, 6090288.529681844], [387711.13326140837, 6090275.53907696], [387716.5497800279, 6090261.019505907], [387724.45527486905, 6090241.739453785], [387729.8169121088, 6090222.467480468], [387727.6527381098, 6090209.240010562], [387712.35061012534, 6090176.803254398], [387698.6187765329, 6090153.845924114]], "width_m": 8.0, "highway": "unclassified"}, {"pts_proj": [[386918.0837831079, 6092033.046409722], [386832.9589623024, 6091966.738812655], [386811.6363408346, 6091951.390626744], [386755.864665326, 6091928.296340055], [386715.815256457, 6091904.2817949895], [386697.259791944, 6091892.749609386], [386684.6318635994, 6091891.677419739], [386675.1510656448, 6091901.814647248], [386684.22708332073, 6091968.606550883], [386683.6664798567, 6092007.976401401], [386667.45459987584, 6092030.06282794], [386652.50848203374, 6092034.827506458], [386598.25139994523, 6092029.298371316], [386521.25200534903, 6092017.911070098], [386494.3990634167, 6092014.1493725255], [386427.3576528305, 6092005.183278905], [386369.565760352, 6091997.464220322], [386314.58312122745, 6091990.142186823], [386260.55406214553, 6091982.540542075], [386197.700869398, 6091973.315628172], [386127.19159214693, 6091963.061574226], [386099.04280827596, 6091958.756238693], [386023.42931118474, 6091944.80377953], [385945.6430948897, 6091927.812870364], [385913.1342184595, 6091921.359671741], [385885.7268708738, 6091913.741340025], [385857.82252990105, 6091907.238026325], [385843.7936227203, 6091904.244453324], [385829.1275666451, 6091903.64967409], [385821.7941372851, 6091914.268439015], [385818.9694931061, 6092014.049612673], [385819.84067763976, 6092062.546006434], [385817.8968787179, 6092079.774130934], [385811.51661185327, 6092083.543958904]], "width_m": 8.0,