{"id": "chunk_5_18", "ix": 5, "iy": 18, "tile_proj_bounds": [384147.2182111981, 6098038.107330536, 385347.2182111981, 6099238.107330536], "roads": [{"pts_proj": [[386064.1571868311, 6097602.333869479], [386075.7385724144, 6097639.279641823], [386079.28462765, 6097655.4105084175], [386089.00903964584, 6097699.5846145125], [386091.8868606524, 6097717.1130468445], [386101.73113896255, 6097777.048886656], [386109.1218768374, 6097822.050686259], [386121.58475713525, 6097889.612963642], [386075.79976336815, 6097901.51210011], [386021.3889823739, 6097914.333044951], [385963.7638855652, 6097927.537262215], [385945.3871546123, 6097933.940170847], [385930.08630826214, 6097944.550995175], [385915.0137635858, 6097968.6162442425], [385897.8011229668, 6097998.5589121925], [385886.22288535745, 6098012.637543921], [385870.6556221836, 6098026.328190385], [385856.6134732164, 6098032.598547047], [385816.12483063055, 6098038.631510481], [385788.4702973074, 6098041.94323097], [385762.3483009465, 6098043.891088429], [385737.883031764, 6098046.331149622], [385706.68096497474, 6098051.259333994], [385652.24198177876, 6098061.625128565], [385599.12347472267, 6098069.085391607], [385576.07199093903, 6098071.26749501], [385560.168263618, 6098069.0248998385], [385546.11043417844, 6098064.419354656], [385523.1318949767, 6098059.7083075205], [385499.30759098177, 6098059.194055753], [385485.1673190796, 6098060.613964958], [385430.1434310159, 6098065.363980824], [385388.3950018857, 6098063.906971729], [385348.9009835342, 6098065.543273872], [385344.37052112864, 6098078.71894295], [385357.3938330963, 6098150.484710435], [385372.54887710535, 6098238.78458443], [385379.3220043649, 6098251.948683753], [385392.15308341035, 6098257.375616607], [385421.8378588696, 6098252.216863907], [385463.4557829604, 6098245.405362374], [385517.17939226684, 6098236.680961991], [385570.6861738183, 6098226.726961951], [385625.02304135845, 6098217.954772759], [385661.4198975133, 6098211.835410092], [385679.6728192807, 6098206.403042376], [385731.0663031513, 6098186.329156141], [385784.0430184136, 6098166.861155559], [385836.52761648706, 6098144.890234444], [385889.54132665077, 6098125.83450869], [385941.0477301118, 6098104.602358436], [385993.55329339247, 6098085.405001147], [386046.2805835513, 6098067.360490207], [386099.59590206464, 6098051.5394294355], [386152.6739492783, 6098036.938592439], [386208.4067323143, 6098024.831475832], [386263.3452834106, 6098016.196596351], [386318.9798096011, 6098006.999167874], [386373.33927704644, 6097997.968450981], [386428.8263782113, 6097988.241755425], [386483.31210168626, 6097978.374187984], [386508.27437218366, 6097972.307298681], [386537.60247415915, 6097965.339269247], [386590.2683694292, 6097951.555773757], [386618.09381184937, 6097944.860204691], [386643.52426432003, 6097938.069680077], [386696.7059013041, 6097924.419115908], [386751.2522619709, 6097911.09088524], [386777.9283173363, 6097903.200791079], [386834.00314725813, 6097890.59193521], [386862.7169577789, 6097883.329897255], [386878.8425640333, 6097881.964336776], [386889.90054188576, 6097878.544945658], [386901.521879966, 6097873.8755398495], [387094.924756131, 6097863.453280663], [387347.98532316624, 6097849.743155098]], "width_m": 8.0, "highway": "unclassified"}, {"pts_proj": [[387347.98532316624, 6097849.743155098], [387094.924756131, 6097863.453280663], [386901.521879966, 6097873.8755398495], [386889.90054188576, 6097878.544945658], [386878.8425640333, 6097881.964336776], [386862.7169577789, 6097883.329897255], [386834.00314725813, 6097890.59193521], [386777.9283173363, 6097903.200791079], [386751.2522619709, 6097911.09088524], [386696.7059013041, 6097924.419115908], [386643.52426432003, 6097938.069680077], [386618.09381184937, 6097944.860204691], [386590.2683694292, 6097951.555773757], [386537.60247415915, 6097965.339269247], [386508.27437218366, 6097972.307298681], [386483.31210168626, 6097978.374187984], [386428.8263782113, 6097988.241755425], [386373.33927704644, 6097997.968450981], [386318.9798096011, 6098006.999167874], [386263.3452834106, 6098016.196596351], [386208.4067323143, 6098024.831475832], [386152.6739492783, 6098036.938592439], [386099.59590206464, 6098051.5394294355], [386046.2805835513, 6098067.360490207], [385993.55329339247, 6098085.405001147], [385941.0477301118, 6098104.602358436], [385889.54132665077, 6098125.83450869], [385836.52761648706, 6098144.890234444], [385784.0430184136, 6098166.861155559], [385731.0663031513, 6098186.329156141], [385679.6728192807, 6098206.403042376], [385661.4198975133, 6098211.835410092], [385625.02304135845, 6098217.954772759], [385570.6861738183, 6098226.726961951], [385517.17939226684, 6098236.680961991], [385463.4557829604, 6098245.405362374], [385421.8378588696, 6098252.216863907], [385392.15308341035, 6098257.375616607], [385379.3220043649, 6098251.948683753], [385372.54887710535, 6098238.78458443], [385357.3938330963, 6098150.484710435], [385344.37052112864, 6098078.71894295], [385345.06248870236, 6098068.035409537], [385380.904565665, 6098063.943171377], [385420.7165487192, 6098065.227080716], [385485.1673190796, 6098060.613964958], [385499.30759098177, 6098059.194055753], [385523.1318949767, 6098059.7083075205], [385546.11043417844, 6098064.419354656], [385560.168263618, 6098069.0248998385], [385576.07199093903, 6098071.26749501], [385599.12347472267, 6098069.085391607], [385652.24198177876, 6098061.625128565], [385706.68096497474, 6098051.259333994], [385737.883031764, 6098046.331149622], [385762.3483009465, 6098043.891088429], [385788.4702973074, 6098041.94323097], [385804.5931580373, 6098040.4959021015], [385844.4232685107, 6098033.978650769], [385870.6556221836, 6098026.328190385], [385886.22288535745, 6098012.637543921], [385897.8011229668, 6097998.5589121925], [385915.0137635858, 6097968.6162442425], [385924.32518456876, 6097951.689745452], [385935.7290560092, 6097939.54173934], [385954.6027970369, 6097930.554311045], [386021.3889823739, 6097914.333044951], [386075.79976336815, 6097901.51210011], [386121.58475713525, 6097889.612963642], [386110.7501858131, 6097831.9735130165], [386101.73113896255, 6097777.048886656], [386091.8868606524, 6097717.1130468445], [386089.00903964584, 6097699.5846145125], [386079.28462765, 6097655.4105084175], [386075.7385724144, 6097639.279641823], [386064.1571868311, 6097602.333869479]], "width_m": 8.0, "highway": "unclassified"}, {"pts_proj": [[385489.6092486313, 6097709.554113463], [385484.0978952752, 6097736.1704361215], [385480.097413629, 6097756.079176839], [385466.7269414768, 6097788.830953998], [385457.75920313905, 6097808.633189724], [385450.829794879, 6097819.843918914], [385439.581243646, 6097837.767436501], [385428.1999671578, 6097862.240812153], [385412.39947361505, 6097880.281076919], [385386.8230851408, 6097902.546659773], [385373.49688253226, 6097919.26556294], [385362.6958959021, 6097949.380007934], [385354.4385515434, 6097985.374473691], [385351.86740475433, 6097999.368281866], [385347.21559612895, 6098017.044943535], [385341.00353273883, 6098035.496437483], [385335.6036922967, 6098053.437237934], [385332.48341122444, 6098066.220476775], [385336.57397651626, 6098079.041404355], [385339.0525292659, 6098093.863162362], [385361.0575603969, 6098215.509922059], [385367.93031612865, 6098263.485553028], [385376.177388754, 6098286.231091459]], "width_m": 8.0,