{"id": "chunk_23_19", "ix": 23, "iy": 19, "tile_proj_bounds": [405747.2182111981, 6099238.107330536, 406947.2182111981, 6100438.107330536], "roads": [{"pts_proj": [[405685.62692336005, 6102436.732862043], [405684.3469058355, 6102415.16439483], [405675.91614274756, 6102399.602320732], [405661.22852225276, 6102374.298678026], [405656.24059203814, 6102348.411564476], [405647.67816883017, 6102283.104709291], [405641.11061260017, 6102198.219549199], [405639.7361247426, 6102091.183841503], [405646.06780034536, 6102051.243018883], [405657.77009554685, 6102012.947511027], [405704.44885465264, 6101908.547727916], [405729.08235120424, 6101855.252079946], [405736.81416032, 6101841.0072155455], [405760.59378652903, 6101807.466290599], [405782.10398529534, 6101777.502146969], [405939.8600838161, 6101546.810992871], [406033.3975484288, 6101410.9162443755], [406082.485060695, 6101331.8727354705], [406143.0944707395, 6101240.520906593], [406336.8183683896, 6100958.173196842], [406548.2045680818, 6100648.125907376], [406710.4368780552, 6100401.085675652], [406873.9373985099, 6100171.067988577], [406885.8391628141, 6100156.59370608], [406915.32546923833, 6100115.348872429], [407010.03895175655, 6099951.645585372], [407023.7119258117, 6099927.617351238], [407042.82260644296, 6099893.312890897], [407065.9876243076, 6099848.293538149], [407175.20179800096, 6099636.070683911], [407216.30134456384, 6099556.795198902], [407288.63870249287, 6099380.951395396], [407300.590778555, 6099351.783680316], [407312.1232734908, 6099323.64880826], [407333.269001141, 6099271.003327367], [407357.3319973964, 6099216.560959374], [407379.2422854116, 6099164.656827772], [407402.0839755619, 6099111.698290139], [407424.2611530567, 6099060.278675479], [407446.0299972404, 6099009.802695663], [407469.5389289999, 6098955.32799043]], "width_m": 8.0, "highway": "unclassified"}, {"pts_proj": [[407469.5389289999, 6098955.32799043], [407446.0299972404, 6099009.802695663], [407424.2611530567, 6099060.278675479], [407402.0839755619, 6099111.698290139], [407379.2422854116, 6099164.656827772], [407357.3319973964, 6099216.560959374], [407333.269001141, 6099271.003327367], [407313.7502786544, 6099319.785810251], [407300.590778555, 6099351.783680316], [407288.63870249287, 6099380.951395396], [407216.30134456384, 6099556.795198902], [407175.20179800096, 6099636.070683911], [407065.9876243076, 6099848.293538149], [407042.82260644296, 6099893.312890897], [407023.7119258117, 6099927.617351238], [407010.03895175655, 6099951.645585372], [406915.32546923833, 6100115.348872429], [406890.55997865903, 6100150.606692221], [406873.9373985099, 6100171.067988577], [406710.4368780552, 6100401.085675652], [406548.2045680818, 6100648.125907376], [406336.8183683896, 6100958.173196842], [406143.0944707395, 6101240.520906593], [406082.485060695, 6101331.8727354705], [406033.3975484288, 6101410.9162443755], [405939.8600838161, 6101546.810992871], [405782.10398529534, 6101777.502146969], [405760.59378652903, 6101807.466290599], [405744.7478174744, 6101829.964032382], [405729.08235120424, 6101855.252079946], [405704.44885465264, 6101908.547727916], [405657.77009554685, 6102012.947511027], [405646.7276081254, 6102047.088077791], [405639.7361247426, 6102091.183841503], [405641.11061260017, 6102198.219549199], [405647.67816883017, 6102283.104709291], [405656.24059203814, 6102348.411564476], [405661.22852225276, 6102374.298678026], [405668.3616220114, 6102388.619137836], [405684.3469058355, 6102415.16439483], [405685.62692336005, 6102436.732862043]], "width_m": 8.0, "highway": "unclassified"}], "buildings": []}