{"id": "chunk_0_11", "ix": 0, "iy": 11, "tile_proj_bounds": [378147.2182111981, 6089638.107330536, 379347.2182111981, 6090838.107330536], "roads": [{"pts_proj": [[378702.6608908303, 6090617.938094716], [378738.19241327967, 6090625.349118909], [378769.80780666583, 6090628.958372179], [378841.4651801806, 6090626.675175022], [379012.7213437951, 6090607.384730776], [379036.273487427, 6090598.376233364], [379072.84692963574, 6090579.586078039], [379103.756965009, 6090571.069691457], [380188.31782399426, 6090451.479044452], [380465.77663642645, 6090420.666451114], [380507.9209428893, 6090412.2610567035], [380597.1825776554, 6090386.768289333], [380648.232032942, 6090373.896171737], [380682.4435475048, 6090361.183448129], [380741.5752166953, 6090335.794514761], [380822.3790381429, 6090313.170105126], [380936.0720000331, 6090279.608442854], [380988.42610694224, 6090272.3503876375], [381069.5171478033, 6090261.4354965575], [381151.9333091054, 6090253.593231127]], "width_m": 8.0, "highway": "unclassified"}, {"pts_proj": [[381151.9333091054, 6090253.593231127], [381069.5171478033, 6090261.4354965575], [380988.42610694224, 6090272.3503876375], [380936.0720000331, 6090279.608442854], [380822.3790381429, 6090313.170105126], [380741.5752166953, 6090335.794514761], [380682.4435475048, 6090361.183448129], [380648.232032942, 6090373.896171737], [380597.1825776554, 6090386.768289333], [380507.9209428893, 6090412.2610567035], [380465.77663642645, 6090420.666451114], [380188.31782399426, 6090451.479044452], [379103.756965009, 6090571.069691457], [379072.84692963574, 6090579.586078039], [379036.273487427, 6090598.376233364], [379012.7213437951, 6090607.384730776], [378841.4651801806, 6090626.675175022], [378769.80780666583, 6090628.958372179], [378738.19241327967, 6090625.349118909], [378702.6608908303, 6090617.938094716]], "width_m": 8.0, "highway": "unclassified"}], "buildings": []}