{"id": "chunk_19_20", "ix": 19, "iy": 20, "tile_proj_bounds": [400947.2182111981, 6100438.107330536, 402147.2182111981, 6101638.107330536], "roads": [{"pts_proj": [[400793.63727466343, 6100478.812611283], [400795.1462420421, 6100566.88939577], [400799.5381452816, 6100578.124283756], [400816.54846357694, 6100578.982138156], [400839.6892660293, 6100578.980351996], [400870.0461787236, 6100581.813032094], [400898.8760545458, 6100585.258668913], [400923.65523353475, 6100588.226616312], [400954.01699997456, 6100591.861263132], [400976.4902656585, 6100594.624604457], [401006.0535161559, 6100598.288439355], [401029.26520019816, 6100601.492090055], [401050.5546315298, 6100604.493544662], [401059.56928356166, 6100605.418159626], [401075.9459672838, 6100603.652739306], [401102.1797879897, 6100599.865694744], [401095.420265482, 6100490.342510895], [401083.348775794, 6100404.804082261], [401079.50573849, 6100377.626830545], [401067.9122203682, 6100295.506521816], [401059.15378846886, 6100233.4501645155], [401057.60748432216, 6100222.519359324]], "width_m": 7.0, "highway": "residential"}, {"pts_proj": [[401057.60748432216, 6100222.519359324], [401067.9122203682, 6100295.506521816], [401079.50573849, 6100377.626830545], [401083.348775794, 6100404.804082261], [401095.420265482, 6100490.342510895], [401110.7121656374, 6100598.641476555], [401075.9459672838, 6100603.652739306], [401059.56928356166, 6100605.418159626], [401029.26520019816, 6100601.492090055], [401013.84563668224, 6100599.4293066505], [400976.4902656585, 6100594.624604457], [400954.01699997456, 6100591.861263132], [400931.99564558384, 6100589.299518336], [400898.8760545458, 6100585.258668913], [400870.0461787236, 6100581.813032094], [400847.0734084529, 6100579.016783222], [400816.54846357694, 6100578.982138156], [400804.6008422296, 6100578.980322556], [400795.7950932648, 6100573.364977769], [400793.84574235335, 6100491.075516751], [400793.63727466343, 6100478.812611283]], "width_m": 7.0, "highway": "residential"}], "buildings": [{"min_proj": [401059.7043666115, 6100415.28528185], "max_proj": [401079.45967477496, 6100469.651127296], "obb": {"c": [401069.57894458226, 6100442.468191253], "s": [53.14681206188252, 12.447212702301515], "yaw": -1.7111896287234445}, "height_m": 30.0}, {"min_proj": [401071.6529100265, 6100482.271920748], "max_proj": [401078.66224878153, 6100489.0581735615], "obb": {"c": [401075.15716397844, 6100485.664602528], "s": [6.236326632145591, 5.974294424347514], "yaw": -0.1402034260072118}, "height_m": 3.0}, {"min_proj": [401072.2141628081, 6100503.864017878], "max_proj": [401092.74956493854, 6100563.734065127], "obb": {"c": [401082.4833792493, 6100533.794199409], "s": [58.716638887426974, 12.445910245590998], "yaw": 1.430428833652555}, "height_m": 30.0}, {"min_proj": [400930.8830667828, 6100548.672988811], "max_proj": [401003.285173538, 6100562.501538072], "obb": {"c": [400967.08418524486, 6100555.587880992], "s": [72.17187534817201, 12.410363126703322], "yaw": 3.1218914428877604}, "height_m": 27.0}, {"min_proj": [400986.0242340162, 6100610.007649443], "max_proj": [400999.7079232975, 6100652.632626714], "obb": {"c": [400992.86621092126, 6100631.318744983], "s": [42.32496826233118, 12.628370885666238], "yaw": 1.5457602924696292}, "height_m": 30.0}, {"min_proj": [401086.9455036614, 6100615.069729333], "max_proj": [401105.2932223997, 6100658.523877386], "obb": {"c": [401096.1194216895, 6100636.796862259], "s": [42.11693309472468, 12.451034254683263], "yaw": -1.714336184109731}, "height_m": 30.0}, {"min_proj": [401036.62781945337, 6100616.689867993], "max_proj": [401050.304622201, 6100659.303299909], "obb": {"c": [401043.46946474526, 6100637.996452089], "s": [42.31841670528636, 12.622008279526925], "yaw": 1.545620467048442}, "height_m": 30.0}]}