{"id": "chunk_4_15", "ix": 4, "iy": 15, "tile_proj_bounds": [382947.2182111981, 6094438.107330536, 384147.2182111981, 6095638.107330536], "roads": [{"pts_proj": [[382623.34519318864, 6094689.684501624], [382674.6094106313, 6094661.096285559], [382698.6318984803, 6094654.755004163], [382716.730691261, 6094640.786734303], [382724.4596900962, 6094628.125709343], [382730.07550382556, 6094614.2285814965], [382742.46450815024, 6094601.278474352], [382776.95129189343, 6094576.927683498], [382838.95911253756, 6094521.595565975], [382853.61451929295, 6094514.977118258], [382867.90837953077, 6094514.602974201], [382882.5667795326, 6094518.372151392], [382907.7938291978, 6094538.208891657], [382928.89863681427, 6094539.73871108], [382949.4467326081, 6094519.739775221], [383011.68281436106, 6094442.415454481], [383031.4563858198, 6094417.2489477], [383049.2803276606, 6094399.058544344], [383064.1179498179, 6094389.585867759], [383078.4576520134, 6094384.089788819]], "width_m": 7.0, "highway": "residential"}, {"pts_proj": [[383078.4576520134, 6094384.089788819], [383064.1179498179, 6094389.585867759], [383049.2803276606, 6094399.058544344], [383031.4563858198, 6094417.2489477], [383011.68281436106, 6094442.415454481], [382949.4467326081, 6094519.739775221], [382937.82063769276, 6094532.758388281], [382918.8382639607, 6094542.852092375], [382894.1901043274, 6094525.070985276], [382867.90837953077, 6094514.602974201], [382853.61451929295, 6094514.977118258], [382838.95911253756, 6094521.595565975], [382776.95129189343, 6094576.927683498], [382742.46450815024, 6094601.278474352], [382730.07550382556, 6094614.2285814965], [382724.4596900962, 6094628.125709343], [382716.730691261, 6094640.786734303], [382698.6318984803, 6094654.755004163], [382674.6094106313, 6094661.096285559], [382623.34519318864, 6094689.684501624]], "width_m": 7.0, "highway": "residential"}, {"pts_proj": [[384656.6287545515, 6095501.745476946], [384616.8589105956, 6095459.072398225], [384586.64083749277, 6095424.659149811], [384504.85110876977, 6095337.836143026], [384482.3565773315, 6095313.288774785], [384444.8960608505, 6095272.416764843], [384421.98234616057, 6095246.28842473], [384336.6578553523, 6095157.444228149], [384318.5497096111, 6095137.471403805], [384284.9356178426, 6095100.386751489], [384251.0052904681, 6095063.9673857], [384226.570735072, 6095039.515928011], [384207.79453488905, 6095020.729814581], [384146.7366556102, 6094954.585597997], [384115.1594146843, 6094920.3663495295], [384104.15644140216, 6094908.582669118], [384042.56188706466, 6094842.598402204], [383982.89523892733, 6094778.691424554], [383971.47542670614, 6094766.907719867], [383952.89168423257, 6094747.727937181], [383650.6675588155, 6094435.8110589925], [383634.5220524431, 6094419.152080797]], "width_m": 7.0, "highway": "residential"}, {"pts_proj": [[383634.5220524431, 6094419.152080797], [383650.6675588155, 6094435.8110589925], [383952.89168423257, 6094747.727937181], [383971.47542670614, 6094766.907719867], [383982.89523892733, 6094778.691424554], [384042.56188706466, 6094842.598402204], [384098.2170911532, 6094902.2234417265], [384115.1594146843, 6094920.3663495295], [384146.7366556102, 6094954.585597997], [384207.79453488905, 6095020.729814581], [384226.570735072, 6095039.515928011], [384251.0052904681, 6095063.9673857], [384284.9356178426, 6095100.386751489], [384318.5497096111, 6095137.471403805], [384336.6578553523, 6095157.444228149], [384421.98234616057, 6095246.28842473], [384444.8960608505, 6095272.416764843], [384482.3565773315, 6095313.288774785], [384504.85110876977, 6095337.836143026], [384586.64083749277, 6095424.659149811], [384609.35403838154, 6095451.027241654], [384656.6287545515, 6095501.745476946]], "width_m": 7.0, "highway": "residential"}, {"pts_proj": [[384047.7366989101, 6095495.296677267], [383946.12635556224, 6095591.37464035]], "width_m": 8.0, "highway": "unclassified"}, {"pts_proj": [[383946.12635556224, 6095591.37464035], [384047.7366989101, 6095495.296677267]], "width_m": 8.0, "highway": "unclassified"}, {"pts_proj": [[383946.12635556224, 6095591.37464035], [384081.45782976924, 6095742.064351998], [384147.6566344971, 6095813.54077254]], "width_m": 8.0, "highway": "unclassified"}, {"pts_proj": [[384147.6566344971, 6095813.54077254], [384081.45782976924, 6095742.064351998], [383946.12635556224, 6095591.37464035]], "width_m": 8.0, "highway": "unclassified"}, {"pts_proj": [[383863.7363147711, 6096580.029008289], [383780.1654616063, 6096482.109818198], [383697.03580409166, 6096388.99026696], [383652.5856247826, 6096339.199430578], [383551.10491702205, 6096224.5822417615], [383528.95385114965, 6096203.938519573], [383444.58895169373, 6096117.847320227], [383432.764492663, 6096104.962230516], [383423.734034292, 6096089.755375067], [383427.3874842098, 6096074.975028486], [383806.0850801165, 6095721.552996508], [383946.12635556224, 6095591.37464035]], "width_m": 8.0, "highway": "unclassified"}, {"pts_proj": [[383946.12635556224, 6095591.37464035], [383806.0850801165, 6095721.552996508], [383427.3874842098, 6096074.975028486], [383423.734034292, 6096089.755375067], [383432.764492663, 6096104.962230516], [383444.58895169373, 6096117.847320227], [383528.95385114965, 6096203.938519573], [383551.10491702205, 6096224.5822417615], [383652.5856247826, 6096339.199430578], [383697.03580409166, 6096388.99026696], [383780.1654616063, 6096482.109818198], [383863.7363147711, 6096580.029008289]], "width_m": 8.0, "highway": "unclassified"}], "buildings": [{"min_proj": [383506.50180087157, 6094531.540049376], "max_proj": [383535.653384002, 6094560.117287166], "obb": {"c": [383521.1558871825, 6094545.867065266], "s": [28.545369139612863, 12.491442134977602], "yaw": -0.7546676249296658}, "height_m": 3.0}, {"min_proj": [383042.4878534054, 6094461.901638214], "max_proj": [383062.9109177488, 6094479.792816163], "obb": {"c": [383052.69971052534, 6094470.847082358], "s": [17.717775303095948, 10.171462554978842], "yaw": -0.5483486333444779}, "height_m": 3.0}, {"min_proj": [383016.9673101149, 6094474.968003131], "max_proj": [383035.3498064941, 6094493.309103114], "obb": {"c": [383026.1582093452, 6094484.144581338], "s": [13.380460259011475, 13.355684192967525], "yaw": 2.5930459446871734}, "height_m": 3.0}, {"min_proj": [383362.09672417777, 6094394.483137443], "max_proj": [383596.7193869948, 6094613.344945577], "obb": {"c": [383479.4073067093, 6094499.737093062], "s": [263.8361547086951, 62.97413304277743], "yaw": -0.759985328054626}, "height_m": 3.0}, {"min_proj": [383899.17272612057, 6094790.7809184315], "max_proj": [383975.1973671294, 6094864.475491277], "obb": {"c": [383941.3646485816, 6094832.183067998], "s": [71.23650117466732, 47.17270271144358], "yaw": 2.3992987218250446}, "height_m": 3.0}, {"min_proj": [383992.50096658216, 6094845.765627554], "max_proj": [384033.35549829947, 6094887.73888107], "obb": {"c": [384012.92827654874, 6094866.752720354], "s": [46.13862308713608, 12.471712661589024], "yaw": -2.3319473157406403}, "height_m": 3.0}, {"min_proj": [383938.58622489905, 6094860.0973518565], "max_proj": [383998.8616644805, 6094917.772745517], "obb": {"c": [383968.7236201114, 6094888.929888388], "s": [62.61058102921706, 20.916980332646226], "yaw": -0.7423813392665117}, "height_m": 3.0}, {"min_proj": [383825.1066007356, 6094870.417952272], "max_proj": [383877.9441040013, 6094920.346876683], "obb": {"c": [383851.52542060654, 6094895.382377132], "s": [59.91349107816871, 12.850096415887224], "yaw": 2.399291583248764}, "height_m": 3.0}, {"min_proj": [384033.6238182321, 6094891.458362164], "max_proj": [384048.1616532848, 6094906.283925202], "obb": {"c": [384040.89249987394, 6094898.871998647], "s": [13.084888553436656, 7.711337193425099], "yaw": -2.3152240098737535}, "height_m": 3.0}, {"min_proj": [383974.1132175504, 6094992.758890336], "max_proj": [383989.6440945732, 6095003.256896864], "obb": {"c": [383981.8785939475, 6094998.007882141], "s": [15.485805073093966, 10.430869537037768],