{"id": "chunk_4_28", "ix": 4, "iy": 28, "tile_proj_bounds": [382947.2182111981, 6110038.107330536, 384147.2182111981, 6111238.107330536], "roads": [{"pts_proj": [[384289.82064749376, 6110967.50602252], [384277.31584506284, 6110937.012970192], [384240.44081864436, 6110847.098354805], [384209.54014107713, 6110776.980232415], [384168.7300564707, 6110684.997420032], [384116.3716566112, 6110562.152222323], [384077.06660617236, 6110470.041883141], [384041.97693708463, 6110384.290740614], [383995.2457238581, 6110275.651585897], [383978.1897023286, 6110234.934602955], [383948.1698340481, 6110152.893110402], [383935.6820632643, 6110117.100771971], [383908.2556166515, 6110038.165014097], [383882.19204725546, 6109954.027791823], [383873.5073367969, 6109919.015979553], [383859.6643542084, 6109851.372100326], [383851.9916530544, 6109814.563657005], [383840.5944712573, 6109749.216379031], [383819.9710002151, 6109608.088593922], [383813.3772822984, 6109547.848906679]], "width_m": 7.0, "highway": "residential"}, {"pts_proj": [[383813.3772822984, 6109547.848906679], [383819.9710002151, 6109608.088593922], [383840.5944712573, 6109749.216379031], [383851.9916530544, 6109814.563657005], [383859.6643542084, 6109851.372100326], [383873.5073367969, 6109919.015979553], [383882.19204725546, 6109954.027791823], [383908.2556166515, 6110038.165014097], [383935.6820632643, 6110117.100771971], [383947.11890735256, 6110150.025731109], [383978.1897023286, 6110234.934602955], [383995.2457238581, 6110275.651585897], [384041.97693708463, 6110384.290740614], [384077.06660617236, 6110470.041883141], [384116.3716566112, 6110562.152222323], [384168.7300564707, 6110684.997420032], [384209.54014107713, 6110776.980232415], [384240.44081864436, 6110847.098354805], [384277.31584506284, 6110937.012970192], [384289.82064749376, 6110967.50602252]], "width_m": 7.0, "highway": "residential"}], "buildings": [{"min_proj": [383975.81179151096, 6110303.188877238], "max_proj": [383989.8806728088, 6110315.68552308], "obb": {"c": [383982.84645323624, 6110309.442646798], "s": [11.709810533083198, 7.942944388506376], "yaw": 2.6520492011672343}, "height_m": 3.0}]}